"Time","air purifier","air filter","n95"
"2016-01-01",0,7,0
"2016-02-01",2,9,0
"2016-03-01",0,12,0
"2016-04-01",3,11,0
"2016-05-01",0,9,0
"2016-06-01",0,11,0
"2016-07-01",0,14,0
"2016-08-01",0,11,0
"2016-09-01",0,12,0
"2016-10-01",0,11,0
"2016-11-01",0,9,0
"2016-12-01",0,6,0
"2017-01-01",0,8,0
"2017-02-01",0,7,0
"2017-03-01",2,10,0
"2017-04-01",0,12,0
"2017-05-01",0,9,0
"2017-06-01",2,11,0
"2017-07-01",0,18,0
"2017-08-01",0,14,0
"2017-09-01",3,12,0
"2017-10-01",0,10,0
"2017-11-01",0,11,0
"2017-12-01",0,8,0
"2018-01-01",3,10,0
"2018-02-01",2,8,0
"2018-03-01",2,16,0
"2018-04-01",0,14,0
"2018-05-01",2,13,0
"2018-06-01",0,19,0
"2018-07-01",2,21,0
"2018-08-01",2,19,0
"2018-09-01",2,16,0
"2018-10-01",3,11,0
"2018-11-01",2,9,0
"2018-12-01",3,11,0
"2019-01-01",4,11,0
"2019-02-01",2,12,0
"2019-03-01",4,13,0
"2019-04-01",3,15,0
"2019-05-01",3,17,0
"2019-06-01",3,17,0
"2019-07-01",2,18,0
"2019-08-01",2,20,0
"2019-09-01",3,14,0
"2019-10-01",2,10,0
"2019-11-01",2,10,0
"2019-12-01",2,9,0
"2020-01-01",3,9,2
"2020-02-01",3,9,25
"2020-03-01",6,15,59
"2020-04-01",6,17,100
"2020-05-01",5,17,19
"2020-06-01",5,22,20
"2020-07-01",11,21,36
"2020-08-01",6,16,16
"2020-09-01",6,15,7
"2020-10-01",6,13,6
"2020-11-01",6,12,8
"2020-12-01",7,10,6
"2021-01-01",5,10,9
"2021-02-01",4,10,7
"2021-03-01",6,16,5
"2021-04-01",5,15,3
"2021-05-01",5,14,3
"2021-06-01",4,16,3
"2021-07-01",6,18,6
"2021-08-01",9,23,14
"2021-09-01",8,19,6
"2021-10-01",8,16,4
"2021-11-01",8,14,2
"2021-12-01",5,12,5
"2022-01-01",8,12,36
"2022-02-01",7,12,9
"2022-03-01",5,18,2
"2022-04-01",5,17,2
"2022-05-01",5,19,2
"2022-06-01",6,20,2
"2022-07-01",6,23,3
"2022-08-01",5,19,2
"2022-09-01",7,18,0
"2022-10-01",5,15,0
"2022-11-01",6,11,0
"2022-12-01",6,13,0
"2023-01-01",5,14,1
"2023-02-01",5,15,0
"2023-03-01",5,17,0
"2023-04-01",6,18,0
"2023-05-01",6,18,1
"2023-06-01",7,26,0
"2023-07-01",6,25,0
"2023-08-01",5,23,1
"2023-09-01",5,20,3
"2023-10-01",5,16,0
"2023-11-01",7,12,0
"2023-12-01",6,14,0
"2024-01-01",6,13,0
"2024-02-01",9,15,0
"2024-03-01",8,18,2
"2024-04-01",6,20,0
"2024-05-01",8,23,0
"2024-06-01",6,22,0
"2024-07-01",6,24,0
"2024-08-01",7,23,0
"2024-09-01",5,22,2
"2024-10-01",6,21,2
"2024-11-01",8,18,0
"2024-12-01",8,19,0
"2025-01-01",6,20,2
"2025-02-01",7,18,0
"2025-03-01",7,23,0
"2025-04-01",7,25,0
"2025-05-01",7,24,0
"2025-06-01",8,28,2
"2025-07-01",9,28,2
"2025-08-01",6,23,2
"2025-09-01",7,22,0
"2025-10-01",7,19,0
"2025-11-01",7,18,0
"2025-12-01",8,18,0
"2026-01-01",9,19,0
"2026-02-01",7,23,0
"2026-03-01",12,27,2
"2026-04-01",22,36,0
"2026-05-01",17,31,0
"2026-06-01",13,36,2
"2026-07-01",9,30,3
"2026-08-01",6,28,0
"2026-09-01",8,29,1