city,code,hours
bakersfield,HZ,5213
bakersfield,BR,965
bakersfield,-RA,870
bakersfield,FU,590
bakersfield,RA,166
bakersfield,FG,159
bakersfield,+RA,46
bakersfield,VCTS,31
bakersfield,BLDU,18
bakersfield,-TSRA,6
bakersfield,+TSRA,3
bakersfield,TS,2
boston,BR,3626
boston,-RA,2883
boston,RA,646
boston,-SN,629
boston,-DZ,293
boston,+RA,286
boston,FG,239
boston,HZ,119
boston,FZFG,108
boston,SN,94
boston,-TSRA,89
boston,-RASN,65
boston,TS,61
boston,BCFG,59
boston,+SN,56
boston,VCTS,55
boston,+TSRA,47
boston,TSRA,36
boston,-SNRA,32
boston,BLSN,31
boston,-FZRA,27
boston,-PLRA,16
boston,-SNPL,16
boston,-RAPL,14
boston,-FZDZ,11
boston,-FZRAPL,10
boston,-SNGS,6
boston,-PLSN,6
boston,-PL,5
boston,UP,4
boston,RASN,4
boston,PL,4
boston,FU,3
boston,-FZRASN,3
boston,FZRA,3
boston,-FZDZSN,3
boston,SNGSRA,2
boston,-RABR,2
boston,-FZRASNPL,2
boston,+TSGRRA,2
boston,-SNPLRA,2
boston,PLRA,2
boston,-RAGR,2
boston,MIFG,1
boston,RABR,1
boston,GSRA,1
boston,FZRAPL,1
boston,-FZRAPLSN,1
boston,-PLSNRA,1
boston,SQ,1
boston,-PLUP,1
boston,+PL,1
boston,+GRRA,1
boston,-GSRA,1
boston,-RASNPL,1
boston,-SNBR,1
boston,-DZSN,1
brownsville,-RA,1631
brownsville,BR,1432
brownsville,HZ,572
brownsville,VCTS,523
brownsville,RA,269
brownsville,+RA,195
brownsville,TS,165
brownsville,-TSRA,137
brownsville,+TSRA,108
brownsville,FG,103
brownsville,TSRA,80
brownsville,-SN,9
brownsville,FU,4
brownsville,-DZ,3
brownsville,UP,3
brownsville,SQ,2
brownsville,DZ,2
brownsville,+TS,1
brownsville,MIFG,1
detroit,BR,5919
detroit,-RA,4567
detroit,-SN,3042
detroit,HZ,2237
detroit,RA,763
detroit,FG,434
detroit,VCTS,277
detroit,SN,276
detroit,-TSRA,248
detroit,-DZ,247
detroit,+RA,243
detroit,FZFG,171
detroit,TS,162
detroit,+TSRA,145
detroit,TSRA,138
detroit,BLSN,107
detroit,UP,93
detroit,+SN,84
detroit,-FZRA,82
detroit,-RASN,75
detroit,-FZDZ,36
detroit,FU,26
detroit,MIFG,25
detroit,FZRA,20
detroit,-SNRA,19
detroit,-SNPL,16
detroit,SQ,14
detroit,-RAPL,11
detroit,-FZRASN,11
detroit,-FZRAPL,10
detroit,-FZDZSN,10
detroit,-PL,8
detroit,-PLSN,8
detroit,-PLRA,6
detroit,PL,6
detroit,FZRASN,6
detroit,-DZSN,5
detroit,GS,5
detroit,+DZ,4
detroit,DZ,3
detroit,-FZDZPL,3
detroit,BCFG,3
detroit,PLRA,2
detroit,TSRAGR,2
detroit,+TSGRRA,2
detroit,-TSRAGR,2
detroit,RASN,2
detroit,FZDZSN,1
detroit,TSRAGS,1
detroit,TSGSRA,1
detroit,GSRA,1
detroit,-TSGSRA,1
detroit,FZRAPL,1
detroit,GR,1
detroit,-SNGR,1
detroit,-RAGS,1
detroit,-SNDZ,1
detroit,+PL,1
detroit,-FZRASNPL,1
detroit,-RAGR,1
detroit,+TSRAGR,1
detroit,-SNGS,1
detroit,RAPL,1
detroit,-RAPLSN,1
detroit,-RASNPL,1
eugene,-RA,3812
eugene,BR,3162
eugene,FG,676
eugene,RA,353
eugene,FU,312
eugene,HZ,249
eugene,BCFG,155
eugene,FZFG,83
eugene,-DZ,64
eugene,-SN,59
eugene,+RA,49
eugene,-RASN,40
eugene,-FZRA,38
eugene,-TSRA,21
eugene,TS,20
eugene,MIFG,13
eugene,FZRA,8
eugene,SN,8
eugene,-SNRA,8
eugene,-FZRAPL,6
eugene,VCTS,6
eugene,-PL,4
eugene,TSRA,4
eugene,+TSRA,3
eugene,GR,3
eugene,-RAGR,3
eugene,RASN,3
eugene,-RAGS,2
eugene,RAGS,1
eugene,-GSRA,1
eugene,UP,1
eugene,+SN,1
eugene,-GRRA,1
eugene,GRRA,1
eugene,RAGR,1
eugene,-FZRASN,1
eugene,TSGSRA,1
eugene,FC,1
fairbanks,-SN,4244
fairbanks,BR,4146
fairbanks,-RA,2096
fairbanks,FU,478
fairbanks,FZFG,223
fairbanks,BCFG,153
fairbanks,VCFG,140
fairbanks,-DZ,78
fairbanks,FG,68
fairbanks,RA,66
fairbanks,SN,64
fairbanks,TS,48
fairbanks,-TSRA,39
fairbanks,BLSN,37
fairbanks,-FZDZSN,37
fairbanks,-RASN,33
fairbanks,-SNRA,22
fairbanks,-FZRASN,18
fairbanks,-FZDZ,15
fairbanks,-FZRA,14
fairbanks,HZ,11
fairbanks,+RA,10
fairbanks,TSRA,8
fairbanks,MIFG,8
fairbanks,-SNPL,4
fairbanks,FZRA,3
fairbanks,FZDZ,3
fairbanks,RAGS,2
fairbanks,+TSRA,2
fairbanks,VCTS,2
fairbanks,-FZRAPL,1
fairbanks,+SN,1
fairbanks,-RAGS,1
fairbanks,-TSRAGS,1
fairbanks,-DZSN,1
fairbanks,-RAPL,1
fairbanks,DZ,1
fresno,HZ,3867
fresno,BR,1509
fresno,-RA,969
fresno,FU,830
fresno,FG,309
fresno,RA,180
fresno,+RA,32
fresno,VCTS,21
fresno,-TSRA,16
fresno,TSRA,10
fresno,BLDU,10
fresno,TS,10
fresno,+TSRA,7
fresno,DU,2
fresno,-,2
fresno,BCFG,1
fresno,+TSGSRA,1
fresno,+TSGRRA,1
fresno,-GRRA,1
fresno,+GRRA,1
fresno,+SS,1
losangeles,HZ,2172
losangeles,BR,1842
losangeles,-RA,816
losangeles,BCFG,358
losangeles,RA,233
losangeles,FG,164
losangeles,+RA,112
losangeles,FU,53
losangeles,VCFG,32
losangeles,-DZ,27
losangeles,MIFG,18
losangeles,VCTS,15
losangeles,TS,13
losangeles,-TSRA,6
losangeles,DZ,5
losangeles,TSRA,5
losangeles,PRFG,2
losangeles,+TSRA,2
losangeles,DU,1
losangeles,SQ,1
pittsburgh,BR,6357
pittsburgh,-RA,5918
pittsburgh,-SN,3448
pittsburgh,HZ,1030
pittsburgh,RA,761
pittsburgh,-DZ,579
pittsburgh,FG,537
pittsburgh,VCTS,484
pittsburgh,-TSRA,443
pittsburgh,TS,324
pittsburgh,SN,284
pittsburgh,+RA,239
pittsburgh,+TSRA,167
pittsburgh,TSRA,164
pittsburgh,FZFG,157
pittsburgh,FU,77
pittsburgh,-RASN,74
pittsburgh,BLSN,67
pittsburgh,UP,63
pittsburgh,+SN,62
pittsburgh,-FZRA,47
pittsburgh,-SNRA,35
pittsburgh,BCFG,18
pittsburgh,MIFG,12
pittsburgh,SQ,11
pittsburgh,-FZRASN,10
pittsburgh,-FZDZ,7
pittsburgh,-SNPL,7
pittsburgh,FZRA,6
pittsburgh,-FZDZSN,6
pittsburgh,-PL,5
pittsburgh,PL,4
pittsburgh,-FZRAPL,4
pittsburgh,-RAPL,4
pittsburgh,-RAGS,3
pittsburgh,-RASNPL,3
pittsburgh,+TSRAGR,3
pittsburgh,-SNDZ,2
pittsburgh,-FZRASNPL,2
pittsburgh,-DZSN,2
pittsburgh,DZ,2
pittsburgh,-GRRA,1
pittsburgh,SNPL,1
pittsburgh,RAGR,1
pittsburgh,RAGS,1
pittsburgh,+TSRAGS,1
pittsburgh,FZDZ,1
pittsburgh,-SNGS,1
pittsburgh,SNGS,1
pittsburgh,-TSRAGR,1
sanfrancisco,-RA,1323
sanfrancisco,BR,941
sanfrancisco,HZ,447
sanfrancisco,RA,274
sanfrancisco,FU,157
sanfrancisco,FG,67
sanfrancisco,+RA,62
sanfrancisco,VCTS,12
sanfrancisco,+TSRA,6
sanfrancisco,SQ,5
sanfrancisco,-DZ,5
sanfrancisco,DZ,3
sanfrancisco,BCFG,3
sanfrancisco,VCFG,3
sanfrancisco,TSRA,3
sanfrancisco,TS,3
sanfrancisco,-TSRA,2
sanfrancisco,-RABR,1
sanfrancisco,RAGS,1
