state,state_fips,year,hospitalizations,suppressed
Alaska,02,2003,1,0
Alaska,02,2004,2,0
Alaska,02,2006,2,0
Alaska,02,2010,1,0
Alaska,02,2011,18,0
Arizona,04,2005,324,0
Arizona,04,2006,336,0
Arizona,04,2007,312,0
Arizona,04,2008,297,0
Arizona,04,2009,378,0
Arizona,04,2010,453,0
Arizona,04,2011,492,0
Arizona,04,2012,464,0
Arizona,04,2013,462,0
Arizona,04,2014,407,0
Arizona,04,2015,488,0
Arizona,04,2016,527,0
Arizona,04,2017,653,0
Arizona,04,2018,664,0
Arizona,04,2019,638,0
Arizona,04,2020,802,0
Arizona,04,2021,805,0
Arizona,04,2022,976,0
Arizona,04,2023,1150,0
California,06,2000,625,0
California,06,2001,356,0
California,06,2002,400,0
California,06,2003,518,0
California,06,2004,355,0
California,06,2005,495,0
California,06,2006,1100,0
California,06,2007,571,0
California,06,2008,571,0
California,06,2009,516,0
California,06,2010,503,0
California,06,2011,416,0
California,06,2012,578,0
California,06,2013,570,0
California,06,2014,587,0
California,06,2015,598,0
California,06,2016,756,0
California,06,2017,1303,0
California,06,2018,1127,0
California,06,2019,796,0
California,06,2020,1001,0
California,06,2021,930,0
Colorado,08,2004,28,0
Colorado,08,2005,49,0
Colorado,08,2006,28,0
Colorado,08,2007,26,0
Colorado,08,2008,21,0
Colorado,08,2009,14,0
Colorado,08,2010,37,0
Colorado,08,2011,43,0
Colorado,08,2012,43,0
Colorado,08,2013,42,0
Colorado,08,2014,15,0
Colorado,08,2015,44,0
Colorado,08,2016,41,0
Colorado,08,2017,35,0
Colorado,08,2018,47,0
Colorado,08,2019,47,0
Colorado,08,2020,42,0
Colorado,08,2021,59,0
Colorado,08,2022,60,0
Connecticut,09,2000,14,0
Connecticut,09,2001,43,0
Connecticut,09,2002,47,0
Connecticut,09,2003,32,0
Connecticut,09,2004,18,0
Connecticut,09,2005,46,0
Connecticut,09,2006,54,0
Connecticut,09,2007,41,0
Connecticut,09,2008,46,0
Connecticut,09,2009,23,0
Connecticut,09,2010,86,0
Connecticut,09,2011,43,0
Connecticut,09,2012,58,0
Connecticut,09,2013,68,0
Connecticut,09,2014,26,0
Connecticut,09,2015,32,0
Connecticut,09,2016,45,0
Connecticut,09,2017,45,0
Connecticut,09,2018,57,0
Connecticut,09,2019,45,0
Connecticut,09,2020,41,0
Connecticut,09,2021,62,0
Connecticut,09,2022,40,0
Connecticut,09,2023,38,0
Delaware,10,2022,25,0
Florida,12,2000,278,0
Florida,12,2001,354,0
Florida,12,2002,376,0
Florida,12,2003,365,0
Florida,12,2004,455,0
Florida,12,2005,623,0
Florida,12,2006,500,0
Florida,12,2007,580,0
Florida,12,2008,445,0
Florida,12,2009,607,0
Florida,12,2010,856,0
Florida,12,2011,737,0
Florida,12,2012,589,0
Florida,12,2013,537,0
Florida,12,2014,734,0
Florida,12,2015,831,0
Florida,12,2016,1112,0
Florida,12,2017,1085,0
Florida,12,2018,999,0
Florida,12,2019,1204,0
Florida,12,2020,953,0
Florida,12,2021,705,0
Florida,12,2022,1131,0
Florida,12,2023,1710,0
Indiana,18,2018,90,0
Indiana,18,2019,59,0
Indiana,18,2020,57,0
Indiana,18,2022,60,0
Indiana,18,2023,64,0
Iowa,19,2000,47,0
Iowa,19,2001,95,0
Iowa,19,2002,51,0
Iowa,19,2003,48,0
Iowa,19,2004,19,0
Iowa,19,2005,59,0
Iowa,19,2006,71,0
Iowa,19,2007,60,0
Iowa,19,2008,31,0
Iowa,19,2009,31,0
Iowa,19,2010,56,0
Iowa,19,2011,103,0
Iowa,19,2012,102,0
Iowa,19,2013,57,0
Iowa,19,2014,12,0
Iowa,19,2015,31,0
Iowa,19,2016,52,0
Iowa,19,2017,14,0
Iowa,19,2018,12,0
Iowa,19,2019,54,0
Iowa,19,2020,44,0
Iowa,19,2021,11,0
Iowa,19,2022,49,0
Iowa,19,2023,50,0
Kansas,20,2000,139,0
Kansas,20,2001,154,0
Kansas,20,2002,86,0
Kansas,20,2003,104,0
Kansas,20,2004,57,0
Kansas,20,2005,106,0
Kansas,20,2006,141,0
Kansas,20,2007,82,0
Kansas,20,2008,76,0
Kansas,20,2009,103,0
Kansas,20,2010,124,0
Kansas,20,2011,180,0
Kansas,20,2012,122,0
Kansas,20,2013,103,0
Kansas,20,2014,64,0
Kansas,20,2015,80,0
Kansas,20,2016,113,0
Kansas,20,2017,104,0
Kansas,20,2018,127,0
Kansas,20,2019,125,0
Kansas,20,2020,95,0
Kansas,20,2021,109,0
Kansas,20,2022,158,0
Kentucky,21,2000,76,0
Kentucky,21,2001,126,0
Kentucky,21,2002,124,0
Kentucky,21,2003,94,0
Kentucky,21,2004,78,0
Kentucky,21,2005,124,0
Kentucky,21,2006,128,0
Kentucky,21,2007,173,0
Kentucky,21,2008,98,0
Kentucky,21,2009,109,0
Kentucky,21,2010,231,0
Kentucky,21,2011,286,0
Kentucky,21,2012,208,0
Kentucky,21,2013,126,0
Kentucky,21,2014,96,0
Kentucky,21,2015,131,0
Kentucky,21,2016,180,0
Kentucky,21,2017,113,0
Kentucky,21,2018,181,0
Kentucky,21,2019,150,0
Kentucky,21,2020,123,0
Kentucky,21,2021,92,0
Kentucky,21,2022,153,0
Louisiana,22,2000,135,0
Louisiana,22,2001,119,0
Louisiana,22,2002,141,0
Louisiana,22,2003,95,0
Louisiana,22,2004,136,0
Louisiana,22,2005,222,0
Louisiana,22,2006,149,0
Louisiana,22,2007,133,0
Louisiana,22,2008,113,0
Louisiana,22,2009,173,0
Louisiana,22,2010,200,0
Louisiana,22,2011,290,0
Louisiana,22,2012,209,0
Louisiana,22,2013,175,0
Louisiana,22,2014,186,0
Louisiana,22,2015,243,0
Louisiana,22,2016,255,0
Louisiana,22,2017,141,0
Louisiana,22,2018,219,0
Louisiana,22,2019,293,0
Louisiana,22,2020,172,0
Louisiana,22,2021,169,0
Louisiana,22,2022,199,0
Louisiana,22,2023,491,0
Maine,23,2001,31,0
Maine,23,2002,25,0
Maine,23,2003,17,0
Maine,23,2004,11,0
Maine,23,2005,21,0
Maine,23,2006,14,0
Maine,23,2007,12,0
Maine,23,2008,7,0
Maine,23,2009,4,0
Maine,23,2010,18,0
Maine,23,2011,27,0
Maine,23,2012,10,0
Maine,23,2013,17,0
Maine,23,2014,7,0
Maine,23,2015,10,0
Maine,23,2016,6,0
Maine,23,2017,10,0
Maine,23,2018,25,0
Maine,23,2019,8,0
Maine,23,2020,16,0
Maine,23,2021,13,0
Maine,23,2022,10,0
Maryland,24,2000,54,0
Maryland,24,2001,90,0
Maryland,24,2002,170,0
Maryland,24,2003,77,0
Maryland,24,2004,79,0
Maryland,24,2005,198,0
Maryland,24,2006,199,0
Maryland,24,2007,130,0
Maryland,24,2008,189,0
Maryland,24,2009,85,0
Maryland,24,2010,213,0
Maryland,24,2011,186,0
Maryland,24,2012,262,0
Maryland,24,2013,102,0
Maryland,24,2014,60,0
Maryland,24,2015,77,0
Maryland,24,2016,147,0
Maryland,24,2017,91,0
Maryland,24,2018,166,0
Maryland,24,2019,132,0
Maryland,24,2020,113,0
Maryland,24,2021,109,0
Massachusetts,25,2000,25,0
Massachusetts,25,2001,86,0
Massachusetts,25,2002,118,0
Massachusetts,25,2003,59,0
Massachusetts,25,2004,32,0
Massachusetts,25,2005,90,0
Massachusetts,25,2006,81,0
Massachusetts,25,2007,48,0
Massachusetts,25,2008,70,0
Massachusetts,25,2009,46,0
Massachusetts,25,2010,121,0
Massachusetts,25,2011,81,0
Massachusetts,25,2012,103,0
Massachusetts,25,2013,128,0
Massachusetts,25,2014,49,0
Massachusetts,25,2015,58,0
Massachusetts,25,2016,89,0
Massachusetts,25,2017,92,0
Massachusetts,25,2018,133,0
Massachusetts,25,2019,81,0
Massachusetts,25,2020,95,0
Massachusetts,25,2021,88,0
Michigan,26,2001,170,0
Michigan,26,2002,149,0
Michigan,26,2003,82,0
Michigan,26,2004,52,0
Michigan,26,2005,152,0
Michigan,26,2006,199,0
Michigan,26,2007,141,0
Michigan,26,2008,88,0
Michigan,26,2009,57,0
Michigan,26,2010,190,0
Michigan,26,2011,280,0
Michigan,26,2012,263,0
Michigan,26,2013,154,0
Michigan,26,2014,62,0
Michigan,26,2015,91,0
Michigan,26,2016,169,0
Michigan,26,2017,101,0
Michigan,26,2018,255,0
Michigan,26,2019,156,0
Michigan,26,2020,187,0
Michigan,26,2021,137,0
Minnesota,27,2000,50,0
Minnesota,27,2001,171,0
Minnesota,27,2002,85,0
Minnesota,27,2003,71,0
Minnesota,27,2004,43,0
Minnesota,27,2005,110,0
Minnesota,27,2006,134,0
Minnesota,27,2007,82,0
Minnesota,27,2008,35,0
Minnesota,27,2009,38,0
Minnesota,27,2010,80,0
Minnesota,27,2011,155,0
Minnesota,27,2012,124,0
Minnesota,27,2013,94,0
Minnesota,27,2014,37,0
Minnesota,27,2015,36,0
Minnesota,27,2016,33,0
Minnesota,27,2017,35,0
Minnesota,27,2018,89,0
Minnesota,27,2019,45,0
Minnesota,27,2020,58,0
Minnesota,27,2021,76,0
Minnesota,27,2022,50,0
Missouri,29,2000,190,0
Missouri,29,2001,266,0
Missouri,29,2002,225,0
Missouri,29,2003,204,0
Missouri,29,2004,112,0
Missouri,29,2005,241,0
Missouri,29,2006,358,0
Missouri,29,2007,240,0
Missouri,29,2008,145,0
Missouri,29,2009,190,0
Missouri,29,2010,395,0
Missouri,29,2011,479,0
Missouri,29,2012,411,0
Missouri,29,2013,217,0
Missouri,29,2014,161,0
Missouri,29,2015,277,0
Missouri,29,2016,350,0
Missouri,29,2017,220,0
Missouri,29,2018,349,0
Missouri,29,2019,259,0
Missouri,29,2020,168,0
Missouri,29,2021,230,0
Missouri,29,2022,327,0
Nebraska,31,2014,9,0
Nebraska,31,2015,16,0
Nebraska,31,2016,40,0
Nebraska,31,2017,39,0
Nebraska,31,2018,38,0
Nebraska,31,2019,42,0
Nebraska,31,2020,35,0
Nebraska,31,2021,34,0
Nebraska,31,2022,44,0
Nebraska,31,2023,49,0
New Hampshire,33,2000,3,0
New Hampshire,33,2001,11,0
New Hampshire,33,2002,12,0
New Hampshire,33,2003,12,0
New Hampshire,33,2004,3,0
New Hampshire,33,2005,11,0
New Hampshire,33,2006,17,0
New Hampshire,33,2007,10,0
New Hampshire,33,2008,6,0
New Hampshire,33,2009,8,0
New Hampshire,33,2010,25,0
New Hampshire,33,2011,12,0
New Hampshire,33,2012,15,0
New Hampshire,33,2013,13,0
New Hampshire,33,2014,12,0
New Hampshire,33,2015,10,0
New Hampshire,33,2016,8,0
New Hampshire,33,2017,12,0
New Hampshire,33,2018,12,0
New Hampshire,33,2019,14,0
New Hampshire,33,2020,17,0
New Hampshire,33,2021,22,0
New Jersey,34,2000,70,0
New Jersey,34,2001,130,0
New Jersey,34,2002,179,0
New Jersey,34,2003,101,0
New Jersey,34,2004,64,0
New Jersey,34,2005,142,0
New Jersey,34,2006,154,0
New Jersey,34,2007,90,0
New Jersey,34,2008,117,0
New Jersey,34,2009,62,0
New Jersey,34,2010,198,0
New Jersey,34,2011,134,0
New Jersey,34,2012,183,0
New Jersey,34,2013,193,0
New Jersey,34,2014,73,0
New Jersey,34,2015,125,0
New Jersey,34,2016,171,0
New Jersey,34,2017,77,0
New Jersey,34,2018,162,0
New Jersey,34,2019,130,0
New Jersey,34,2020,118,0
New Jersey,34,2021,164,0
New Jersey,34,2022,137,0
New Jersey,34,2023,103,0
New Mexico,35,2000,15,0
New Mexico,35,2001,16,0
New Mexico,35,2002,18,0
New Mexico,35,2003,15,0
New Mexico,35,2004,7,0
New Mexico,35,2005,21,0
New Mexico,35,2006,16,0
New Mexico,35,2007,21,0
New Mexico,35,2008,27,0
New Mexico,35,2009,21,0
New Mexico,35,2010,26,0
New Mexico,35,2011,33,0
New Mexico,35,2012,47,0
New Mexico,35,2013,16,0
New Mexico,35,2014,23,0
New Mexico,35,2015,33,0
New Mexico,35,2016,38,0
New Mexico,35,2017,32,0
New Mexico,35,2018,39,0
New Mexico,35,2019,41,0
New Mexico,35,2020,46,0
New Mexico,35,2021,53,0
New Mexico,35,2022,49,0
New Mexico,35,2023,72,0
New York,36,2000,170,0
New York,36,2001,361,0
New York,36,2002,386,0
New York,36,2003,266,0
New York,36,2004,131,0
New York,36,2005,348,0
New York,36,2006,560,0
New York,36,2007,220,0
New York,36,2008,314,0
New York,36,2009,118,0
New York,36,2010,480,0
New York,36,2011,415,0
New York,36,2012,357,0
New York,36,2013,390,0
New York,36,2014,132,0
New York,36,2015,176,0
New York,36,2016,279,0
New York,36,2017,203,0
New York,36,2018,363,0
New York,36,2019,317,0
New York,36,2020,288,0
New York,36,2021,291,0
New York,36,2022,282,0
New York,36,2023,195,0
North Carolina,37,2000,108,0
North Carolina,37,2001,159,0
North Carolina,37,2002,200,0
North Carolina,37,2003,146,0
North Carolina,37,2004,125,0
North Carolina,37,2005,282,0
North Carolina,37,2006,236,0
North Carolina,37,2007,269,0
North Carolina,37,2008,263,0
North Carolina,37,2009,153,0
North Carolina,37,2010,414,0
North Carolina,37,2011,333,0
North Carolina,37,2012,229,0
North Carolina,37,2013,184,0
North Carolina,37,2014,191,0
North Carolina,37,2015,292,0
North Carolina,37,2016,387,0
North Carolina,37,2017,229,0
North Carolina,37,2018,329,0
North Carolina,37,2019,349,0
North Carolina,37,2020,293,0
North Carolina,37,2021,240,0
North Carolina,37,2022,246,0
North Carolina,37,2023,313,0
Oregon,41,2000,24,0
Oregon,41,2001,26,0
Oregon,41,2002,40,0
Oregon,41,2003,43,0
Oregon,41,2004,22,0
Oregon,41,2005,21,0
Oregon,41,2006,35,0
Oregon,41,2007,18,0
Oregon,41,2008,52,0
Oregon,41,2009,48,0
Oregon,41,2010,33,0
Oregon,41,2011,27,0
Oregon,41,2012,34,0
Oregon,41,2013,29,0
Oregon,41,2014,32,0
Oregon,41,2015,64,0
Oregon,41,2016,49,0
Oregon,41,2017,45,0
Oregon,41,2018,29,0
Oregon,41,2019,27,0
Oregon,41,2020,33,0
Oregon,41,2021,177,0
Oregon,41,2022,64,0
Oregon,41,2023,71,0
Pennsylvania,42,2000,116,0
Pennsylvania,42,2001,279,0
Pennsylvania,42,2002,373,0
Pennsylvania,42,2003,148,0
Pennsylvania,42,2004,120,0
Pennsylvania,42,2005,356,0
Pennsylvania,42,2006,368,0
Pennsylvania,42,2007,204,0
Pennsylvania,42,2008,249,0
Pennsylvania,42,2009,119,0
Pennsylvania,42,2010,352,0
Pennsylvania,42,2011,387,0
Pennsylvania,42,2012,284,0
Pennsylvania,42,2013,258,0
Pennsylvania,42,2014,128,0
Pennsylvania,42,2015,136,0
Pennsylvania,42,2016,237,0
Pennsylvania,42,2017,180,0
Pennsylvania,42,2018,299,0
Pennsylvania,42,2019,243,0
Pennsylvania,42,2020,206,0
Pennsylvania,42,2021,223,0
Pennsylvania,42,2022,194,0
Rhode Island,44,2005,10,0
Rhode Island,44,2006,26,0
Rhode Island,44,2007,9,0
Rhode Island,44,2008,26,0
Rhode Island,44,2009,7,0
Rhode Island,44,2010,22,0
Rhode Island,44,2011,15,0
Rhode Island,44,2012,17,0
Rhode Island,44,2013,20,0
Rhode Island,44,2014,7,0
Rhode Island,44,2015,11,0
Rhode Island,44,2016,12,0
Rhode Island,44,2017,17,0
Rhode Island,44,2018,27,0
Rhode Island,44,2019,17,0
Rhode Island,44,2020,10,0
Rhode Island,44,2021,24,0
Rhode Island,44,2022,9,0
Rhode Island,44,2023,7,0
South Carolina,45,2000,101,0
South Carolina,45,2001,106,0
South Carolina,45,2002,131,0
South Carolina,45,2003,110,0
South Carolina,45,2004,112,0
South Carolina,45,2005,219,0
South Carolina,45,2006,162,0
South Carolina,45,2007,229,0
South Carolina,45,2008,140,0
South Carolina,45,2009,99,0
South Carolina,45,2010,255,0
South Carolina,45,2011,286,0
South Carolina,45,2012,182,0
South Carolina,45,2013,124,0
South Carolina,45,2014,153,0
South Carolina,45,2016,253,0
South Carolina,45,2017,194,0
South Carolina,45,2018,232,0
South Carolina,45,2019,258,0
South Carolina,45,2020,152,0
South Carolina,45,2021,158,0
South Carolina,45,2022,208,0
South Carolina,45,2023,224,0
Tennessee,47,2000,119,0
Tennessee,47,2001,134,0
Tennessee,47,2002,167,0
Tennessee,47,2003,153,0
Tennessee,47,2004,95,0
Tennessee,47,2005,244,0
Tennessee,47,2006,253,0
Tennessee,47,2007,309,0
Tennessee,47,2008,174,0
Tennessee,47,2009,175,0
Tennessee,47,2010,481,0
Tennessee,47,2011,386,0
Tennessee,47,2012,297,0
Tennessee,47,2013,157,0
Tennessee,47,2014,141,0
Tennessee,47,2015,266,0
Tennessee,47,2016,324,0
Tennessee,47,2017,212,0
Tennessee,47,2018,276,0
Tennessee,47,2019,292,0
Tennessee,47,2020,176,0
Tennessee,47,2021,164,0
Tennessee,47,2022,356,0
Utah,49,2000,21,0
Utah,49,2001,12,0
Utah,49,2002,18,0
Utah,49,2003,18,0
Utah,49,2004,17,0
Utah,49,2005,8,0
Utah,49,2006,16,0
Utah,49,2007,20,0
Utah,49,2008,15,0
Utah,49,2009,15,0
Utah,49,2010,12,0
Utah,49,2011,17,0
Utah,49,2012,27,0
Utah,49,2013,33,0
Utah,49,2014,21,0
Utah,49,2015,18,0
Utah,49,2016,44,0
Utah,49,2017,37,0
Utah,49,2018,42,0
Utah,49,2019,29,0
Utah,49,2020,41,0
Utah,49,2021,46,0
Utah,49,2022,43,0
Vermont,50,2022,2,0
Virginia,51,2010,256,0
Virginia,51,2011,255,0
Virginia,51,2012,289,0
Virginia,51,2013,141,0
Virginia,51,2014,126,0
Virginia,51,2015,132,0
Virginia,51,2016,232,0
Virginia,51,2017,156,0
Virginia,51,2018,197,0
Virginia,51,2019,210,0
Virginia,51,2020,163,0
Virginia,51,2021,198,0
Virginia,51,2022,192,0
Virginia,51,2023,196,0
Washington,53,2000,24,0
Washington,53,2001,35,0
Washington,53,2002,30,0
Washington,53,2003,35,0
Washington,53,2004,46,0
Washington,53,2005,29,0
Washington,53,2006,71,0
Washington,53,2007,56,0
Washington,53,2008,101,0
Washington,53,2009,309,0
Washington,53,2010,238,0
Washington,53,2011,215,0
Washington,53,2012,197,0
Washington,53,2013,220,0
Washington,53,2014,253,0
Washington,53,2015,83,0
Washington,53,2016,39,0
Washington,53,2017,47,0
Washington,53,2018,64,0
Washington,53,2019,32,0
Washington,53,2020,33,0
Washington,53,2021,358,0
Washington,53,2022,71,0
West Virginia,54,2014,11,0
West Virginia,54,2015,30,0
West Virginia,54,2016,30,0
Wisconsin,55,2000,37,0
Wisconsin,55,2001,145,0
Wisconsin,55,2002,114,0
Wisconsin,55,2003,63,0
Wisconsin,55,2004,36,0
Wisconsin,55,2005,98,0
Wisconsin,55,2006,104,0
Wisconsin,55,2007,64,0
Wisconsin,55,2008,26,0
Wisconsin,55,2009,51,0
Wisconsin,55,2010,62,0
Wisconsin,55,2011,114,0
Wisconsin,55,2012,155,0
Wisconsin,55,2013,78,0
Wisconsin,55,2014,26,0
Wisconsin,55,2015,49,0
Wisconsin,55,2016,63,0
Wisconsin,55,2017,58,0
Wisconsin,55,2018,82,0
Wisconsin,55,2019,57,0
Wisconsin,55,2020,67,0
Wisconsin,55,2021,65,0
Wisconsin,55,2022,70,0
Wisconsin,55,2023,71,0
