city,period,n_weeks,surge_F,surge_ci90_low_F,surge_ci90_high_F,surge_boot_missing,hot_level_ratio,target_ratio,starts_looking_F,starts_looking_ci90_low_F,starts_looking_ci90_high_F,A_halfway_F,typical_summer_high_F_1991_2020,surge_minus_summer_high_F,surge_shift_2026_vs_before_F,surge_shift_ci90
boston,all,246,78.8,66.7,82.1,0,14.0,7.5,44,42,51,,80.1,-1.3,,
boston,before2026,209,73.0,68.0,82.3,0,14.0,7.5,47,43,60,66.0,80.1,-7.1,,
boston,2026,37,70.3,49.2,85.2,86,12.62,6.81,39,39,72,58.8,80.1,-9.8,-2.7,-29.9 to 13.0
sanfrancisco,all,246,61.8,61.2,63.3,0,3.5,2.25,58,58,58,,68.1,-6.3,,
sanfrancisco,before2026,209,62.3,61.4,64.0,0,3.6,2.3,58,58,59,65.8,68.1,-5.8,,
sanfrancisco,2026,37,60.8,60.4,65.5,33,3.93,2.47,58,58,68,62.5,68.1,-7.3,-1.4,-3.0 to 3.8
phoenix,all,246,95.5,87.1,103.2,0,5.1,3.05,70,69,73,,103.8,-8.3,,
phoenix,before2026,209,96.6,87.8,105.2,0,5.12,3.06,70,69,75,100.6,103.8,-7.2,,
phoenix,2026,37,86.3,82.5,91.6,0,3.59,2.29,69,69,86,83.7,103.8,-17.5,-10.3,-20.9 to -1.3
detroit,all,246,75.4,74.0,83.0,0,11.5,6.25,47,41,62,,81.7,-6.3,,
detroit,before2026,209,76.7,74.6,82.4,0,12.0,6.5,51,45,65,78.9,81.7,-5.0,,
detroit,2026,37,84.7,49.6,89.1,118,14.0,7.5,35,35,71,63.6,81.7,3.0,8.1,-27.9 to 12.7
sandiego,all,246,74.4,72.9,79.9,0,6.67,3.83,65,64,71,,78.8,-4.4,,
sandiego,before2026,209,77.3,73.3,79.8,0,7.0,4.0,70,64,72,81.3,78.8,-1.5,,
sandiego,2026,37,70.0,69.3,85.3,0,7.09,4.05,64,64,80,72.9,78.8,-8.8,-7.3,-9.9 to 7.6
