week_start,search,usual_level,ratio,weekly_high_F,year,month
2022-01-02,2,3,0.667,30.6,2022,1
2022-01-09,3,3,1.0,31.26,2022,1
2022-01-16,3,3,1.0,30.9,2022,1
2022-01-23,3,3,1.0,22.65,2022,1
2022-01-30,2,3,0.667,28.98,2022,1
2022-02-06,3,3,1.0,34.31,2022,2
2022-02-13,3,3,1.0,33.33,2022,2
2022-02-20,3,3,1.0,37.47,2022,2
2022-02-27,3,3,1.0,42.33,2022,2
2022-03-06,4,3,1.333,38.98,2022,3
2022-03-13,5,3,1.667,55.09,2022,3
2022-03-20,5,3,1.667,48.78,2022,3
2022-03-27,4,3,1.333,43.21,2022,3
2022-04-03,5,3,1.667,48.7,2022,4
2022-04-10,5,3,1.667,60.26,2022,4
2022-04-17,6,3,2.0,54.68,2022,4
2022-04-24,11,3,3.667,58.2,2022,4
2022-05-01,7,3,2.333,59.96,2022,5
2022-05-08,27,3,9.0,78.21,2022,5
2022-05-15,23,3,7.667,75.24,2022,5
2022-05-22,14,3,4.667,69.4,2022,5
2022-05-29,34,3,11.333,80.43,2022,5
2022-06-05,12,3,4.0,74.83,2022,6
2022-06-12,53,3,17.667,83.59,2022,6
2022-06-19,38,3,12.667,86.47,2022,6
2022-06-26,21,3,7.0,83.02,2022,6
2022-07-03,22,3,7.333,83.68,2022,7
2022-07-10,16,3,5.333,81.17,2022,7
2022-07-17,31,3,10.333,88.85,2022,7
2022-07-24,18,3,6.0,83.14,2022,7
2022-07-31,20,3,6.667,87.01,2022,7
2022-08-07,19,3,6.333,82.39,2022,8
2022-08-14,8,3,2.667,81.86,2022,8
2022-08-21,11,3,3.667,82.19,2022,8
2022-08-28,12,3,4.0,85.42,2022,8
2022-09-04,7,3,2.333,79.56,2022,9
2022-09-11,7,3,2.333,78.42,2022,9
2022-09-18,6,3,2.0,75.26,2022,9
2022-09-25,5,3,1.667,63.58,2022,9
2022-10-02,4,3,1.333,65.76,2022,10
2022-10-09,4,3,1.333,64.76,2022,10
2022-10-16,4,3,1.333,54.38,2022,10
2022-10-23,3,3,1.0,65.15,2022,10
2022-10-30,2,3,0.667,67.76,2022,10
2022-11-06,3,3,1.0,59.33,2022,11
2022-11-13,3,3,1.0,36.27,2022,11
2022-11-20,2,3,0.667,48.23,2022,11
2022-11-27,2,3,0.667,46.38,2022,11
2022-12-04,2,3,0.667,41.66,2022,12
2022-12-11,2,3,0.667,37.63,2022,12
2022-12-18,2,3,0.667,27.7,2022,12
2022-12-25,2,3,0.667,37.63,2022,12
2023-01-01,2,2,1.0,44.14,2023,1
2023-01-08,2,2,1.0,37.45,2023,1
2023-01-15,2,2,1.0,41.24,2023,1
2023-01-22,2,2,1.0,34.74,2023,1
2023-01-29,2,2,1.0,26.58,2023,1
2023-02-05,2,2,1.0,43.66,2023,2
2023-02-12,2,2,1.0,44.83,2023,2
2023-02-19,2,2,1.0,40.39,2023,2
2023-02-26,2,2,1.0,48.9,2023,2
2023-03-05,3,2,1.5,42.51,2023,3
2023-03-12,3,2,1.5,41.27,2023,3
2023-03-19,4,2,2.0,49.75,2023,3
2023-03-26,3,2,1.5,51.5,2023,3
2023-04-02,4,2,2.0,57.56,2023,4
2023-04-09,17,2,8.5,76.69,2023,4
2023-04-16,8,2,4.0,58.18,2023,4
2023-04-23,5,2,2.5,53.79,2023,4
2023-04-30,6,2,3.0,56.85,2023,4
2023-05-07,12,2,6.0,74.54,2023,5
2023-05-14,10,2,5.0,68.23,2023,5
2023-05-21,12,2,6.0,72.28,2023,5
2023-05-28,57,2,28.5,86.12,2023,5
2023-06-04,18,2,9.0,77.04,2023,6
2023-06-11,10,2,5.0,70.88,2023,6
2023-06-18,21,2,10.5,80.81,2023,6
2023-06-25,26,2,13.0,79.71,2023,6
2023-07-02,38,2,19.0,83.64,2023,7
2023-07-09,16,2,8.0,80.93,2023,7
2023-07-16,13,2,6.5,82.45,2023,7
2023-07-23,20,2,10.0,85.34,2023,7
2023-07-30,13,2,6.5,81.6,2023,7
2023-08-06,9,2,4.5,79.08,2023,8
2023-08-13,7,2,3.5,76.76,2023,8
2023-08-20,12,2,6.0,80.75,2023,8
2023-08-27,6,2,3.0,75.19,2023,8
2023-09-03,14,2,7.0,79.89,2023,9
2023-09-10,5,2,2.5,70.57,2023,9
2023-09-17,4,2,2.0,73.64,2023,9
2023-09-24,3,2,1.5,69.41,2023,9
2023-10-01,5,2,2.5,75.15,2023,10
2023-10-08,3,2,1.5,57.26,2023,10
2023-10-15,3,2,1.5,57.12,2023,10
2023-10-22,3,2,1.5,66.12,2023,10
2023-10-29,3,2,1.5,48.36,2023,10
2023-11-05,2,2,1.0,52.91,2023,11
2023-11-12,3,2,1.5,55.89,2023,11
2023-11-19,2,2,1.0,42.81,2023,11
2023-11-26,2,2,1.0,38.98,2023,11
2023-12-03,2,2,1.0,46.82,2023,12
2023-12-10,2,2,1.0,45.4,2023,12
2023-12-17,1,2,0.5,42.21,2023,12
2023-12-24,1,2,0.5,47.77,2023,12
2023-12-31,1,2,0.5,34.66,2023,12
2024-01-07,2,2.0,1.0,37.71,2024,1
2024-01-14,2,2.0,1.0,17.63,2024,1
2024-01-21,2,2.0,1.0,36.95,2024,1
2024-01-28,2,2.0,1.0,38.52,2024,1
2024-02-04,2,2.0,1.0,51.04,2024,2
2024-02-11,2,2.0,1.0,37.51,2024,2
2024-02-18,3,2.0,1.5,49.19,2024,2
2024-02-25,3,2.0,1.5,46.15,2024,2
2024-03-03,3,2.0,1.5,57.07,2024,3
2024-03-10,3,2.0,1.5,57.95,2024,3
2024-03-17,3,2.0,1.5,38.68,2024,3
2024-03-24,2,2.0,1.0,50.11,2024,3
2024-03-31,3,2.0,1.5,50.35,2024,3
2024-04-07,6,2.0,3.0,64.19,2024,4
2024-04-14,7,2.0,3.5,66.68,2024,4
2024-04-21,6,2.0,3.0,60.76,2024,4
2024-04-28,17,2.0,8.5,76.44,2024,4
2024-05-05,8,2.0,4.0,67.51,2024,5
2024-05-12,14,2.0,7.0,75.3,2024,5
2024-05-19,47,2.0,23.5,85.33,2024,5
2024-05-26,12,2.0,6.0,73.73,2024,5
2024-06-02,17,2.0,8.5,78.22,2024,6
2024-06-09,22,2.0,11.0,78.66,2024,6
2024-06-16,80,2.0,40.0,90.51,2024,6
2024-06-23,22,2.0,11.0,80.5,2024,6
2024-06-30,17,2.0,8.5,79.7,2024,6
2024-07-07,20,2.0,10.0,83.0,2024,7
2024-07-14,19,2.0,9.5,83.43,2024,7
2024-07-21,12,2.0,6.0,81.28,2024,7
2024-07-28,23,2.0,11.5,86.46,2024,7
2024-08-04,13,2.0,6.5,79.32,2024,8
2024-08-11,8,2.0,4.0,79.95,2024,8
2024-08-18,8,2.0,4.0,76.61,2024,8
2024-08-25,17,2.0,8.5,87.05,2024,8
2024-09-01,6,2.0,3.0,73.83,2024,9
2024-09-08,6,2.0,3.0,79.77,2024,9
2024-09-15,6,2.0,3.0,81.49,2024,9
2024-09-22,4,2.0,2.0,72.87,2024,9
2024-09-29,3,2.0,1.5,71.91,2024,9
2024-10-06,3,2.0,1.5,68.73,2024,10
2024-10-13,4,2.0,2.0,58.56,2024,10
2024-10-20,3,2.0,1.5,67.43,2024,10
2024-10-27,3,2.0,1.5,64.72,2024,10
2024-11-03,3,2.0,1.5,63.81,2024,11
2024-11-10,2,2.0,1.0,52.53,2024,11
2024-11-17,3,2.0,1.5,50.14,2024,11
2024-11-24,2,2.0,1.0,40.25,2024,11
2024-12-01,2,2.0,1.0,35.31,2024,12
2024-12-08,2,2.0,1.0,38.26,2024,12
2024-12-15,2,2.0,1.0,38.44,2024,12
2024-12-22,2,2.0,1.0,41.38,2024,12
2024-12-29,2,2.0,1.0,35.57,2024,12
2025-01-05,2,2.0,1.0,26.33,2025,1
2025-01-12,2,2.0,1.0,29.72,2025,1
2025-01-19,2,2.0,1.0,19.39,2025,1
2025-01-26,2,2.0,1.0,37.54,2025,1
2025-02-02,2,2.0,1.0,36.43,2025,2
2025-02-09,1,2.0,0.5,34.46,2025,2
2025-02-16,2,2.0,1.0,29.34,2025,2
2025-02-23,3,2.0,1.5,39.89,2025,2
2025-03-02,2,2.0,1.0,41.96,2025,3
2025-03-09,4,2.0,2.0,60.72,2025,3
2025-03-16,4,2.0,2.0,56.35,2025,3
2025-03-23,4,2.0,2.0,52.9,2025,3
2025-03-30,2,2.0,1.0,55.23,2025,3
2025-04-06,3,2.0,1.5,46.85,2025,4
2025-04-13,6,2.0,3.0,64.19,2025,4
2025-04-20,10,2.0,5.0,69.67,2025,4
2025-04-27,10,2.0,5.0,68.11,2025,4
2025-05-04,7,2.0,3.5,65.84,2025,5
2025-05-11,18,2.0,9.0,74.59,2025,5
2025-05-18,7,2.0,3.5,58.52,2025,5
2025-05-25,7,2.0,3.5,67.82,2025,5
2025-06-01,22,2.0,11.0,76.96,2025,6
2025-06-08,16,2.0,8.0,76.84,2025,6
2025-06-15,52,2.0,26.0,81.93,2025,6
2025-06-22,93,2.0,46.5,89.76,2025,6
2025-06-29,33,2.0,16.5,87.3,2025,6
2025-07-06,31,2.0,15.5,84.69,2025,7
2025-07-13,25,2.0,12.5,83.73,2025,7
2025-07-20,23,2.0,11.5,84.23,2025,7
2025-07-27,24,2.0,12.0,83.48,2025,7
2025-08-03,18,2.0,9.0,84.22,2025,8
2025-08-10,23,2.0,11.5,88.24,2025,8
2025-08-17,10,2.0,5.0,78.41,2025,8
2025-08-24,6,2.0,3.0,72.19,2025,8
2025-08-31,5,2.0,2.5,74.5,2025,8
2025-09-07,4,2.0,2.0,75.53,2025,9
2025-09-14,7,2.0,3.5,81.22,2025,9
2025-09-21,6,2.0,3.0,77.2,2025,9
2025-09-28,6,2.0,3.0,79.5,2025,9
2025-10-05,7,2.0,3.5,70.27,2025,10
2025-10-12,4,2.0,2.0,69.59,2025,10
2025-10-19,4,2.0,2.0,57.23,2025,10
2025-10-26,5,2.0,2.5,54.57,2025,10
2025-11-02,5,2.0,2.5,55.37,2025,11
2025-11-09,5,2.0,2.5,47.17,2025,11
2025-11-16,3,2.0,1.5,45.26,2025,11
2025-11-23,4,2.0,2.0,43.08,2025,11
2025-11-30,4,2.0,2.0,30.71,2025,11
2025-12-07,3,2.0,1.5,31.42,2025,12
2025-12-14,3,2.0,1.5,34.41,2025,12
2025-12-21,3,2.0,1.5,38.15,2025,12
2025-12-28,3,2.0,1.5,32.82,2025,12
2026-01-04,4,4.0,1.0,43.19,2026,1
2026-01-11,3,4.0,0.75,34.18,2026,1
2026-01-18,4,4.0,1.0,18.66,2026,1
2026-01-25,4,4.0,1.0,16.97,2026,1
2026-02-01,4,4.0,1.0,26.11,2026,2
2026-02-08,4,4.0,1.0,35.26,2026,2
2026-02-15,5,4.0,1.25,44.8,2026,2
2026-02-22,6,4.0,1.5,37.67,2026,2
2026-03-01,5,4.0,1.25,43.29,2026,3
2026-03-08,6,4.0,1.5,57.18,2026,3
2026-03-15,6,4.0,1.5,49.45,2026,3
2026-03-22,9,4.0,2.25,49.68,2026,3
2026-03-29,16,4.0,4.0,63.99,2026,3
2026-04-05,17,4.0,4.25,51.71,2026,4
2026-04-12,32,4.0,8.0,74.3,2026,4
2026-04-19,18,4.0,4.5,64.26,2026,4
2026-04-26,12,4.0,3.0,56.87,2026,4
2026-05-03,12,4.0,3.0,64.45,2026,5
2026-05-10,18,4.0,4.5,64.57,2026,5
2026-05-17,49,4.0,12.25,72.52,2026,5
2026-05-24,27,4.0,6.75,75.88,2026,5
2026-05-31,31,4.0,7.75,81.22,2026,5
2026-06-07,64,4.0,16.0,85.02,2026,6
2026-06-14,24,4.0,6.0,74.0,2026,6
2026-06-21,29,4.0,7.25,76.15,2026,6
2026-06-28,100,4.0,25.0,91.7,2026,6
2026-07-05,32,4.0,8.0,84.05,2026,7
2026-07-12,48,4.0,12.0,90.82,2026,7
2026-07-19,20,4.0,5.0,80.67,2026,7
2026-07-26,16,4.0,4.0,84.74,2026,7
2026-08-02,16,4.0,4.0,84.34,2026,8
2026-08-09,15,4.0,3.75,82.34,2026,8
2026-08-16,14,4.0,3.5,81.72,2026,8
2026-08-23,10,4.0,2.5,79.97,2026,8
2026-08-30,16,4.0,4.0,84.7,2026,8
2026-09-06,9,4.0,2.25,79.82,2026,9
2026-09-13,6,4.0,1.5,72.7,2026,9
