#,Metro area (as listed),City searched,State,Query,Collection ID (cs=),Collection,Total sources in collection,Total stories,Index (stories / sources),Start date,End date,Ambiguity note,API request URL
1,"Bakersfield-Delano, CA",Bakersfield,CA,"(""air pollution"" OR ""air quality"") AND ""Bakersfield""",38380550,"California, United States -State & Local",1283,305,0.24,2024-09-25,2026-09-25,,https://search.mediacloud.org/api/search/total-count?q=%28%22air+pollution%22+OR+%22air+quality%22%29+AND+%22Bakersfield%22&start=2024-09-25&end=2026-09-25&cs=38380550&platform=onlinenews-mediacloud
2,"Bakersfield-Delano, CA",Delano,CA,"(""air pollution"" OR ""air quality"") AND ""Delano""",38380550,"California, United States -State & Local",1283,43,0.03,2024-09-25,2026-09-25,Also a surname,https://search.mediacloud.org/api/search/total-count?q=%28%22air+pollution%22+OR+%22air+quality%22%29+AND+%22Delano%22&start=2024-09-25&end=2026-09-25&cs=38380550&platform=onlinenews-mediacloud
3,"Eugene-Springfield, OR",Eugene,OR,"(""air pollution"" OR ""air quality"") AND ""Eugene""",38381398,"Oregon, United States - State & Local",145,81,0.56,2024-09-25,2026-09-25,,https://search.mediacloud.org/api/search/total-count?q=%28%22air+pollution%22+OR+%22air+quality%22%29+AND+%22Eugene%22&start=2024-09-25&end=2026-09-25&cs=38381398&platform=onlinenews-mediacloud
4,"Eugene-Springfield, OR",Springfield,OR,"(""air pollution"" OR ""air quality"") AND ""Springfield""",38381398,"Oregon, United States - State & Local",145,45,0.31,2024-09-25,2026-09-25,Also a city in IL/MA/MO,https://search.mediacloud.org/api/search/total-count?q=%28%22air+pollution%22+OR+%22air+quality%22%29+AND+%22Springfield%22&start=2024-09-25&end=2026-09-25&cs=38381398&platform=onlinenews-mediacloud
5,"Brownsville-Harlingen-Raymondville, TX",Brownsville,TX,"(""air pollution"" OR ""air quality"") AND ""Brownsville""",38381323,"Texas, United States - State & Local",593,30,0.05,2024-09-25,2026-09-25,,https://search.mediacloud.org/api/search/total-count?q=%28%22air+pollution%22+OR+%22air+quality%22%29+AND+%22Brownsville%22&start=2024-09-25&end=2026-09-25&cs=38381323&platform=onlinenews-mediacloud
6,"Brownsville-Harlingen-Raymondville, TX",Harlingen,TX,"(""air pollution"" OR ""air quality"") AND ""Harlingen""",38381323,"Texas, United States - State & Local",593,20,0.03,2024-09-25,2026-09-25,,https://search.mediacloud.org/api/search/total-count?q=%28%22air+pollution%22+OR+%22air+quality%22%29+AND+%22Harlingen%22&start=2024-09-25&end=2026-09-25&cs=38381323&platform=onlinenews-mediacloud
7,"Brownsville-Harlingen-Raymondville, TX",Raymondville,TX,"(""air pollution"" OR ""air quality"") AND ""Raymondville""",38381323,"Texas, United States - State & Local",593,4,0.01,2024-09-25,2026-09-25,,https://search.mediacloud.org/api/search/total-count?q=%28%22air+pollution%22+OR+%22air+quality%22%29+AND+%22Raymondville%22&start=2024-09-25&end=2026-09-25&cs=38381323&platform=onlinenews-mediacloud
8,"Fresno-Hanford-Corcoran, CA",Fresno,CA,"(""air pollution"" OR ""air quality"") AND ""Fresno""",38380550,"California, United States -State & Local",1283,385,0.3,2024-09-25,2026-09-25,,https://search.mediacloud.org/api/search/total-count?q=%28%22air+pollution%22+OR+%22air+quality%22%29+AND+%22Fresno%22&start=2024-09-25&end=2026-09-25&cs=38380550&platform=onlinenews-mediacloud
9,"Fresno-Hanford-Corcoran, CA",Hanford,CA,"(""air pollution"" OR ""air quality"") AND ""Hanford""",38380550,"California, United States -State & Local",1283,67,0.05,2024-09-25,2026-09-25,,https://search.mediacloud.org/api/search/total-count?q=%28%22air+pollution%22+OR+%22air+quality%22%29+AND+%22Hanford%22&start=2024-09-25&end=2026-09-25&cs=38380550&platform=onlinenews-mediacloud
10,"Fresno-Hanford-Corcoran, CA",Corcoran,CA,"(""air pollution"" OR ""air quality"") AND ""Corcoran""",38380550,"California, United States -State & Local",1283,54,0.04,2024-09-25,2026-09-25,,https://search.mediacloud.org/api/search/total-count?q=%28%22air+pollution%22+OR+%22air+quality%22%29+AND+%22Corcoran%22&start=2024-09-25&end=2026-09-25&cs=38380550&platform=onlinenews-mediacloud
11,"Visalia, CA",Visalia,CA,"(""air pollution"" OR ""air quality"") AND ""Visalia""",38380550,"California, United States -State & Local",1283,63,0.05,2024-09-25,2026-09-25,,https://search.mediacloud.org/api/search/total-count?q=%28%22air+pollution%22+OR+%22air+quality%22%29+AND+%22Visalia%22&start=2024-09-25&end=2026-09-25&cs=38380550&platform=onlinenews-mediacloud
12,"Fairbanks-College, AK",Fairbanks,AK,"(""air pollution"" OR ""air quality"") AND ""Fairbanks""",38381315,"Alaska, United States - State & Local",77,144,1.87,2024-09-25,2026-09-25,,https://search.mediacloud.org/api/search/total-count?q=%28%22air+pollution%22+OR+%22air+quality%22%29+AND+%22Fairbanks%22&start=2024-09-25&end=2026-09-25&cs=38381315&platform=onlinenews-mediacloud
13,"Fairbanks-College, AK",College,AK,"(""air pollution"" OR ""air quality"") AND ""College""",38381315,"Alaska, United States - State & Local",77,18,0.23,2024-09-25,2026-09-25,Common word,https://search.mediacloud.org/api/search/total-count?q=%28%22air+pollution%22+OR+%22air+quality%22%29+AND+%22College%22&start=2024-09-25&end=2026-09-25&cs=38381315&platform=onlinenews-mediacloud
14,"Los Angeles-Long Beach, CA",Los Angeles,CA,"(""air pollution"" OR ""air quality"") AND ""Los Angeles""",38380550,"California, United States -State & Local",1283,6442,5.02,2024-09-25,2026-09-25,,https://search.mediacloud.org/api/search/total-count?q=%28%22air+pollution%22+OR+%22air+quality%22%29+AND+%22Los+Angeles%22&start=2024-09-25&end=2026-09-25&cs=38380550&platform=onlinenews-mediacloud
15,"Los Angeles-Long Beach, CA",Long Beach,CA,"(""air pollution"" OR ""air quality"") AND ""Long Beach""",38380550,"California, United States -State & Local",1283,725,0.57,2024-09-25,2026-09-25,,https://search.mediacloud.org/api/search/total-count?q=%28%22air+pollution%22+OR+%22air+quality%22%29+AND+%22Long+Beach%22&start=2024-09-25&end=2026-09-25&cs=38380550&platform=onlinenews-mediacloud
16,"Detroit-Warren-Ann Arbor, MI",Detroit,MI,"(""air pollution"" OR ""air quality"") AND ""Detroit""",38381374,"Michigan, United States - State & Local",203,803,3.96,2024-09-25,2026-09-25,,https://search.mediacloud.org/api/search/total-count?q=%28%22air+pollution%22+OR+%22air+quality%22%29+AND+%22Detroit%22&start=2024-09-25&end=2026-09-25&cs=38381374&platform=onlinenews-mediacloud
17,"Detroit-Warren-Ann Arbor, MI",Warren,MI,"(""air pollution"" OR ""air quality"") AND ""Warren""",38381374,"Michigan, United States - State & Local",203,51,0.25,2024-09-25,2026-09-25,"Also a surname (e.g., Elizabeth Warren)",https://search.mediacloud.org/api/search/total-count?q=%28%22air+pollution%22+OR+%22air+quality%22%29+AND+%22Warren%22&start=2024-09-25&end=2026-09-25&cs=38381374&platform=onlinenews-mediacloud
18,"Detroit-Warren-Ann Arbor, MI",Ann Arbor,MI,"(""air pollution"" OR ""air quality"") AND ""Ann Arbor""",38381374,"Michigan, United States - State & Local",203,116,0.57,2024-09-25,2026-09-25,,https://search.mediacloud.org/api/search/total-count?q=%28%22air+pollution%22+OR+%22air+quality%22%29+AND+%22Ann+Arbor%22&start=2024-09-25&end=2026-09-25&cs=38381374&platform=onlinenews-mediacloud
19,"Indianapolis-Carmel-Muncie, IN",Indianapolis,IN,"(""air pollution"" OR ""air quality"") AND ""Indianapolis""",38381358,"Indiana, United States - State & Local",167,184,1.1,2024-09-25,2026-09-25,,https://search.mediacloud.org/api/search/total-count?q=%28%22air+pollution%22+OR+%22air+quality%22%29+AND+%22Indianapolis%22&start=2024-09-25&end=2026-09-25&cs=38381358&platform=onlinenews-mediacloud
20,"Indianapolis-Carmel-Muncie, IN",Carmel,IN,"(""air pollution"" OR ""air quality"") AND ""Carmel""",38381358,"Indiana, United States - State & Local",167,26,0.16,2024-09-25,2026-09-25,"Also Carmel, CA",https://search.mediacloud.org/api/search/total-count?q=%28%22air+pollution%22+OR+%22air+quality%22%29+AND+%22Carmel%22&start=2024-09-25&end=2026-09-25&cs=38381358&platform=onlinenews-mediacloud
21,"Indianapolis-Carmel-Muncie, IN",Muncie,IN,"(""air pollution"" OR ""air quality"") AND ""Muncie""",38381358,"Indiana, United States - State & Local",167,39,0.23,2024-09-25,2026-09-25,,https://search.mediacloud.org/api/search/total-count?q=%28%22air+pollution%22+OR+%22air+quality%22%29+AND+%22Muncie%22&start=2024-09-25&end=2026-09-25&cs=38381358&platform=onlinenews-mediacloud
22,"Pittsburgh-Weirton-Steubenville, PA-OH-WV",Pittsburgh,PA,"(""air pollution"" OR ""air quality"") AND ""Pittsburgh""",38381340,"Pennsylvania, United States - State & Local",249,453,1.82,2024-09-25,2026-09-25,,https://search.mediacloud.org/api/search/total-count?q=%28%22air+pollution%22+OR+%22air+quality%22%29+AND+%22Pittsburgh%22&start=2024-09-25&end=2026-09-25&cs=38381340&platform=onlinenews-mediacloud
23,"Pittsburgh-Weirton-Steubenville, PA-OH-WV",Weirton,WV,"(""air pollution"" OR ""air quality"") AND ""Weirton""",38381408,"West Virginia, United States - State & Local",81,7,0.09,2024-09-25,2026-09-25,,https://search.mediacloud.org/api/search/total-count?q=%28%22air+pollution%22+OR+%22air+quality%22%29+AND+%22Weirton%22&start=2024-09-25&end=2026-09-25&cs=38381408&platform=onlinenews-mediacloud
24,"Pittsburgh-Weirton-Steubenville, PA-OH-WV",Steubenville,OH,"(""air pollution"" OR ""air quality"") AND ""Steubenville""",38381394,"Ohio, United States - State & Local",256,5,0.02,2024-09-25,2026-09-25,,https://search.mediacloud.org/api/search/total-count?q=%28%22air+pollution%22+OR+%22air+quality%22%29+AND+%22Steubenville%22&start=2024-09-25&end=2026-09-25&cs=38381394&platform=onlinenews-mediacloud
25,"McAllen-Edinburg, TX",McAllen,TX,"(""air pollution"" OR ""air quality"") AND ""McAllen""",38381323,"Texas, United States - State & Local",593,18,0.03,2024-09-25,2026-09-25,,https://search.mediacloud.org/api/search/total-count?q=%28%22air+pollution%22+OR+%22air+quality%22%29+AND+%22McAllen%22&start=2024-09-25&end=2026-09-25&cs=38381323&platform=onlinenews-mediacloud
26,"McAllen-Edinburg, TX",Edinburg,TX,"(""air pollution"" OR ""air quality"") AND ""Edinburg""",38381323,"Texas, United States - State & Local",593,5,0.01,2024-09-25,2026-09-25,,https://search.mediacloud.org/api/search/total-count?q=%28%22air+pollution%22+OR+%22air+quality%22%29+AND+%22Edinburg%22&start=2024-09-25&end=2026-09-25&cs=38381323&platform=onlinenews-mediacloud
27,"San Diego-Chula Vista-Carlsbad, CA",San Diego,CA,"(""air pollution"" OR ""air quality"") AND ""San Diego""",38380550,"California, United States -State & Local",1283,1920,1.5,2024-09-25,2026-09-25,,https://search.mediacloud.org/api/search/total-count?q=%28%22air+pollution%22+OR+%22air+quality%22%29+AND+%22San+Diego%22&start=2024-09-25&end=2026-09-25&cs=38380550&platform=onlinenews-mediacloud
28,"San Diego-Chula Vista-Carlsbad, CA",Chula Vista,CA,"(""air pollution"" OR ""air quality"") AND ""Chula Vista""",38380550,"California, United States -State & Local",1283,183,0.14,2024-09-25,2026-09-25,,https://search.mediacloud.org/api/search/total-count?q=%28%22air+pollution%22+OR+%22air+quality%22%29+AND+%22Chula+Vista%22&start=2024-09-25&end=2026-09-25&cs=38380550&platform=onlinenews-mediacloud
29,"San Diego-Chula Vista-Carlsbad, CA",Carlsbad,CA,"(""air pollution"" OR ""air quality"") AND ""Carlsbad""",38380550,"California, United States -State & Local",1283,107,0.08,2024-09-25,2026-09-25,,https://search.mediacloud.org/api/search/total-count?q=%28%22air+pollution%22+OR+%22air+quality%22%29+AND+%22Carlsbad%22&start=2024-09-25&end=2026-09-25&cs=38380550&platform=onlinenews-mediacloud
30,"Phoenix-Mesa, AZ",Phoenix,AZ,"(""air pollution"" OR ""air quality"") AND ""Phoenix""",38381317,"Arizona, United States - State & Local",139,438,3.15,2024-09-25,2026-09-25,,https://search.mediacloud.org/api/search/total-count?q=%28%22air+pollution%22+OR+%22air+quality%22%29+AND+%22Phoenix%22&start=2024-09-25&end=2026-09-25&cs=38381317&platform=onlinenews-mediacloud
31,"Phoenix-Mesa, AZ",Mesa,AZ,"(""air pollution"" OR ""air quality"") AND ""Mesa""",38381317,"Arizona, United States - State & Local",139,74,0.53,2024-09-25,2026-09-25,Also a common word / other places,https://search.mediacloud.org/api/search/total-count?q=%28%22air+pollution%22+OR+%22air+quality%22%29+AND+%22Mesa%22&start=2024-09-25&end=2026-09-25&cs=38381317&platform=onlinenews-mediacloud
32,"San Jose-San Francisco-Oakland, CA",San Jose,CA,"(""air pollution"" OR ""air quality"") AND ""San Jose""",38380550,"California, United States -State & Local",1283,803,0.63,2024-09-25,2026-09-25,,https://search.mediacloud.org/api/search/total-count?q=%28%22air+pollution%22+OR+%22air+quality%22%29+AND+%22San+Jose%22&start=2024-09-25&end=2026-09-25&cs=38380550&platform=onlinenews-mediacloud
33,"San Jose-San Francisco-Oakland, CA",San Francisco,CA,"(""air pollution"" OR ""air quality"") AND ""San Francisco""",38380550,"California, United States -State & Local",1283,2422,1.89,2024-09-25,2026-09-25,,https://search.mediacloud.org/api/search/total-count?q=%28%22air+pollution%22+OR+%22air+quality%22%29+AND+%22San+Francisco%22&start=2024-09-25&end=2026-09-25&cs=38380550&platform=onlinenews-mediacloud
34,"San Jose-San Francisco-Oakland, CA",Oakland,CA,"(""air pollution"" OR ""air quality"") AND ""Oakland""",38380550,"California, United States -State & Local",1283,1090,0.85,2024-09-25,2026-09-25,,https://search.mediacloud.org/api/search/total-count?q=%28%22air+pollution%22+OR+%22air+quality%22%29+AND+%22Oakland%22&start=2024-09-25&end=2026-09-25&cs=38380550&platform=onlinenews-mediacloud
35,"Houston-Pasadena, TX",Houston,TX,"(""air pollution"" OR ""air quality"") AND ""Houston""",38381323,"Texas, United States - State & Local",593,624,1.05,2024-09-25,2026-09-25,,https://search.mediacloud.org/api/search/total-count?q=%28%22air+pollution%22+OR+%22air+quality%22%29+AND+%22Houston%22&start=2024-09-25&end=2026-09-25&cs=38381323&platform=onlinenews-mediacloud
36,"Houston-Pasadena, TX",Pasadena,TX,"(""air pollution"" OR ""air quality"") AND ""Pasadena""",38381323,"Texas, United States - State & Local",593,81,0.14,2024-09-25,2026-09-25,Also a city in CA,https://search.mediacloud.org/api/search/total-count?q=%28%22air+pollution%22+OR+%22air+quality%22%29+AND+%22Pasadena%22&start=2024-09-25&end=2026-09-25&cs=38381323&platform=onlinenews-mediacloud
