"Time","air conditioner","fan","AC","total_interest_index","avg_interest_index"
"2016-01-01",2,26,12,40,13.33
"2016-02-01",2,23,13,38,12.67
"2016-03-01",3,23,13,39,13.0
"2016-04-01",9,27,20,56,18.67
"2016-05-01",9,27,18,54,18.0
"2016-06-01",25,33,31,89,29.67
"2016-07-01",10,28,22,60,20.0
"2016-08-01",11,28,24,63,21.0
"2016-09-01",5,22,20,47,15.67
"2016-10-01",3,25,12,40,13.33
"2016-11-01",1,22,10,33,11.0
"2016-12-01",2,26,12,40,13.33
"2017-01-01",2,24,12,38,12.67
"2017-02-01",2,22,14,38,12.67
"2017-03-01",3,22,17,42,14.0
"2017-04-01",3,23,15,41,13.67
"2017-05-01",16,30,25,71,23.67
"2017-06-01",17,28,29,74,24.67
"2017-07-01",15,29,29,73,24.33
"2017-08-01",17,30,29,76,25.33
"2017-09-01",6,26,19,51,17.0
"2017-10-01",3,24,16,43,14.33
"2017-11-01",2,24,17,43,14.33
"2017-12-01",3,29,16,48,16.0
"2018-01-01",3,27,15,45,15.0
"2018-02-01",3,27,16,46,15.33
"2018-03-01",3,25,16,44,14.67
"2018-04-01",6,25,20,51,17.0
"2018-05-01",12,27,24,63,21.0
"2018-06-01",13,29,28,70,23.33
"2018-07-01",26,33,43,102,34.0
"2018-08-01",12,27,25,64,21.33
"2018-09-01",3,25,13,41,13.67
"2018-10-01",2,22,16,40,13.33
"2018-11-01",1,22,13,36,12.0
"2018-12-01",1,23,13,37,12.33
"2019-01-01",2,22,15,39,13.0
"2019-02-01",2,21,14,37,12.33
"2019-03-01",3,23,15,41,13.67
"2019-04-01",4,23,17,44,14.67
"2019-05-01",12,26,23,61,20.33
"2019-06-01",22,31,36,89,29.67
"2019-07-01",11,33,25,69,23.0
"2019-08-01",10,28,25,63,21.0
"2019-09-01",4,24,16,44,14.67
"2019-10-01",2,24,13,39,13.0
"2019-11-01",1,23,11,35,11.67
"2019-12-01",1,23,12,36,12.0
"2020-01-01",1,22,12,35,11.67
"2020-02-01",2,21,13,36,12.0
"2020-03-01",2,19,14,35,11.67
"2020-04-01",5,23,19,47,15.67
"2020-05-01",15,28,29,72,24.0
"2020-06-01",17,26,29,72,24.0
"2020-07-01",23,32,42,97,32.33
"2020-08-01",13,29,29,71,23.67
"2020-09-01",11,34,26,71,23.67
"2020-10-01",4,24,16,44,14.67
"2020-11-01",2,24,30,56,18.67
"2020-12-01",2,24,29,55,18.33
"2021-01-01",2,23,26,51,17.0
"2021-02-01",3,25,27,55,18.33
"2021-03-01",4,26,24,54,18.0
"2021-04-01",11,25,31,67,22.33
"2021-05-01",13,31,31,75,25.0
"2021-06-01",71,46,100,217,72.33
"2021-07-01",23,31,45,99,33.0
"2021-08-01",19,29,40,88,29.33
"2021-09-01",7,25,27,59,19.67
"2021-10-01",4,24,18,46,15.33
"2021-11-01",3,24,18,45,15.0
"2021-12-01",2,26,16,44,14.67
"2022-01-01",3,27,18,48,16.0
"2022-02-01",3,24,18,45,15.0
"2022-03-01",5,22,21,48,16.0
"2022-04-01",5,24,19,48,16.0
"2022-05-01",8,25,23,56,18.67
"2022-06-01",23,32,48,103,34.33
"2022-07-01",31,39,61,131,43.67
"2022-08-01",16,28,37,81,27.0
"2022-09-01",6,26,22,54,18.0
"2022-10-01",3,25,18,46,15.33
"2022-11-01",2,26,15,43,14.33
"2022-12-01",2,25,16,43,14.33
"2023-01-01",2,22,17,41,13.67
"2023-02-01",2,28,16,46,15.33
"2023-03-01",3,23,17,43,14.33
"2023-04-01",7,24,22,53,17.67
"2023-05-01",21,32,47,100,33.33
"2023-06-01",11,26,31,68,22.67
"2023-07-01",18,34,48,100,33.33
"2023-08-01",17,34,45,96,32.0
"2023-09-01",4,28,21,53,17.67
"2023-10-01",3,26,20,49,16.33
"2023-11-01",2,27,17,46,15.33
"2023-12-01",2,25,17,44,14.67
"2024-01-01",2,28,18,48,16.0
"2024-02-01",2,25,18,45,15.0
"2024-03-01",3,25,20,48,16.0
"2024-04-01",5,25,21,51,17.0
"2024-05-01",11,26,30,67,22.33
"2024-06-01",14,32,38,84,28.0
"2024-07-01",27,40,68,135,45.0
"2024-08-01",8,27,29,64,21.33
"2024-09-01",5,26,24,55,18.33
"2024-10-01",2,29,18,49,16.33
"2024-11-01",2,26,16,44,14.67
"2024-12-01",2,25,16,43,14.33
"2025-01-01",2,29,19,50,16.67
"2025-02-01",3,25,24,52,17.33
"2025-03-01",4,25,27,56,18.67
"2025-04-01",5,24,29,58,19.33
"2025-05-01",9,29,31,69,23.0
"2025-06-01",19,36,54,109,36.33
"2025-07-01",21,47,65,133,44.33
"2025-08-01",13,32,49,94,31.33
"2025-09-01",7,31,31,69,23.0
"2025-10-01",5,30,22,57,19.0
"2025-11-01",4,29,22,55,18.33
"2025-12-01",4,33,22,59,19.67
"2026-01-01",5,34,26,65,21.67
"2026-02-01",6,34,27,67,22.33
"2026-03-01",9,34,32,75,25.0
"2026-04-01",20,54,49,123,41.0
"2026-05-01",26,54,60,140,46.67
"2026-06-01",31,66,78,175,58.33
"2026-07-01",24,48,73,145,48.33
"2026-08-01",19,37,63,119,39.67
"2026-09-01",11,34,40,85,28.33
