"Time","air conditioner","fan","AC","total_searches","avg_searches"
"2016-01-01",2,23,16,41,13.67
"2016-02-01",3,22,20,45,15.0
"2016-03-01",4,23,23,50,16.67
"2016-04-01",5,30,27,62,20.67
"2016-05-01",7,28,31,66,22.0
"2016-06-01",13,35,49,97,32.33
"2016-07-01",14,34,52,100,33.33
"2016-08-01",10,31,42,83,27.67
"2016-09-01",6,27,32,65,21.67
"2016-10-01",4,26,23,53,17.67
"2016-11-01",3,23,17,43,14.33
"2016-12-01",2,24,17,43,14.33
"2017-01-01",2,24,17,43,14.33
"2017-02-01",3,23,21,47,15.67
"2017-03-01",4,26,26,56,18.67
"2017-04-01",5,26,30,61,20.33
"2017-05-01",7,28,35,70,23.33
"2017-06-01",13,32,51,96,32.0
"2017-07-01",14,34,57,105,35.0
"2017-08-01",9,27,41,77,25.67
"2017-09-01",6,27,31,64,21.33
"2017-10-01",4,27,25,56,18.67
"2017-11-01",3,23,22,48,16.0
"2017-12-01",2,23,18,43,14.33
"2018-01-01",2,24,20,46,15.33
"2018-02-01",3,23,20,46,15.33
"2018-03-01",4,28,27,59,19.67
"2018-04-01",5,27,28,60,20.0
"2018-05-01",13,33,52,98,32.67
"2018-06-01",15,35,60,110,36.67
"2018-07-01",15,37,65,117,39.0
"2018-08-01",9,31,47,87,29.0
"2018-09-01",5,26,34,65,21.67
"2018-10-01",4,26,29,59,19.67
"2018-11-01",2,23,22,47,15.67
"2018-12-01",2,24,19,45,15.0
"2019-01-01",2,25,19,46,15.33
"2019-02-01",3,23,22,48,16.0
"2019-03-01",4,25,27,56,18.67
"2019-04-01",6,28,34,68,22.67
"2019-05-01",9,31,46,86,28.67
"2019-06-01",13,36,60,109,36.33
"2019-07-01",13,35,60,108,36.0
"2019-08-01",12,33,59,104,34.67
"2019-09-01",7,30,41,78,26.0
"2019-10-01",3,27,27,57,19.0
"2019-11-01",2,24,21,47,15.67
"2019-12-01",2,23,18,43,14.33
"2020-01-01",2,23,21,46,15.33
"2020-02-01",3,22,21,46,15.33
"2020-03-01",5,25,31,61,20.33
"2020-04-01",6,29,35,70,23.33
"2020-05-01",9,35,51,95,31.67
"2020-06-01",13,39,61,113,37.67
"2020-07-01",17,40,71,128,42.67
"2020-08-01",11,35,56,102,34.0
"2020-09-01",6,29,34,69,23.0
"2020-10-01",4,26,29,59,19.67
"2020-11-01",3,23,32,58,19.33
"2020-12-01",2,24,29,55,18.33
"2021-01-01",3,25,30,58,19.33
"2021-02-01",4,28,31,63,21.0
"2021-03-01",4,27,33,64,21.33
"2021-04-01",6,28,37,71,23.67
"2021-05-01",8,31,43,82,27.33
"2021-06-01",17,42,69,128,42.67
"2021-07-01",11,36,58,105,35.0
"2021-08-01",10,33,54,97,32.33
"2021-09-01",7,31,41,79,26.33
"2021-10-01",4,28,30,62,20.67
"2021-11-01",3,27,24,54,18.0
"2021-12-01",3,27,24,54,18.0
"2022-01-01",3,28,25,56,18.67
"2022-02-01",3,25,25,53,17.67
"2022-03-01",4,29,35,68,22.67
"2022-04-01",7,31,39,77,25.67
"2022-05-01",12,40,55,107,35.67
"2022-06-01",18,47,79,144,48.0
"2022-07-01",19,46,83,148,49.33
"2022-08-01",10,37,56,103,34.33
"2022-09-01",6,31,42,79,26.33
"2022-10-01",4,30,29,63,21.0
"2022-11-01",3,28,24,55,18.33
"2022-12-01",3,27,24,54,18.0
"2023-01-01",2,29,23,54,18.0
"2023-02-01",3,28,28,59,19.67
"2023-03-01",4,30,32,66,22.0
"2023-04-01",4,29,34,67,22.33
"2023-05-01",8,36,50,94,31.33
"2023-06-01",19,51,86,156,52.0
"2023-07-01",15,47,80,142,47.33
"2023-08-01",14,46,83,143,47.67
"2023-09-01",6,37,47,90,30.0
"2023-10-01",3,32,34,69,23.0
"2023-11-01",2,30,25,57,19.0
"2023-12-01",2,26,22,50,16.67
"2024-01-01",2,30,25,57,19.0
"2024-02-01",3,28,28,59,19.67
"2024-03-01",4,29,31,64,21.33
"2024-04-01",5,31,40,76,25.33
"2024-05-01",10,41,58,109,36.33
"2024-06-01",13,50,70,133,44.33
"2024-07-01",13,46,74,133,44.33
"2024-08-01",10,41,67,118,39.33
"2024-09-01",5,32,43,80,26.67
"2024-10-01",3,32,35,70,23.33
"2024-11-01",3,28,29,60,20.0
"2024-12-01",2,28,25,55,18.33
"2025-01-01",2,29,28,59,19.67
"2025-02-01",3,30,35,68,22.67
"2025-03-01",4,32,46,82,27.33
"2025-04-01",5,34,49,88,29.33
"2025-05-01",8,44,58,110,36.67
"2025-06-01",11,43,73,127,42.33
"2025-07-01",13,48,78,139,46.33
"2025-08-01",10,43,75,128,42.67
"2025-09-01",6,37,51,94,31.33
"2025-10-01",5,32,42,79,26.33
"2025-11-01",4,33,36,73,24.33
"2025-12-01",3,34,33,70,23.33
"2026-01-01",4,35,33,72,24.0
"2026-02-01",5,37,40,82,27.33
"2026-03-01",8,43,52,103,34.33
"2026-04-01",17,63,63,143,47.67
"2026-05-01",17,61,73,151,50.33
"2026-06-01",24,97,99,220,73.33
"2026-07-01",16,66,100,182,60.67
"2026-08-01",13,50,97,160,53.33
"2026-09-01",8,46,67,121,40.33
