item_id,band,claude_unsure,reason
m09hyw1,X,no,"Inversion used in a political or rhetorical sense, not weather"
m09ezbn,X,no,"Hospital story; mask is medical, not about air"
m05oof6,X,no,Food allergies at a party
1h60r2q,E,yes,"Asks how growing up with the valley's air affected health; framed as long-term, not this week"
m0a3ptw,E,no,"Many people have asthma from bad air; says raise kids elsewhere, stated flatly"
m0a4sjz,N,no,Says the air does not seem to bother them
m0a64g9,N,no,Lungs strong since moving there; allergies a nonissue
m0a7ttd,E,no,"Allergies every day, said flatly"
m0a8jdy,N,yes,Son's asthma improved after moving there; implies air is fine
m0a8obg,E,no,"Severe asthma attributed to air quality, ongoing"
m0a8ykh,N,no,Air is gross but no health issues
m0a94ct,E,no,Friend got valley fever after moving there; told flatly
m0a94uf,E,no,"Asthma all around, routine harm"
m0abprd,E,no,"Lifelong allergies and past valley fever, stated flatly"
m0adtre,E,yes,No issues for self but nephew had asthma attacks until moving; mixed
m0ahtti,E,yes,"Asthma returned after moving there; calls the air really bad, some intensity"
m0am33e,E,no,"Describes bad asthma needing breathing treatments, past routine"
m0b93tn,N,no,Lifelong resident with only minor allergies
m0beetj,N,yes,Not affected; mother's valley fever resolved; downplays harm
m0beyv3,E,no,"Lifelong asthma, pneumonia, allergies; moved away"
m0bhgl5,E,yes,Not much affected but many peers had asthma; speculates childhood exposure matters
m0c1not,N,no,Air used to be worse before wood-burning limits
m0c7kr3,E,no,"Valley fever, coughing blood for years, stated flatly"
m0cf9ck,E,no,Severe allergies since teens; doctor said move or medicate
m0divmo,E,no,Developed allergies; many peers have asthma
m0dyduq,E,no,Lung changes like a smoker after decades there
m0e1744,N,no,No health issues from the air for family or most people around
m0for1r,E,yes,Asthma and lung issues growing up; advises purifier and moving; mix of E and J
m0z286k,E,no,Got valley fever after returning; resigned tone
m0g4w02,A,yes,Wonders if some event will affect air quality; context unclear
m0mva3c,E,yes,Hearsay that event attendees got valley fever; not clearly air talk
m0ovui1,E,yes,"Just says poor air quality; context unclear, likely a list of city downsides"
m0yib97,X,no,Food allergy to pork
1h8aob5,A,no,Asks if this week's air quality is affecting others; allergies killing them
m0rj02d,J,no,Staying inside and running air purifier; coughs when air is bad
m0rjbud,E,yes,Friend's valley fever possibly from nearby plant dust; not this week
m0rn7e5,A,no,Usually not bothered but this week the air is so bad they feel it
m0ro986,A,no,Waking at night unable to breathe
m0rua2o,A,yes,"Congestion and sneezing all week, relieved others feel it too"
m0rxuea,A,no,Shocking to leave the valley and see the horizon
m0s5all,J,no,Wearing a mask all week
m0s8kj0,A,yes,Asks what is causing the drop in air quality; reacting to it
m0sbhoz,N,no,Jokes the air looks fine to them
m0sdh97,A,yes,Explains inversion trapping smog in the valley; informational
m0sqgkd,A,no,First asthma attack in 14 years this week
m0t5eyg,E,yes,Husband got valley fever at work; very sick; occupational story
m0tp86v,A,no,"Congested all week, mom has awful cough"
m0twmzn,A,no,Air quality in the toilet this week
m0txzg3,A,no,"Air quality map is crazy, checking on others"
m0u3cvf,A,no,Thought it was anxiety but bad air triggering asthma attacks
m0vqwde,A,yes,Air takes a toll on everyone; maladies vanished after moving away
m0xsz8t,A,yes,Explains inversion layer trapping pollutants; informational
m0zaftw,J,no,Purifier and humidifier in bedroom helping; hoping for rain
m0tdo6v,A,yes,Lists choking air quality as a critical issue in an argument
m0saap8,A,no,"Bad sleep and spouse coughing at night, very bad this week"
