"Time","air conditioner","cooling center","fan","AC","cooling fan"
"2016-01-01",2,0,30,19,1
"2016-02-01",4,0,30,22,1
"2016-03-01",3,0,29,22,1
"2016-04-01",7,0,35,27,1
"2016-05-01",7,0,33,26,1
"2016-06-01",24,0,45,47,1
"2016-07-01",17,0,42,46,1
"2016-08-01",10,0,35,33,1
"2016-09-01",6,0,33,26,1
"2016-10-01",3,0,31,21,1
"2016-11-01",2,0,28,19,0
"2016-12-01",2,0,27,18,0
"2017-01-01",2,0,27,18,0
"2017-02-01",2,0,27,19,1
"2017-03-01",4,0,29,24,1
"2017-04-01",5,0,30,24,1
"2017-05-01",11,0,36,33,1
"2017-06-01",22,0,48,56,1
"2017-07-01",20,0,44,53,1
"2017-08-01",13,0,38,39,1
"2017-09-01",15,0,37,36,1
"2017-10-01",5,0,32,24,1
"2017-11-01",3,0,27,23,0
"2017-12-01",2,0,27,20,0
"2018-01-01",2,0,26,19,0
"2018-02-01",3,0,27,20,0
"2018-03-01",4,0,25,21,1
"2018-04-01",7,0,30,28,1
"2018-05-01",8,0,33,28,1
"2018-06-01",15,0,40,42,1
"2018-07-01",35,0,51,73,2
"2018-08-01",17,0,39,48,1
"2018-09-01",5,0,33,28,1
"2018-10-01",3,0,30,25,1
"2018-11-01",3,0,27,22,0
"2018-12-01",2,0,27,22,0
"2019-01-01",2,0,28,23,0
"2019-02-01",2,0,25,21,0
"2019-03-01",3,0,28,24,1
"2019-04-01",8,0,34,33,1
"2019-05-01",5,0,31,29,1
"2019-06-01",21,0,46,54,1
"2019-07-01",19,0,42,54,1
"2019-08-01",12,0,37,48,1
"2019-09-01",9,0,35,37,1
"2019-10-01",3,0,30,26,1
"2019-11-01",2,0,26,22,0
"2019-12-01",2,0,27,22,0
"2020-01-01",2,0,29,26,0
"2020-02-01",3,0,27,26,0
"2020-03-01",2,0,24,22,0
"2020-04-01",11,0,38,37,1
"2020-05-01",16,0,44,48,1
"2020-06-01",16,0,41,50,1
"2020-07-01",19,0,45,55,1
"2020-08-01",29,0,54,72,2
"2020-09-01",17,0,43,44,1
"2020-10-01",7,0,35,32,1
"2020-11-01",3,0,29,34,1
"2020-12-01",3,0,31,33,1
"2021-01-01",3,0,29,29,1
"2021-02-01",4,0,31,30,1
"2021-03-01",4,0,30,29,1
"2021-04-01",9,0,36,36,1
"2021-05-01",12,0,40,42,1
"2021-06-01",25,0,49,66,1
"2021-07-01",20,0,47,61,1
"2021-08-01",13,0,44,52,1
"2021-09-01",9,0,37,38,1
"2021-10-01",4,0,33,27,1
"2021-11-01",3,0,33,25,1
"2021-12-01",3,0,29,23,0
"2022-01-01",3,0,32,25,1
"2022-02-01",4,0,33,28,1
"2022-03-01",5,0,33,30,1
"2022-04-01",8,0,36,34,1
"2022-05-01",9,0,38,38,1
"2022-06-01",19,0,49,61,1
"2022-07-01",16,0,50,56,1
"2022-08-01",16,0,48,59,1
"2022-09-01",24,0,49,64,1
"2022-10-01",5,0,37,31,1
"2022-11-01",3,0,32,24,1
"2022-12-01",3,0,31,22,1
"2023-01-01",3,0,33,24,1
"2023-02-01",3,0,32,23,1
"2023-03-01",3,0,29,23,1
"2023-04-01",8,0,37,39,1
"2023-05-01",8,0,38,41,1
"2023-06-01",9,0,41,43,1
"2023-07-01",27,0,60,87,2
"2023-08-01",13,0,50,56,1
"2023-09-01",5,0,42,37,1
"2023-10-01",4,0,38,35,1
"2023-11-01",3,0,37,26,1
"2023-12-01",2,0,31,24,1
"2024-01-01",2,0,33,25,0
"2024-02-01",2,0,32,26,0
"2024-03-01",3,0,31,28,1
"2024-04-01",5,0,36,34,1
"2024-05-01",7,0,38,39,1
"2024-06-01",18,0,57,65,1
"2024-07-01",22,0,56,86,2
"2024-08-01",10,0,44,53,1
"2024-09-01",10,0,43,50,1
"2024-10-01",5,0,42,34,1
"2024-11-01",3,0,36,27,1
"2024-12-01",2,0,33,25,1
"2025-01-01",3,0,33,29,1
"2025-02-01",3,0,34,35,1
"2025-03-01",4,0,35,37,1
"2025-04-01",5,0,40,45,1
"2025-05-01",11,0,53,55,1
"2025-06-01",13,0,51,62,1
"2025-07-01",13,0,55,64,1
"2025-08-01",15,0,59,73,2
"2025-09-01",9,0,46,54,1
"2025-10-01",4,0,39,35,1
"2025-11-01",4,1,40,35,1
"2025-12-01",4,1,42,32,1
"2026-01-01",4,1,43,34,1
"2026-02-01",5,1,54,41,2
"2026-03-01",15,1,66,65,2
"2026-04-01",21,1,89,62,4
"2026-05-01",22,2,86,64,3
"2026-06-01",29,2,100,77,4
"2026-07-01",23,1,76,92,3
"2026-08-01",19,0,66,88,2
"2026-09-01",11,0,53,63,1