,"(deg F) Maximum Temperature (gridMET) at 2684000, 2016-01-01 to 2026-09-24"
"2016-01-01",29.3941
"2016-01-02",36.3454
"2016-01-03",33.3595
"2016-01-04",25.1479
"2016-01-05",30.31
"2016-01-06",37.2844
"2016-01-07",41.8872
"2016-01-08",44.9742
"2016-01-09",50.3076
"2016-01-10",37.0051
"2016-01-11",27.1933
"2016-01-12",25.1751
"2016-01-13",22.4065
"2016-01-14",37.135
"2016-01-15",41.7535
"2016-01-16",32.1892
"2016-01-17",22.9419
"2016-01-18",17.2445
"2016-01-19",22.4028
"2016-01-20",21.3145
"2016-01-21",26.0571
"2016-01-22",27.2984
"2016-01-23",30.7659
"2016-01-24",36.021
"2016-01-25",45.7858
"2016-01-26",40.5093
"2016-01-27",34.3276
"2016-01-28",38.8917
"2016-01-29",33.1342
"2016-01-30",50.1577
"2016-01-31",53.4623
"2016-02-01",46.8176
"2016-02-02",53.5687
"2016-02-03",57.6082
"2016-02-04",34.9659
"2016-02-05",39.2153
"2016-02-06",40.5883
"2016-02-07",49.7282
"2016-02-08",42.6736
"2016-02-09",32.994
"2016-02-10",23.4707
"2016-02-11",22.1655
"2016-02-12",26.7541
"2016-02-13",16.4721
"2016-02-14",21.4506
"2016-02-15",30.4617
"2016-02-16",31.4863
"2016-02-17",33.0555
"2016-02-18",35.2051
"2016-02-19",61.3022
"2016-02-20",62.5093
"2016-02-21",41.7598
"2016-02-22",35.8921
"2016-02-23",42.3786
"2016-02-24",34.545
"2016-02-25",34.932
"2016-02-26",33.1281
"2016-02-27",44.6403
"2016-02-28",64.2754
"2016-02-29",49.2305
"2016-03-01",31.8938
"2016-03-02",28.1219
"2016-03-03",30.7884
"2016-03-04",34.9324
"2016-03-05",32.9518
"2016-03-06",39.8323
"2016-03-07",63.991
"2016-03-08",70.5331
"2016-03-09",70.3989
"2016-03-10",58.5709
"2016-03-11",48.7432
"2016-03-12",58.4143
"2016-03-13",47.6794
"2016-03-14",63.6148
"2016-03-15",50.5677
"2016-03-16",61.0722
"2016-03-17",56.4454
"2016-03-18",48.6028
"2016-03-19",40.1911
"2016-03-20",44.6821
"2016-03-21",46.6092
"2016-03-22",62.5872
"2016-03-23",45.0804
"2016-03-24",56.3731
"2016-03-25",43.7774
"2016-03-26",44.9267
"2016-03-27",65.1074
"2016-03-28",48.4488
"2016-03-29",49.8317
"2016-03-30",61.792
"2016-03-31",64.936
"2016-04-01",53.1183
"2016-04-02",39.958
"2016-04-03",46.5928
"2016-04-04",34.9511
"2016-04-05",40.1916
"2016-04-06",54.2093
"2016-04-07",42.4418
"2016-04-08",43.9894
"2016-04-09",33.9742
"2016-04-10",50.8152
"2016-04-11",60.8284
"2016-04-12",50.23
"2016-04-13",50.092
"2016-04-14",57.3976
"2016-04-15",68.0148
"2016-04-16",73.5345
"2016-04-17",76.7516
"2016-04-18",81.6472
"2016-04-19",63.0336
"2016-04-20",65.1745
"2016-04-21",63.0417
"2016-04-22",61.3587
"2016-04-23",58.2852
"2016-04-24",64.3176
"2016-04-25",68.8404
"2016-04-26",52.8629
"2016-04-27",59.4559
"2016-04-28",50.913
"2016-04-29",53.1021
"2016-04-30",54.7065
"2016-05-01",54.2858
"2016-05-02",55.0128
"2016-05-03",64.2961
"2016-05-04",61.1478
"2016-05-05",66.8937
"2016-05-06",72.7282
"2016-05-07",72.864
"2016-05-08",68.3809
"2016-05-09",63.8386
"2016-05-10",56.2644
"2016-05-11",69.1671
"2016-05-12",78.1851
"2016-05-13",69.3426
"2016-05-14",50.5657
"2016-05-15",51.4513
"2016-05-16",68.5342
"2016-05-17",63.0016
"2016-05-18",65.2537
"2016-05-19",69.9782
"2016-05-20",70.3134
"2016-05-21",72.7623
"2016-05-22",71.3961
"2016-05-23",77.641
"2016-05-24",84.6054
"2016-05-25",85.899
"2016-05-26",85.2613
"2016-05-27",83.9041
"2016-05-28",87.0321
"2016-05-29",85.8022
"2016-05-30",83.7882
"2016-05-31",81.8652
"2016-06-01",82.7506
"2016-06-02",83.8774
"2016-06-03",80.9812
"2016-06-04",80.8475
"2016-06-05",75.5364
"2016-06-06",81.7056
"2016-06-07",68.2538
"2016-06-08",69.7375
"2016-06-09",73.8874
"2016-06-10",82.5427
"2016-06-11",93.5244
"2016-06-12",78.5622
"2016-06-13",71.9663
"2016-06-14",74.7016
"2016-06-15",83.9075
"2016-06-16",75.3069
"2016-06-17",86.3379
"2016-06-18",88.4089
"2016-06-19",89.9103
"2016-06-20",91.9112
"2016-06-21",83.4129
"2016-06-22",82.7244
"2016-06-23",78.0107
"2016-06-24",82.7332
"2016-06-25",86.7366
"2016-06-26",91.5829
"2016-06-27",93.268
"2016-06-28",71.62
"2016-06-29",80.215
"2016-06-30",82.9341
"2016-07-01",75.2023
"2016-07-02",78.0015
"2016-07-03",79.9502
"2016-07-04",80.0296
"2016-07-05",87.5854
"2016-07-06",87.5262
"2016-07-07",89.7033
"2016-07-08",87.4391
"2016-07-09",77.3163
"2016-07-10",82.8754
"2016-07-11",85.3081
"2016-07-12",90.4824
"2016-07-13",89.7285
"2016-07-14",87.7687
"2016-07-15",80.3323
"2016-07-16",73.8072
"2016-07-17",84.8889
"2016-07-18",86.9653
"2016-07-19",83.2559
"2016-07-20",86.599
"2016-07-21",90.1918
"2016-07-22",93.9085
"2016-07-23",94.0685
"2016-07-24",85.2879
"2016-07-25",91.2619
"2016-07-26",86.3892
"2016-07-27",90.6462
"2016-07-28",85.0444
"2016-07-29",83.4874
"2016-07-30",77.8707
"2016-07-31",83.4253
"2016-08-01",84.5314
"2016-08-02",86.043
"2016-08-03",89.1129
"2016-08-04",90.0243
"2016-08-05",89.0071
"2016-08-06",83.7329
"2016-08-07",82.711
"2016-08-08",82.9513
"2016-08-09",87.89
"2016-08-10",93.6248
"2016-08-11",91.9875
"2016-08-12",93.0596
"2016-08-13",84.8059
"2016-08-14",81.1114
"2016-08-15",79.2889
"2016-08-16",80.1646
"2016-08-17",85.2426
"2016-08-18",83.8006
"2016-08-19",86.6772
"2016-08-20",84.0497
"2016-08-21",77.3064
"2016-08-22",77.3919
"2016-08-23",81.509
"2016-08-24",82.6225
"2016-08-25",87.1108
"2016-08-26",85.4278
"2016-08-27",84.0621
"2016-08-28",86.6547
"2016-08-29",83.4949
"2016-08-30",82.495
"2016-08-31",78.9231
"2016-09-01",72.8391
"2016-09-02",72.9691
"2016-09-03",75.0996
"2016-09-04",79.1676
"2016-09-05",84.1672
"2016-09-06",90.2354
"2016-09-07",89.2971
"2016-09-08",82.0162
"2016-09-09",81.115
"2016-09-10",77.4174
"2016-09-11",72.3862
"2016-09-12",74.7858
"2016-09-13",81.3157
"2016-09-14",73.5694
"2016-09-15",72.183
"2016-09-16",77.4379
"2016-09-17",73.6326
"2016-09-18",79.4853
"2016-09-19",82.4329
"2016-09-20",81.0286
"2016-09-21",80.5129
"2016-09-22",85.7093
"2016-09-23",75.4005
"2016-09-24",68.6219
"2016-09-25",70.9482
"2016-09-26",67.9048
"2016-09-27",69.0811
"2016-09-28",61.3807
"2016-09-29",62.8086
"2016-09-30",61.657
"2016-10-01",66.8959
"2016-10-02",68.4727
"2016-10-03",66.4941
"2016-10-04",71.2071
"2016-10-05",75.6221
"2016-10-06",78.2213
"2016-10-07",78.0028
"2016-10-08",60.4949
"2016-10-09",60.2409
"2016-10-10",60.6591
"2016-10-11",65.7563
"2016-10-12",76.1965
"2016-10-13",57.1995
"2016-10-14",60.1167
"2016-10-15",70.3038
"2016-10-16",68.2025
"2016-10-17",79.9662
"2016-10-18",76.0316
"2016-10-19",69.4456
"2016-10-20",56.4246
"2016-10-21",52.4196
"2016-10-22",51.3966
"2016-10-23",64.126
"2016-10-24",53.1853
"2016-10-25",52.4358
"2016-10-26",46.0362
"2016-10-27",46.3039
"2016-10-28",58.1999
"2016-10-29",70.5879
"2016-10-30",52.236
"2016-10-31",52.77
"2016-11-01",75.5569
"2016-11-02",62.0458
"2016-11-03",57.7085
"2016-11-04",56.1567
"2016-11-05",67.1353
"2016-11-06",61.9502
"2016-11-07",63.6318
"2016-11-08",58.8376
"2016-11-09",52.1397
"2016-11-10",63.1099
"2016-11-11",48.7418
"2016-11-12",50.146
"2016-11-13",57.3516
"2016-11-14",56.5938
"2016-11-15",57.0389
"2016-11-16",57.5515
"2016-11-17",59.5591
"2016-11-18",70.3926
"2016-11-19",41.2561
"2016-11-20",34.1377
"2016-11-21",38.0732
"2016-11-22",38.3896
"2016-11-23",41.3924
"2016-11-24",46.0944
"2016-11-25",43.4232
"2016-11-26",42.2501
"2016-11-27",46.4956
"2016-11-28",52.0056
"2016-11-29",56.9025
"2016-11-30",57.2527
"2016-12-01",41.365
"2016-12-02",41.1615
"2016-12-03",39.5848
"2016-12-04",39.9103
"2016-12-05",41.6327
"2016-12-06",41.6905
"2016-12-07",37.5523
"2016-12-08",29.9356
"2016-12-09",33.5125
"2016-12-10",29.3041
"2016-12-11",34.7317
"2016-12-12",35.8461
"2016-12-13",27.7011
"2016-12-14",20.0982
"2016-12-15",17.0114
"2016-12-16",25.1897
"2016-12-17",27.8442
"2016-12-18",23.8494
"2016-12-19",17.5001
"2016-12-20",31.0708
"2016-12-21",35.1126
"2016-12-22",40.102
"2016-12-23",36.8544
"2016-12-24",38.2831
"2016-12-25",38.7804
"2016-12-26",56.271
"2016-12-27",32.3949
"2016-12-28",37.6947
"2016-12-29",41.5098
"2016-12-30",36.1674
"2016-12-31",45.7147
"2017-01-01",41.0315
"2017-01-02",40.2636
"2017-01-03",42.7806
"2017-01-04",26.6049
"2017-01-05",19.1736
"2017-01-06",15.2566
"2017-01-07",15.8076
"2017-01-08",18.7714
"2017-01-09",30.7558
"2017-01-10",47.9642
"2017-01-11",56.5745
"2017-01-12",34.2622
"2017-01-13",25.5011
"2017-01-14",30.6342
"2017-01-15",33.955
"2017-01-16",34.2216
"2017-01-17",46.11
"2017-01-18",41.3431
"2017-01-19",37.4977
"2017-01-20",41.4486
"2017-01-21",57.5208
"2017-01-22",45.4375
"2017-01-23",42.3446
"2017-01-24",40.5241
"2017-01-25",46.7013
"2017-01-26",39.1611
"2017-01-27",32.8044
"2017-01-28",30.3087
"2017-01-29",30.1123
"2017-01-30",28.7805
"2017-01-31",34.0477
"2017-02-01",39.3219
"2017-02-02",26.3736
"2017-02-03",24.3711
"2017-02-04",32.2493
"2017-02-05",38.4003
"2017-02-06",39.9173
"2017-02-07",55.9647
"2017-02-08",34.3947
"2017-02-09",23.7222
"2017-02-10",36.6165
"2017-02-11",45.3781
"2017-02-12",44.9316
"2017-02-13",43.7702
"2017-02-14",50.1253
"2017-02-15",30.9643
"2017-02-16",34.7677
"2017-02-17",46.6468
"2017-02-18",68.5321
"2017-02-19",65.5644
"2017-02-20",48.5771
"2017-02-21",57.1156
"2017-02-22",63.541
"2017-02-23",67.561
"2017-02-24",66.0686
"2017-02-25",40.9087
"2017-02-26",41.9049
"2017-02-27",50.724
"2017-02-28",56.1011
"2017-03-01",56.1087
"2017-03-02",31.4065
"2017-03-03",28.0969
"2017-03-04",30.1698
"2017-03-05",45.2806
"2017-03-06",56.2564
"2017-03-07",58.5567
"2017-03-08",53.8482
"2017-03-09",42.4323
"2017-03-10",30.0211
"2017-03-11",29.7671
"2017-03-12",31.6998
"2017-03-13",24.3995
"2017-03-14",24.2641
"2017-03-15",31.7676
"2017-03-16",40.545
"2017-03-17",37.1957
"2017-03-18",41.666
"2017-03-19",44.3518
"2017-03-20",44.3233
"2017-03-21",57.132
"2017-03-22",36.1258
"2017-03-23",46.2259
"2017-03-24",75.5794
"2017-03-25",44.2377
"2017-03-26",52.1191
"2017-03-27",61.9002
"2017-03-28",51.1777
"2017-03-29",55.5708
"2017-03-30",40.7793
"2017-03-31",42.5784
"2017-04-01",57.3051
"2017-04-02",62.1088
"2017-04-03",56.0806
"2017-04-04",54.7709
"2017-04-05",48.9805
"2017-04-06",41.4091
"2017-04-07",51.6139
"2017-04-08",61.8697
"2017-04-09",75.8197
"2017-04-10",75.8592
"2017-04-11",68.2135
"2017-04-12",59.7612
"2017-04-13",50.3163
"2017-04-14",62.4952
"2017-04-15",83.6217
"2017-04-16",74.5734
"2017-04-17",67.7701
"2017-04-18",65.019
"2017-04-19",75.468
"2017-04-20",60.3009
"2017-04-21",52.6075
"2017-04-22",60.073
"2017-04-23",68.8437
"2017-04-24",70.6782
"2017-04-25",70.1944
"2017-04-26",78.4848
"2017-04-27",72.9927
"2017-04-28",63.8544
"2017-04-29",49.1983
"2017-04-30",61.1082
"2017-05-01",66.9929
"2017-05-02",50.5956
"2017-05-03",58.8812
"2017-05-04",46.9357
"2017-05-05",46.6459
"2017-05-06",57.4981
"2017-05-07",56.4651
"2017-05-08",58.1549
"2017-05-09",59.8546
"2017-05-10",63.999
"2017-05-11",64.249
"2017-05-12",66.5544
"2017-05-13",70.2444
"2017-05-14",67.9631
"2017-05-15",71.0818
"2017-05-16",84.976
"2017-05-17",87.4755
"2017-05-18",88.0378
"2017-05-19",56.028
"2017-05-20",64.0976
"2017-05-21",74.6816
"2017-05-22",70.4779
"2017-05-23",73.5841
"2017-05-24",65.595
"2017-05-25",61.3224
"2017-05-26",68.6041
"2017-05-27",74.1772
"2017-05-28",77.2119
"2017-05-29",78.6061
"2017-05-30",73.0371
"2017-05-31",73.9116
"2017-06-01",74.6368
"2017-06-02",79.1436
"2017-06-03",78.9899
"2017-06-04",86.3883
"2017-06-05",69.7318
"2017-06-06",67.2699
"2017-06-07",73.8115
"2017-06-08",75.3719
"2017-06-09",77.6316
"2017-06-10",87.8153
"2017-06-11",90.2538
"2017-06-12",91.9044
"2017-06-13",87.2782
"2017-06-14",84.9362
"2017-06-15",83.75
"2017-06-16",87.6034
"2017-06-17",87.674
"2017-06-18",85.0199
"2017-06-19",79.4138
"2017-06-20",77.623
"2017-06-21",76.5703
"2017-06-22",88.0966
"2017-06-23",79.8795
"2017-06-24",78.4954
"2017-06-25",71.1075
"2017-06-26",71.4801
"2017-06-27",73.5159
"2017-06-28",77.6311
"2017-06-29",86.2183
"2017-06-30",84.828
"2017-07-01",83.0876
"2017-07-02",84.2169
"2017-07-03",79.9912
"2017-07-04",79.7625
"2017-07-05",83.1722
"2017-07-06",85.3
"2017-07-07",83.9577
"2017-07-08",77.2293
"2017-07-09",81.0763
"2017-07-10",75.4803
"2017-07-11",83.9277
"2017-07-12",83.4145
"2017-07-13",82.7136
"2017-07-14",81.2786
"2017-07-15",80.0564
"2017-07-16",81.2188
"2017-07-17",78.8108
"2017-07-18",84.4957
"2017-07-19",91.4373
"2017-07-20",88.3141
"2017-07-21",86.6106
"2017-07-22",86.0342
"2017-07-23",83.1036
"2017-07-24",73.7008
"2017-07-25",78.3577
"2017-07-26",80.9742
"2017-07-27",84.4344
"2017-07-28",76.5547
"2017-07-29",82.5325
"2017-07-30",86.0909
"2017-07-31",87.5694
"2017-08-01",86.5236
"2017-08-02",86.9353
"2017-08-03",84.2229
"2017-08-04",75.5902
"2017-08-05",75.5308
"2017-08-06",77.1501
"2017-08-07",77.8237
"2017-08-08",81.9997
"2017-08-09",83.1835
"2017-08-10",83.0655
"2017-08-11",82.1989
"2017-08-12",78.2175
"2017-08-13",79.921
"2017-08-14",81.9556
"2017-08-15",81.3726
"2017-08-16",83.2001
"2017-08-17",79.7526
"2017-08-18",77.783
"2017-08-19",79.7733
"2017-08-20",84.1001
"2017-08-21",87.6627
"2017-08-22",80.733
"2017-08-23",75.7146
"2017-08-24",70.5132
"2017-08-25",72.286
"2017-08-26",73.8498
"2017-08-27",75.7535
"2017-08-28",72.7804
"2017-08-29",70.905
"2017-08-30",80.4956
"2017-08-31",70.261
"2017-09-01",64.9834
"2017-09-02",69.0627
"2017-09-03",76.0269
"2017-09-04",82.9659
"2017-09-05",71.2053
"2017-09-06",66.7816
"2017-09-07",67.6584
"2017-09-08",67.2399
"2017-09-09",65.5198
"2017-09-10",67.9921
"2017-09-11",73.0922
"2017-09-12",74.9529
"2017-09-13",74.696
"2017-09-14",75.6788
"2017-09-15",79.0122
"2017-09-16",80.8536
"2017-09-17",83.3918
"2017-09-18",72.8213
"2017-09-19",70.3888
"2017-09-20",81.4145
"2017-09-21",87.5548
"2017-09-22",87.9147
"2017-09-23",89.3905
"2017-09-24",88.2736
"2017-09-25",89.2054
"2017-09-26",90.0784
"2017-09-27",78.8544
"2017-09-28",66.4369
"2017-09-29",68.9108
"2017-09-30",62.0874
"2017-10-01",66.366
"2017-10-02",72.8618
"2017-10-03",81.9093
"2017-10-04",79.4669
"2017-10-05",75.5161
"2017-10-06",67.0757
"2017-10-07",81.7281
"2017-10-08",73.0873
"2017-10-09",77.1017
"2017-10-10",68.2212
"2017-10-11",54.156
"2017-10-12",59.4063
"2017-10-13",70.6554
"2017-10-14",70.3274
"2017-10-15",74.1229
"2017-10-16",57.1435
"2017-10-17",69.0121
"2017-10-18",68.4226
"2017-10-19",70.4874
"2017-10-20",70.1353
"2017-10-21",71.827
"2017-10-22",76.0685
"2017-10-23",66.7427
"2017-10-24",55.6972
"2017-10-25",51.1965
"2017-10-26",54.5464
"2017-10-27",59.4525
"2017-10-28",45.5092
"2017-10-29",46.7571
"2017-10-30",45.7662
"2017-10-31",42.0289
"2017-11-01",49.6612
"2017-11-02",58.9051
"2017-11-03",50.7639
"2017-11-04",53.8597
"2017-11-05",62.2119
"2017-11-06",46.2517
"2017-11-07",48.0794
"2017-11-08",49.4125
"2017-11-09",48.8458
"2017-11-10",30.3994
"2017-11-11",37.3312
"2017-11-12",39.1833
"2017-11-13",43.0457
"2017-11-14",46.5913
"2017-11-15",47.5259
"2017-11-16",40.8799
"2017-11-17",43.6719
"2017-11-18",45.6316
"2017-11-19",37.5327
"2017-11-20",47.3139
"2017-11-21",49.8285
"2017-11-22",34.5799
"2017-11-23",39.5841
"2017-11-24",53.0546
"2017-11-25",50.7074
"2017-11-26",43.7275
"2017-11-27",47.8254
"2017-11-28",63.743
"2017-11-29",46.35
"2017-11-30",50.8473
"2017-12-01",47.0273
"2017-12-02",49.6792
"2017-12-03",53.8673
"2017-12-04",55.9301
"2017-12-05",48.4052
"2017-12-06",39.5488
"2017-12-07",30.9254
"2017-12-08",33.091
"2017-12-09",29.3713
"2017-12-10",29.2372
"2017-12-11",31.3857
"2017-12-12",22.2816
"2017-12-13",24.6987
"2017-12-14",22.6974
"2017-12-15",31.0734
"2017-12-16",31.2274
"2017-12-17",37.629
"2017-12-18",42.9123
"2017-12-19",48.2365
"2017-12-20",33.9082
"2017-12-21",34.1809
"2017-12-22",34.9034
"2017-12-23",37.116
"2017-12-24",25.0486
"2017-12-25",23.2491
"2017-12-26",14.3803
"2017-12-27",12.9013
"2017-12-28",15.697
"2017-12-29",19.731
"2017-12-30",17.235
"2017-12-31",32.7994
"2018-01-01",14.007
"2018-01-02",11.9872
"2018-01-03",16.7115
"2018-01-04",12.1485
"2018-01-05",8.7287
"2018-01-06",10.7377
"2018-01-07",32.6471
"2018-01-08",37.8239
"2018-01-09",37.4112
"2018-01-10",51.6835
"2018-01-11",56.1474
"2018-01-12",36.6332
"2018-01-13",18.5594
"2018-01-14",19.1421
"2018-01-15",22.2865
"2018-01-16",15.7176
"2018-01-17",24.5808
"2018-01-18",27.9451
"2018-01-19",35.9904
"2018-01-20",42.9973
"2018-01-21",42.6441
"2018-01-22",53.8601
"2018-01-23",41.1399
"2018-01-24",28.4342
"2018-01-25",34.4599
"2018-01-26",51.9224
"2018-01-27",50.0848
"2018-01-28",44.3179
"2018-01-29",29.1218
"2018-01-30",27.7131
"2018-01-31",41.3346
"2018-02-01",38.8378
"2018-02-02",21.3703
"2018-02-03",35.631
"2018-02-04",34.9929
"2018-02-05",21.8507
"2018-02-06",26.2854
"2018-02-07",26.5892
"2018-02-08",23.7101
"2018-02-09",25.9389
"2018-02-10",24.7777
"2018-02-11",29.6856
"2018-02-12",30.1455
"2018-02-13",28.5438
"2018-02-14",45.9635
"2018-02-15",47.8317
"2018-02-16",35.1615
"2018-02-17",34.4476
"2018-02-18",38.1533
"2018-02-19",58.4082
"2018-02-20",63.936
"2018-02-21",42.8641
"2018-02-22",38.8522
"2018-02-23",48.6941
"2018-02-24",49.3074
"2018-02-25",47.6425
"2018-02-26",51.4801
"2018-02-27",59.1453
"2018-02-28",60.9539
"2018-03-01",35.9191
"2018-03-02",39.124
"2018-03-03",40.1189
"2018-03-04",40.2013
"2018-03-05",37.1329
"2018-03-06",39.9429
"2018-03-07",34.5049
"2018-03-08",32.8581
"2018-03-09",34.4719
"2018-03-10",36.6539
"2018-03-11",39.3692
"2018-03-12",35.5433
"2018-03-13",34.8868
"2018-03-14",39.5863
"2018-03-15",36.6321
"2018-03-16",37.6934
"2018-03-17",47.5012
"2018-03-18",58.453
"2018-03-19",42.9053
"2018-03-20",41.7875
"2018-03-21",41.076
"2018-03-22",45.6334
"2018-03-23",42.629
"2018-03-24",41.2858
"2018-03-25",39.1143
"2018-03-26",50.5132
"2018-03-27",54.2619
"2018-03-28",46.9179
"2018-03-29",44.641
"2018-03-30",45.005
"2018-03-31",49.8031
"2018-04-01",40.5754
"2018-04-02",41.6502
"2018-04-03",40.7174
"2018-04-04",36.5081
"2018-04-05",43.2338
"2018-04-06",43.3657
"2018-04-07",38.3497
"2018-04-08",40.3695
"2018-04-09",38.221
"2018-04-10",45.6186
"2018-04-11",57.285
"2018-04-12",74.6065
"2018-04-13",57.8509
"2018-04-14",39.8475
"2018-04-15",39.3319
"2018-04-16",38.437
"2018-04-17",37.1746
"2018-04-18",44.7453
"2018-04-19",53.503
"2018-04-20",55.6239
"2018-04-21",55.2022
"2018-04-22",61.2466
"2018-04-23",70.6559
"2018-04-24",59.6037
"2018-04-25",59.29
"2018-04-26",63.6442
"2018-04-27",65.1551
"2018-04-28",52.59
"2018-04-29",58.3232
"2018-04-30",71.5044
"2018-05-01",84.0119
"2018-05-02",84.5114
"2018-05-03",72.6706
"2018-05-04",74.8731
"2018-05-05",77.0378
"2018-05-06",73.4261
"2018-05-07",67.6368
"2018-05-08",75.8727
"2018-05-09",80.1414
"2018-05-10",71.8907
"2018-05-11",46.2643
"2018-05-12",52.3585
"2018-05-13",64.8273
"2018-05-14",76.3839
"2018-05-15",72.538
"2018-05-16",76.6715
"2018-05-17",78.0201
"2018-05-18",73.7991
"2018-05-19",76.3038
"2018-05-20",62.5532
"2018-05-21",65.8953
"2018-05-22",73.6533
"2018-05-23",79.363
"2018-05-24",82.6947
"2018-05-25",86.4927
"2018-05-26",81.2226
"2018-05-27",89.4367
"2018-05-28",92.1477
"2018-05-29",89.2767
"2018-05-30",84.7157
"2018-05-31",88.3188
"2018-06-01",82.5616
"2018-06-02",71.5755
"2018-06-03",74.4017
"2018-06-04",72.7714
"2018-06-05",66.344
"2018-06-06",70.3008
"2018-06-07",81.4937
"2018-06-08",81.1668
"2018-06-09",68.0499
"2018-06-10",67.4299
"2018-06-11",76.0338
"2018-06-12",77.2876
"2018-06-13",84.8595
"2018-06-14",83.6355
"2018-06-15",81.3519
"2018-06-16",82.8149
"2018-06-17",94.1275
"2018-06-18",93.9866
"2018-06-19",75.7092
"2018-06-20",71.4011
"2018-06-21",77.8179
"2018-06-22",71.739
"2018-06-23",77.4916
"2018-06-24",73.8779
"2018-06-25",73.6025
"2018-06-26",78.8594
"2018-06-27",77.8224
"2018-06-28",86.2792
"2018-06-29",89.1984
"2018-06-30",92.6611
"2018-07-01",92.3819
"2018-07-02",88.4599
"2018-07-03",88.518
"2018-07-04",91.6857
"2018-07-05",94.1823
"2018-07-06",78.5601
"2018-07-07",78.652
"2018-07-08",84.6433
"2018-07-09",90.3232
"2018-07-10",87.1637
"2018-07-11",84.2484
"2018-07-12",82.7785
"2018-07-13",89.2992
"2018-07-14",86.3852
"2018-07-15",90.7011
"2018-07-16",87.9672
"2018-07-17",82.5298
"2018-07-18",80.5116
"2018-07-19",82.3951
"2018-07-20",82.4419
"2018-07-21",73.2234
"2018-07-22",69.8121
"2018-07-23",80.2681
"2018-07-24",82.1365
"2018-07-25",88.4637
"2018-07-26",84.2742
"2018-07-27",80.452
"2018-07-28",79.5749
"2018-07-29",82.0288
"2018-07-30",79.2171
"2018-07-31",78.1246
"2018-08-01",79.8442
"2018-08-02",84.0142
"2018-08-03",85.8056
"2018-08-04",88.0689
"2018-08-05",90.8775
"2018-08-06",87.746
"2018-08-07",83.1364
"2018-08-08",83.4004
"2018-08-09",84.2317
"2018-08-10",82.2425
"2018-08-11",83.4877
"2018-08-12",82.6504
"2018-08-13",84.5173
"2018-08-14",87.9492
"2018-08-15",86.4588
"2018-08-16",76.3425
"2018-08-17",79.1751
"2018-08-18",83.5448
"2018-08-19",80.0244
"2018-08-20",79.9873
"2018-08-21",83.5156
"2018-08-22",75.5325
"2018-08-23",81.8827
"2018-08-24",79.0702
"2018-08-25",77.7238
"2018-08-26",86.0223
"2018-08-27",90.734
"2018-08-28",91.0535
"2018-08-29",84.6615
"2018-08-30",76.2804
"2018-08-31",81.6373
"2018-09-01",87.4828
"2018-09-02",90.0244
"2018-09-03",89.2936
"2018-09-04",91.3554
"2018-09-05",93.1825
"2018-09-06",76.1716
"2018-09-07",71.5912
"2018-09-08",66.8745
"2018-09-09",60.8257
"2018-09-10",63.3823
"2018-09-11",75.0929
"2018-09-12",74.9323
"2018-09-13",74.6807
"2018-09-14",82.8325
"2018-09-15",86.2385
"2018-09-16",85.7507
"2018-09-17",84.2268
"2018-09-18",87.7532
"2018-09-19",75.8871
"2018-09-20",76.2193
"2018-09-21",83.8224
"2018-09-22",61.8478
"2018-09-23",69.3705
"2018-09-24",68.065
"2018-09-25",74.4696
"2018-09-26",67.7979
"2018-09-27",63.4062
"2018-09-28",70.3756
"2018-09-29",62.856
"2018-09-30",59.6419
"2018-10-01",62.431
"2018-10-02",70.4543
"2018-10-03",78.1785
"2018-10-04",73.5816
"2018-10-05",62.3449
"2018-10-06",76.5898
"2018-10-07",62.0382
"2018-10-08",81.986
"2018-10-09",85.1873
"2018-10-10",79.804
"2018-10-11",58.3608
"2018-10-12",48.1138
"2018-10-13",53.474
"2018-10-14",58.3974
"2018-10-15",53.0656
"2018-10-16",56.6467
"2018-10-17",49.2165
"2018-10-18",52.2896
"2018-10-19",58.5097
"2018-10-20",56.1981
"2018-10-21",43.5798
"2018-10-22",57.1474
"2018-10-23",54.1022
"2018-10-24",49.5408
"2018-10-25",49.8909
"2018-10-26",50.765
"2018-10-27",43.8462
"2018-10-28",47.1915
"2018-10-29",53.2506
"2018-10-30",57.056
"2018-10-31",57.2967
"2018-11-01",46.6113
"2018-11-02",46.4695
"2018-11-03",48.1563
"2018-11-04",51.7791
"2018-11-05",56.2442
"2018-11-06",55.9119
"2018-11-07",42.6151
"2018-11-08",43.1112
"2018-11-09",37.3104
"2018-11-10",36.4921
"2018-11-11",39.1757
"2018-11-12",41.9704
"2018-11-13",34.0158
"2018-11-14",33.3021
"2018-11-15",34.7914
"2018-11-16",37.6007
"2018-11-17",38.4724
"2018-11-18",36.6525
"2018-11-19",38.5729
"2018-11-20",34.6309
"2018-11-21",35.323
"2018-11-22",32.056
"2018-11-23",44.0515
"2018-11-24",47.9937
"2018-11-25",45.586
"2018-11-26",37.2045
"2018-11-27",31.8031
"2018-11-28",30.6275
"2018-11-29",33.8965
"2018-11-30",41.2128
"2018-12-01",51.2281
"2018-12-02",59.1966
"2018-12-03",37.6045
"2018-12-04",33.537
"2018-12-05",34.3976
"2018-12-06",34.8726
"2018-12-07",32.6512
"2018-12-08",32.3476
"2018-12-09",36.0394
"2018-12-10",29.6346
"2018-12-11",33.773
"2018-12-12",39.2194
"2018-12-13",41.4703
"2018-12-14",48.3498
"2018-12-15",39.9421
"2018-12-16",47.2078
"2018-12-17",39.3681
"2018-12-18",37.0713
"2018-12-19",44.2841
"2018-12-20",43.0918
"2018-12-21",41.6248
"2018-12-22",34.2298
"2018-12-23",37.0645
"2018-12-24",33.6641
"2018-12-25",34.8948
"2018-12-26",47.1391
"2018-12-27",51.1837
"2018-12-28",56.9237
"2018-12-29",32.5067
"2018-12-30",36.3492
"2018-12-31",32.7994
"2019-01-01",37.0049
"2019-01-02",35.2501
"2019-01-03",37.7434
"2019-01-04",49.6783
"2019-01-05",50.859
"2019-01-06",41.0344
"2019-01-07",53.7233
"2019-01-08",51.9156
"2019-01-09",29.0907
"2019-01-10",27.3693
"2019-01-11",29.7235
"2019-01-12",30.7634
"2019-01-13",31.0723
"2019-01-14",34.2907
"2019-01-15",30.6599
"2019-01-16",32.9884
"2019-01-17",32.1733
"2019-01-18",31.8132
"2019-01-19",22.0518
"2019-01-20",13.4285
"2019-01-21",16.1929
"2019-01-22",34.6395
"2019-01-23",42.3378
"2019-01-24",29.8431
"2019-01-25",16.241
"2019-01-26",20.6771
"2019-01-27",19.209
"2019-01-28",36.914
"2019-01-29",17.5968
"2019-01-30",-0.8246
"2019-01-31",4.7804
"2019-02-01",18.6283
"2019-02-02",39.8993
"2019-02-03",54.9532
"2019-02-04",52.5362
"2019-02-05",38.7502
"2019-02-06",36.1101
"2019-02-07",55.4418
"2019-02-08",20.3799
"2019-02-09",25.8327
"2019-02-10",27.8312
"2019-02-11",31.793
"2019-02-12",36.5985
"2019-02-13",28.8149
"2019-02-14",44.0415
"2019-02-15",33.9118
"2019-02-16",27.3353
"2019-02-17",26.8009
"2019-02-18",29.0219
"2019-02-19",30.7951
"2019-02-20",38.178
"2019-02-21",41.4781
"2019-02-22",36.9964
"2019-02-23",48.4777
"2019-02-24",47.2685
"2019-02-25",27.8175
"2019-02-26",23.6844
"2019-02-27",25.7009
"2019-02-28",27.2523
"2019-03-01",32.4347
"2019-03-02",34.6267
"2019-03-03",28.668
"2019-03-04",18.8055
"2019-03-05",21.0684
"2019-03-06",22.0366
"2019-03-07",27.2871
"2019-03-08",37.3314
"2019-03-09",47.5282
"2019-03-10",39.7472
"2019-03-11",41.7265
"2019-03-12",44.1666
"2019-03-13",55.4313
"2019-03-14",62.8788
"2019-03-15",43.6174
"2019-03-16",37.4013
"2019-03-17",38.601
"2019-03-18",42.6556
"2019-03-19",48.7049
"2019-03-20",49.3605
"2019-03-21",43.5965
"2019-03-22",43.9605
"2019-03-23",49.4136
"2019-03-24",56.7171
"2019-03-25",44.238
"2019-03-26",45.4667
"2019-03-27",52.6017
"2019-03-28",67.5061
"2019-03-29",51.8428
"2019-03-30",45.0734
"2019-03-31",33.1297
"2019-04-01",42.9966
"2019-04-02",55.0119
"2019-04-03",54.0439
"2019-04-04",42.5979
"2019-04-05",57.9315
"2019-04-06",66.8158
"2019-04-07",69.1399
"2019-04-08",73.0105
"2019-04-09",62.1291
"2019-04-10",45.0102
"2019-04-11",62.8333
"2019-04-12",63.475
"2019-04-13",59.3152
"2019-04-14",39.1534
"2019-04-15",54.9988
"2019-04-16",57.9909
"2019-04-17",62.4673
"2019-04-18",69.4758
"2019-04-19",43.7524
"2019-04-20",45.7682
"2019-04-21",66.2369
"2019-04-22",70.3335
"2019-04-23",70.6586
"2019-04-24",62.0051
"2019-04-25",58.8328
"2019-04-26",62.0958
"2019-04-27",53.3466
"2019-04-28",55.4529
"2019-04-29",45.799
"2019-04-30",49.753
"2019-05-01",68.6206
"2019-05-02",60.2298
"2019-05-03",52.5834
"2019-05-04",61.2444
"2019-05-05",70.1989
"2019-05-06",74.4987
"2019-05-07",51.0186
"2019-05-08",61.1029
"2019-05-09",73.5118
"2019-05-10",58.8758
"2019-05-11",54.315
"2019-05-12",53.5768
"2019-05-13",53.0074
"2019-05-14",69.1371
"2019-05-15",73.6664
"2019-05-16",76.7026
"2019-05-17",63.8407
"2019-05-18",70.9369
"2019-05-19",78.75
"2019-05-20",56.9545
"2019-05-21",63.0311
"2019-05-22",69.5957
"2019-05-23",79.4041
"2019-05-24",68.4406
"2019-05-25",85.7048
"2019-05-26",68.5782
"2019-05-27",73.6867
"2019-05-28",79.8075
"2019-05-29",66.9812
"2019-05-30",70.6816
"2019-05-31",81.7066
"2019-06-01",77.6026
"2019-06-02",70.8368
"2019-06-03",66.3343
"2019-06-04",75.2562
"2019-06-05",79.0236
"2019-06-06",73.3948
"2019-06-07",78.6139
"2019-06-08",80.5451
"2019-06-09",76.1799
"2019-06-10",69.4112
"2019-06-11",76.8274
"2019-06-12",76.345
"2019-06-13",64.101
"2019-06-14",73.6651
"2019-06-15",71.2072
"2019-06-16",61.8111
"2019-06-17",71.4925
"2019-06-18",77.3505
"2019-06-19",81.0585
"2019-06-20",65.2536
"2019-06-21",77.6493
"2019-06-22",77.3452
"2019-06-23",79.3411
"2019-06-24",80.7361
"2019-06-25",84.1235
"2019-06-26",87.0955
"2019-06-27",87.3563
"2019-06-28",89.2243
"2019-06-29",88.6635
"2019-06-30",83.588
"2019-07-01",90.5038
"2019-07-02",91.265
"2019-07-03",84.7047
"2019-07-04",87.759
"2019-07-05",92.2167
"2019-07-06",85.239
"2019-07-07",81.1078
"2019-07-08",79.5614
"2019-07-09",81.5229
"2019-07-10",90.3787
"2019-07-11",86.8521
"2019-07-12",80.5134
"2019-07-13",91.08
"2019-07-14",83.6064
"2019-07-15",90.1501
"2019-07-16",82.9197
"2019-07-17",87.4141
"2019-07-18",88.3233
"2019-07-19",92.343
"2019-07-20",96.5289
"2019-07-21",81.0462
"2019-07-22",76.939
"2019-07-23",79.6955
"2019-07-24",80.2893
"2019-07-25",84.4358
"2019-07-26",85.5928
"2019-07-27",87.1423
"2019-07-28",89.3629
"2019-07-29",88.282
"2019-07-30",85.3317
"2019-07-31",79.6075
"2019-08-01",80.9589
"2019-08-02",83.1954
"2019-08-03",85.5192
"2019-08-04",85.9075
"2019-08-05",88.3346
"2019-08-06",78.5988
"2019-08-07",85.6049
"2019-08-08",83.7228
"2019-08-09",80.7841
"2019-08-10",81.5956
"2019-08-11",82.4583
"2019-08-12",86.115
"2019-08-13",85.7163
"2019-08-14",83.2784
"2019-08-15",80.2728
"2019-08-16",81.9675
"2019-08-17",86.3839
"2019-08-18",86.8032
"2019-08-19",84.7465
"2019-08-20",88.7067
"2019-08-21",88.1892
"2019-08-22",77.6426
"2019-08-23",76.3502
"2019-08-24",73.6441
"2019-08-25",76.8555
"2019-08-26",76.3939
"2019-08-27",83.0046
"2019-08-28",78.0273
"2019-08-29",81.5722
"2019-08-30",77.3728
"2019-08-31",73.2324
"2019-09-01",67.0806
"2019-09-02",80.9411
"2019-09-03",77.9014
"2019-09-04",71.6747
"2019-09-05",73.3298
"2019-09-06",72.9021
"2019-09-07",75.8604
"2019-09-08",69.1165
"2019-09-09",70.6948
"2019-09-10",85.7712
"2019-09-11",88.0383
"2019-09-12",70.5409
"2019-09-13",85.6114
"2019-09-14",75.4342
"2019-09-15",74.1384
"2019-09-16",77.8798
"2019-09-17",75.5353
"2019-09-18",77.664
"2019-09-19",77.5733
"2019-09-20",83.964
"2019-09-21",85.7712
"2019-09-22",85.7331
"2019-09-23",76.1367
"2019-09-24",76.9537
"2019-09-25",76.4672
"2019-09-26",70.6447
"2019-09-27",76.5021
"2019-09-28",69.5086
"2019-09-29",62.1435
"2019-09-30",76.4969
"2019-10-01",86.2684
"2019-10-02",66.2711
"2019-10-03",67.5014
"2019-10-04",58.3007
"2019-10-05",62.1297
"2019-10-06",70.4624
"2019-10-07",70.0704
"2019-10-08",68.8325
"2019-10-09",68.1283
"2019-10-10",70.2532
"2019-10-11",69.5896
"2019-10-12",50.8701
"2019-10-13",63.4129
"2019-10-14",53.0557
"2019-10-15",63.5972
"2019-10-16",50.7004
"2019-10-17",54.5936
"2019-10-18",55.236
"2019-10-19",61.5351
"2019-10-20",67.1385
"2019-10-21",65.4028
"2019-10-22",58.6713
"2019-10-23",60.8193
"2019-10-24",56.4994
"2019-10-25",50.6772
"2019-10-26",58.8943
"2019-10-27",59.0734
"2019-10-28",64.159
"2019-10-29",61.101
"2019-10-30",47.2782
"2019-10-31",47.3994
"2019-11-01",43.0671
"2019-11-02",47.9345
"2019-11-03",47.6191
"2019-11-04",53.4916
"2019-11-05",46.6736
"2019-11-06",42.3592
"2019-11-07",35.5102
"2019-11-08",38.5149
"2019-11-09",41.4682
"2019-11-10",45.439
"2019-11-11",31.7529
"2019-11-12",26.4713
"2019-11-13",27.6057
"2019-11-14",33.2892
"2019-11-15",35.802
"2019-11-16",33.0319
"2019-11-17",39.9256
"2019-11-18",47.0745
"2019-11-19",41.2552
"2019-11-20",44.5267
"2019-11-21",52.5121
"2019-11-22",37.5325
"2019-11-23",38.1013
"2019-11-24",47.1605
"2019-11-25",49.7395
"2019-11-26",52.7092
"2019-11-27",54.9352
"2019-11-28",39.6937
"2019-11-29",37.0771
"2019-11-30",39.9078
"2019-12-01",44.0271
"2019-12-02",36.4042
"2019-12-03",36.8157
"2019-12-04",38.561
"2019-12-05",41.506
"2019-12-06",42.1786
"2019-12-07",35.951
"2019-12-08",48.8239
"2019-12-09",51.8707
"2019-12-10",34.5481
"2019-12-11",26.02
"2019-12-12",35.1419
"2019-12-13",42.035
"2019-12-14",42.4728
"2019-12-15",34.2572
"2019-12-16",35.0469
"2019-12-17",34.1897
"2019-12-18",21.997
"2019-12-19",31.4618
"2019-12-20",36.2448
"2019-12-21",45.9075
"2019-12-22",51.4263
"2019-12-23",55.2389
"2019-12-24",38.6965
"2019-12-25",48.6385
"2019-12-26",58.0374
"2019-12-27",53.4214
"2019-12-28",41.8782
"2019-12-29",49.2141
"2019-12-30",46.8226
"2019-12-31",32.7994
"2020-01-01",38.6512
"2020-01-02",48.1888
"2020-01-03",45.0725
"2020-01-04",36.8519
"2020-01-05",39.3031
"2020-01-06",44.5604
"2020-01-07",43.3177
"2020-01-08",26.0571
"2020-01-09",48.9366
"2020-01-10",54.1731
"2020-01-11",52.2919
"2020-01-12",31.0212
"2020-01-13",38.374
"2020-01-14",41.9664
"2020-01-15",40.1824
"2020-01-16",34.3801
"2020-01-17",31.1614
"2020-01-18",39.1672
"2020-01-19",24.3374
"2020-01-20",26.9983
"2020-01-21",29.9511
"2020-01-22",31.8691
"2020-01-23",36.5742
"2020-01-24",37.8619
"2020-01-25",37.0456
"2020-01-26",37.0476
"2020-01-27",36.3389
"2020-01-28",35.9892
"2020-01-29",33.1691
"2020-01-30",33.3151
"2020-01-31",33.0861
"2020-02-01",35.3856
"2020-02-02",53.4654
"2020-02-03",48.277
"2020-02-04",37.0069
"2020-02-05",30.1644
"2020-02-06",30.3303
"2020-02-07",35.0398
"2020-02-08",29.896
"2020-02-09",36.7558
"2020-02-10",37.1815
"2020-02-11",41.0551
"2020-02-12",35.9933
"2020-02-13",33.6861
"2020-02-14",21.7384
"2020-02-15",34.7164
"2020-02-16",43.4127
"2020-02-17",37.3757
"2020-02-18",42.0546
"2020-02-19",32.4531
"2020-02-20",26.8729
"2020-02-21",37.1561
"2020-02-22",47.8198
"2020-02-23",52.0882
"2020-02-24",47.8598
"2020-02-25",39.2855
"2020-02-26",32.6935
"2020-02-27",27.1227
"2020-02-28",29.9626
"2020-02-29",34.0374
"2020-03-01",48.3908
"2020-03-02",53.415
"2020-03-03",49.9575
"2020-03-04",47.3014
"2020-03-05",48.0339
"2020-03-06",37.36
"2020-03-07",44.5284
"2020-03-08",60.6204
"2020-03-09",63.3787
"2020-03-10",53.2263
"2020-03-11",46.0425
"2020-03-12",51.9287
"2020-03-13",49.3698
"2020-03-14",37.8417
"2020-03-15",45.379
"2020-03-16",46.7596
"2020-03-17",52.9142
"2020-03-18",47.7295
"2020-03-19",64.4169
"2020-03-20",65.529
"2020-03-21",37.5647
"2020-03-22",39.781
"2020-03-23",42.6448
"2020-03-24",43.6746
"2020-03-25",56.8713
"2020-03-26",59.2846
"2020-03-27",47.3659
"2020-03-28",54.5191
"2020-03-29",64.3559
"2020-03-30",46.1244
"2020-03-31",46.4176
"2020-04-01",50.3677
"2020-04-02",61.2117
"2020-04-03",61.5268
"2020-04-04",59.4198
"2020-04-05",55.1863
"2020-04-06",58.3063
"2020-04-07",63.0171
"2020-04-08",71.7654
"2020-04-09",49.4739
"2020-04-10",45.7129
"2020-04-11",58.5946
"2020-04-12",61.9475
"2020-04-13",55.7136
"2020-04-14",43.7279
"2020-04-15",38.5743
"2020-04-16",43.4156
"2020-04-17",37.6507
"2020-04-18",55.3442
"2020-04-19",63.5857
"2020-04-20",57.7366
"2020-04-21",43.6699
"2020-04-22",39.7717
"2020-04-23",44.3532
"2020-04-24",57.8651
"2020-04-25",56.4559
"2020-04-26",62.7055
"2020-04-27",63.9225
"2020-04-28",69.4114
"2020-04-29",68.4991
"2020-04-30",53.9341
"2020-05-01",65.3522
"2020-05-02",79.6492
"2020-05-03",75.2016
"2020-05-04",57.1201
"2020-05-05",53.1144
"2020-05-06",61.5592
"2020-05-07",65.8459
"2020-05-08",44.4213
"2020-05-09",51.9024
"2020-05-10",61.7911
"2020-05-11",46.832
"2020-05-12",59.5605
"2020-05-13",58.2264
"2020-05-14",62.9652
"2020-05-15",71.591
"2020-05-16",69.892
"2020-05-17",59.7942
"2020-05-18",59.2434
"2020-05-19",69.5149
"2020-05-20",65.6373
"2020-05-21",70.2568
"2020-05-22",65.543
"2020-05-23",72.5184
"2020-05-24",86.0211
"2020-05-25",87.0636
"2020-05-26",89.2231
"2020-05-27",81.6937
"2020-05-28",78.9948
"2020-05-29",72.8551
"2020-05-30",68.5227
"2020-05-31",64.0704
"2020-06-01",74.7462
"2020-06-02",90.478
"2020-06-03",84.5692
"2020-06-04",85.9883
"2020-06-05",88.95
"2020-06-06",82.2826
"2020-06-07",75.3841
"2020-06-08",81.0804
"2020-06-09",89.4796
"2020-06-10",91.2884
"2020-06-11",77.763
"2020-06-12",72.7974
"2020-06-13",66.7571
"2020-06-14",70.0711
"2020-06-15",75.7519
"2020-06-16",80.9384
"2020-06-17",83.2348
"2020-06-18",85.2912
"2020-06-19",86.6399
"2020-06-20",90.3205
"2020-06-21",84.4102
"2020-06-22",83.7502
"2020-06-23",78.8445
"2020-06-24",75.9736
"2020-06-25",80.8707
"2020-06-26",85.8922
"2020-06-27",86.5481
"2020-06-28",85.5091
"2020-06-29",85.9977
"2020-06-30",86.7988
"2020-07-01",87.7318
"2020-07-02",90.1081
"2020-07-03",93.4592
"2020-07-04",88.7173
"2020-07-05",90.9567
"2020-07-06",93.4108
"2020-07-07",94.2836
"2020-07-08",91.7758
"2020-07-09",93.3615
"2020-07-10",89.2033
"2020-07-11",85.6375
"2020-07-12",82.3051
"2020-07-13",80.3557
"2020-07-14",84.9994
"2020-07-15",88.5094
"2020-07-16",77.247
"2020-07-17",88.151
"2020-07-18",91.5132
"2020-07-19",83.8035
"2020-07-20",86.2725
"2020-07-21",82.7427
"2020-07-22",84.9099
"2020-07-23",83.4341
"2020-07-24",83.9617
"2020-07-25",88.5056
"2020-07-26",92.2293
"2020-07-27",88.8148
"2020-07-28",87.1165
"2020-07-29",87.2645
"2020-07-30",81.8755
"2020-07-31",83.0102
"2020-08-01",79.8906
"2020-08-02",73.9553
"2020-08-03",81.7288
"2020-08-04",72.8676
"2020-08-05",75.4356
"2020-08-06",77.812
"2020-08-07",80.1831
"2020-08-08",83.3794
"2020-08-09",88.7686
"2020-08-10",88.3202
"2020-08-11",85.2271
"2020-08-12",84.7665
"2020-08-13",85.9024
"2020-08-14",81.8683
"2020-08-15",85.5594
"2020-08-16",81.4759
"2020-08-17",82
"2020-08-18",77.1852
"2020-08-19",76.3889
"2020-08-20",81.3749
"2020-08-21",88.6267
"2020-08-22",89.7847
"2020-08-23",90.0527
"2020-08-24",90.7709
"2020-08-25",86.0646
"2020-08-26",84.3444
"2020-08-27",92.8936
"2020-08-28",78.0904
"2020-08-29",79.0632
"2020-08-30",75.1354
"2020-08-31",79.0344
"2020-09-01",83.5075
"2020-09-02",80.5564
"2020-09-03",84.5857
"2020-09-04",73.7082
"2020-09-05",74.026
"2020-09-06",73.0605
"2020-09-07",80.6808
"2020-09-08",62.3174
"2020-09-09",67.4463
"2020-09-10",63.7696
"2020-09-11",65.9923
"2020-09-12",77.3109
"2020-09-13",74.7874
"2020-09-14",65.3745
"2020-09-15",68.866
"2020-09-16",76.0032
"2020-09-17",67.2699
"2020-09-18",59.949
"2020-09-19",60.9469
"2020-09-20",65.0892
"2020-09-21",69.0715
"2020-09-22",74.2683
"2020-09-23",78.8209
"2020-09-24",76.8558
"2020-09-25",78.7098
"2020-09-26",78.8567
"2020-09-27",77.4243
"2020-09-28",63.1319
"2020-09-29",61.5668
"2020-09-30",62.5577
"2020-10-01",61.3542
"2020-10-02",54.8755
"2020-10-03",55.5705
"2020-10-04",54.1607
"2020-10-05",58.1131
"2020-10-06",69.3891
"2020-10-07",71.5935
"2020-10-08",69.3779
"2020-10-09",75.0178
"2020-10-10",75.2034
"2020-10-11",63.6024
"2020-10-12",71.6668
"2020-10-13",67.2093
"2020-10-14",65.8648
"2020-10-15",57.616
"2020-10-16",55.2819
"2020-10-17",56.9741
"2020-10-18",57.8318
"2020-10-19",46.3827
"2020-10-20",60.5206
"2020-10-21",58.5527
"2020-10-22",61.9417
"2020-10-23",77.3118
"2020-10-24",48.1077
"2020-10-25",46.5672
"2020-10-26",47.6951
"2020-10-27",42.2128
"2020-10-28",54.0516
"2020-10-29",52.2558
"2020-10-30",38.6276
"2020-10-31",50.7709
"2020-11-01",47.2339
"2020-11-02",47.8546
"2020-11-03",58.4479
"2020-11-04",69.7678
"2020-11-05",64.2465
"2020-11-06",69.7435
"2020-11-07",70.6397
"2020-11-08",71.1822
"2020-11-09",74.0458
"2020-11-10",75.2671
"2020-11-11",52.558
"2020-11-12",48.1568
"2020-11-13",47.5369
"2020-11-14",47.3346
"2020-11-15",54.2383
"2020-11-16",45.9045
"2020-11-17",35.514
"2020-11-18",43.1591
"2020-11-19",64.159
"2020-11-20",66.2596
"2020-11-21",45.5484
"2020-11-22",36.5142
"2020-11-23",44.2569
"2020-11-24",42.1974
"2020-11-25",50.9913
"2020-11-26",49.4112
"2020-11-27",46.0517
"2020-11-28",46.8243
"2020-11-29",50.5092
"2020-11-30",36.4937
"2020-12-01",36.0333
"2020-12-02",45.3607
"2020-12-03",46.2448
"2020-12-04",45.6003
"2020-12-05",36.7623
"2020-12-06",34.1814
"2020-12-07",35.9004
"2020-12-08",38.8618
"2020-12-09",42.4494
"2020-12-10",48.2409
"2020-12-11",50.2122
"2020-12-12",55.659
"2020-12-13",36.6323
"2020-12-14",34.9117
"2020-12-15",30.5026
"2020-12-16",30.6131
"2020-12-17",32.0432
"2020-12-18",34.7797
"2020-12-19",38.0305
"2020-12-20",40.2629
"2020-12-21",39.6873
"2020-12-22",39.6135
"2020-12-23",50.1148
"2020-12-24",32.7182
"2020-12-25",24.7116
"2020-12-26",28.8536
"2020-12-27",44.2661
"2020-12-28",36.0235
"2020-12-29",33.73
"2020-12-30",44.0305
"2020-12-31",34.7824
"2021-01-01",34.4309
"2021-01-02",36.979
"2021-01-03",35.8131
"2021-01-04",35.2022
"2021-01-05",35.7633
"2021-01-06",38.6451
"2021-01-07",36.8782
"2021-01-08",32.4829
"2021-01-09",42.0483
"2021-01-10",35.6794
"2021-01-11",31.1812
"2021-01-12",33.6508
"2021-01-13",45.7498
"2021-01-14",43.4437
"2021-01-15",39.2319
"2021-01-16",35.2269
"2021-01-17",37.1525
"2021-01-18",34.5769
"2021-01-19",33.0309
"2021-01-20",29.6958
"2021-01-21",42.3883
"2021-01-22",30.0121
"2021-01-23",28.5753
"2021-01-24",28.8579
"2021-01-25",31.7388
"2021-01-26",32.8955
"2021-01-27",28.4886
"2021-01-28",22.4703
"2021-01-29",27.1719
"2021-01-30",29.7167
"2021-01-31",31.0046
"2021-02-01",31.2712
"2021-02-02",32.1811
"2021-02-03",37.5557
"2021-02-04",34.8188
"2021-02-05",20.5473
"2021-02-06",21.713
"2021-02-07",15.9679
"2021-02-08",18.4105
"2021-02-09",23.9479
"2021-02-10",19.6155
"2021-02-11",23.8851
"2021-02-12",25.2262
"2021-02-13",21.6073
"2021-02-14",24.6085
"2021-02-15",17.7645
"2021-02-16",19.9335
"2021-02-17",21.4774
"2021-02-18",26.5365
"2021-02-19",27.8281
"2021-02-20",30.2356
"2021-02-21",36.9991
"2021-02-22",38.4078
"2021-02-23",47.896
"2021-02-24",53.1091
"2021-02-25",40.8142
"2021-02-26",40.0132
"2021-02-27",51.6562
"2021-02-28",56.3517
"2021-03-01",37.2151
"2021-03-02",38.7093
"2021-03-03",56.1112
"2021-03-04",33.6848
"2021-03-05",40.0428
"2021-03-06",39.2133
"2021-03-07",40.5937
"2021-03-08",65.8605
"2021-03-09",56.8112
"2021-03-10",69.213
"2021-03-11",70.3297
"2021-03-12",56.8708
"2021-03-13",52.9947
"2021-03-14",47.9059
"2021-03-15",36.0727
"2021-03-16",52.6248
"2021-03-17",57.1917
"2021-03-18",43.2984
"2021-03-19",47.1141
"2021-03-20",55.7726
"2021-03-21",64.6527
"2021-03-22",70.5736
"2021-03-23",69.3217
"2021-03-24",72.1026
"2021-03-25",66.5863
"2021-03-26",57.2367
"2021-03-27",58.6256
"2021-03-28",51.813
"2021-03-29",51.0076
"2021-03-30",71.4909
"2021-03-31",51.6565
"2021-04-01",34.3935
"2021-04-02",46.4099
"2021-04-03",64.0341
"2021-04-04",65.9385
"2021-04-05",58.7147
"2021-04-06",77.5704
"2021-04-07",81.0223
"2021-04-08",77.1786
"2021-04-09",72.9289
"2021-04-10",72.5229
"2021-04-11",60.195
"2021-04-12",61.4199
"2021-04-13",65.2456
"2021-04-14",56.1265
"2021-04-15",48.5989
"2021-04-16",53.9366
"2021-04-17",57.9425
"2021-04-18",62.1025
"2021-04-19",64.4679
"2021-04-20",39.9565
"2021-04-21",42.7719
"2021-04-22",50.004
"2021-04-23",63.8663
"2021-04-24",61.284
"2021-04-25",54.5621
"2021-04-26",55.0537
"2021-04-27",82.0175
"2021-04-28",79.8775
"2021-04-29",51.9852
"2021-04-30",56.1085
"2021-05-01",67.0917
"2021-05-02",82.3627
"2021-05-03",60.8815
"2021-05-04",64.0445
"2021-05-05",54.2302
"2021-05-06",54.5808
"2021-05-07",55.6527
"2021-05-08",53.9458
"2021-05-09",49.1581
"2021-05-10",55.7929
"2021-05-11",53.544
"2021-05-12",63.8816
"2021-05-13",67.4353
"2021-05-14",70.5006
"2021-05-15",71.6594
"2021-05-16",68.6507
"2021-05-17",74.7923
"2021-05-18",77.9344
"2021-05-19",83.4633
"2021-05-20",86.8381
"2021-05-21",86.8082
"2021-05-22",84.9423
"2021-05-23",85.123
"2021-05-24",77.8282
"2021-05-25",87.5176
"2021-05-26",76.3106
"2021-05-27",63.2347
"2021-05-28",45.766
"2021-05-29",61.0889
"2021-05-30",68.072
"2021-05-31",71.8578
"2021-06-01",75.5476
"2021-06-02",68.2297
"2021-06-03",78.6056
"2021-06-04",87.0463
"2021-06-05",86.9718
"2021-06-06",87.9607
"2021-06-07",82.4526
"2021-06-08",84.3388
"2021-06-09",86.2457
"2021-06-10",85.5777
"2021-06-11",87.0228
"2021-06-12",84.5733
"2021-06-13",82.5228
"2021-06-14",75.9549
"2021-06-15",74.4291
"2021-06-16",75.0549
"2021-06-17",83.646
"2021-06-18",81.5454
"2021-06-19",75.7767
"2021-06-20",84.8914
"2021-06-21",77.1915
"2021-06-22",66.1046
"2021-06-23",73.263
"2021-06-24",80.9787
"2021-06-25",73.3854
"2021-06-26",82.9949
"2021-06-27",86.7119
"2021-06-28",88.0291
"2021-06-29",89.1262
"2021-06-30",81.3852
"2021-07-01",78.033
"2021-07-02",75.2398
"2021-07-03",81.1463
"2021-07-04",88.3555
"2021-07-05",90.5932
"2021-07-06",90.9138
"2021-07-07",87.7428
"2021-07-08",78.8279
"2021-07-09",75.8412
"2021-07-10",74.9259
"2021-07-11",67.6999
"2021-07-12",72.9529
"2021-07-13",80.7148
"2021-07-14",83.651
"2021-07-15",85.5255
"2021-07-16",69.9634
"2021-07-17",79.9077
"2021-07-18",84.6124
"2021-07-19",86.8032
"2021-07-20",85.8969
"2021-07-21",77.0803
"2021-07-22",77.1316
"2021-07-23",75.4853
"2021-07-24",85.1547
"2021-07-25",88.5027
"2021-07-26",89.1916
"2021-07-27",84.2814
"2021-07-28",85.6888
"2021-07-29",87.197
"2021-07-30",76.06
"2021-07-31",79.0043
"2021-08-01",75.0457
"2021-08-02",76.6006
"2021-08-03",78.8826
"2021-08-04",81.8294
"2021-08-05",82.9099
"2021-08-06",83.2937
"2021-08-07",81.3706
"2021-08-08",85.9078
"2021-08-09",86.1741
"2021-08-10",89.1946
"2021-08-11",85.4591
"2021-08-12",86.4819
"2021-08-13",82.6178
"2021-08-14",77.3785
"2021-08-15",76.3464
"2021-08-16",73.35
"2021-08-17",81.124
"2021-08-18",82.414
"2021-08-19",84.4934
"2021-08-20",85.7334
"2021-08-21",86.1285
"2021-08-22",89.2544
"2021-08-23",86.5594
"2021-08-24",89.2987
"2021-08-25",88.3697
"2021-08-26",89.3107
"2021-08-27",83.4715
"2021-08-28",89.7541
"2021-08-29",91.074
"2021-08-30",83.3133
"2021-08-31",79.7839
"2021-09-01",77.6071
"2021-09-02",77.5935
"2021-09-03",73.4437
"2021-09-04",77.3807
"2021-09-05",79.9999
"2021-09-06",75.9195
"2021-09-07",87.1853
"2021-09-08",77.6017
"2021-09-09",70.1344
"2021-09-10",75.1849
"2021-09-11",81.2788
"2021-09-12",82.1631
"2021-09-13",70.4854
"2021-09-14",87.4724
"2021-09-15",75.4419
"2021-09-16",77.536
"2021-09-17",84.1483
"2021-09-18",76.7905
"2021-09-19",78.8959
"2021-09-20",80.7978
"2021-09-21",75.531
"2021-09-22",58.492
"2021-09-23",54.8485
"2021-09-24",72.4309
"2021-09-25",63.9003
"2021-09-26",74.3684
"2021-09-27",80.928
"2021-09-28",70.2478
"2021-09-29",70.9036
"2021-09-30",70.806
"2021-10-01",74.8432
"2021-10-02",77.4937
"2021-10-03",76.006
"2021-10-04",74.4582
"2021-10-05",68.1336
"2021-10-06",67.3077
"2021-10-07",73.3102
"2021-10-08",74.0124
"2021-10-09",77.4779
"2021-10-10",78.0323
"2021-10-11",81.3538
"2021-10-12",73.7024
"2021-10-13",75.1177
"2021-10-14",81.2696
"2021-10-15",61.6307
"2021-10-16",59.4777
"2021-10-17",63.8895
"2021-10-18",66.2178
"2021-10-19",74.2352
"2021-10-20",71.96
"2021-10-21",66.6738
"2021-10-22",51.7012
"2021-10-23",55.0816
"2021-10-24",51.9098
"2021-10-25",51.0242
"2021-10-26",50.9733
"2021-10-27",53.5379
"2021-10-28",61.4217
"2021-10-29",56.6377
"2021-10-30",52.9237
"2021-10-31",59.1478
"2021-11-01",50.922
"2021-11-02",48.2374
"2021-11-03",46.6534
"2021-11-04",46.5368
"2021-11-05",51.3554
"2021-11-06",54.79
"2021-11-07",65.0993
"2021-11-08",66.7535
"2021-11-09",58.4881
"2021-11-10",56.2113
"2021-11-11",66.4655
"2021-11-12",54.1382
"2021-11-13",44.8353
"2021-11-14",38.4024
"2021-11-15",42.57
"2021-11-16",52.5915
"2021-11-17",62.8484
"2021-11-18",44.6619
"2021-11-19",44.4015
"2021-11-20",41.2893
"2021-11-21",43.4349
"2021-11-22",38.0628
"2021-11-23",39.5785
"2021-11-24",50.0659
"2021-11-25",46.9101
"2021-11-26",32.3226
"2021-11-27",34.1289
"2021-11-28",38.6944
"2021-11-29",38.9214
"2021-11-30",42.7869
"2021-12-01",48.4774
"2021-12-02",55.9369
"2021-12-03",38.7282
"2021-12-04",45.5628
"2021-12-05",47.8562
"2021-12-06",43.3249
"2021-12-07",26.7874
"2021-12-08",32.7051
"2021-12-09",43.1886
"2021-12-10",58.2733
"2021-12-11",62.0674
"2021-12-12",46.9512
"2021-12-13",49.532
"2021-12-14",47.8904
"2021-12-15",58.093
"2021-12-16",61.0489
"2021-12-17",42.811
"2021-12-18",34.7063
"2021-12-19",31.8708
"2021-12-20",40.9671
"2021-12-21",39.6781
"2021-12-22",29.4411
"2021-12-23",40.4224
"2021-12-24",51.5487
"2021-12-25",51.0652
"2021-12-26",39.9621
"2021-12-27",39.8581
"2021-12-28",36.2223
"2021-12-29",39.6437
"2021-12-30",39.7692
"2021-12-31",43.8015
"2022-01-01",39.4884
"2022-01-02",26.0524
"2022-01-03",28.3514
"2022-01-04",38.0005
"2022-01-05",38.3034
"2022-01-06",24.0139
"2022-01-07",22.7752
"2022-01-08",37.4859
"2022-01-09",37.8982
"2022-01-10",21.931
"2022-01-11",33.0861
"2022-01-12",40.3624
"2022-01-13",35.7679
"2022-01-14",29.9505
"2022-01-15",18.5653
"2022-01-16",30.8493
"2022-01-17",31.0699
"2022-01-18",40.7973
"2022-01-19",42.3601
"2022-01-20",20.1488
"2022-01-21",23.6091
"2022-01-22",27.2691
"2022-01-23",23.7042
"2022-01-24",24.2175
"2022-01-25",21.6658
"2022-01-26",19.9099
"2022-01-27",28.7944
"2022-01-28",20.6163
"2022-01-29",19.7958
"2022-01-30",25.7151
"2022-01-31",28.9708
"2022-02-01",45.8015
"2022-02-02",37.245
"2022-02-03",23.7182
"2022-02-04",22.0212
"2022-02-05",21.4954
"2022-02-06",31.8135
"2022-02-07",33.3993
"2022-02-08",34.349
"2022-02-09",45.484
"2022-02-10",35.5806
"2022-02-11",39.0565
"2022-02-12",23.3409
"2022-02-13",20.9737
"2022-02-14",21.772
"2022-02-15",39.3478
"2022-02-16",52.7644
"2022-02-17",45.1265
"2022-02-18",30.6019
"2022-02-19",22.7979
"2022-02-20",46.7769
"2022-02-21",47.4199
"2022-02-22",55.3145
"2022-02-23",27.905
"2022-02-24",28.0843
"2022-02-25",26.9042
"2022-02-26",32.4784
"2022-02-27",40.357
"2022-02-28",35.357
"2022-03-01",47.6224
"2022-03-02",43.5682
"2022-03-03",30.319
"2022-03-04",37.6275
"2022-03-05",61.7225
"2022-03-06",60.0024
"2022-03-07",35.1358
"2022-03-08",37.8747
"2022-03-09",46.116
"2022-03-10",40.2521
"2022-03-11",31.8812
"2022-03-12",20.7684
"2022-03-13",43.5528
"2022-03-14",56.7925
"2022-03-15",46.0585
"2022-03-16",63.7412
"2022-03-17",71.5671
"2022-03-18",53.6031
"2022-03-19",50.1962
"2022-03-20",57.8444
"2022-03-21",60.2915
"2022-03-22",43.9945
"2022-03-23",47.451
"2022-03-24",49.2692
"2022-03-25",46.6844
"2022-03-26",35.7777
"2022-03-27",28.8072
"2022-03-28",29.5776
"2022-03-29",37.904
"2022-03-30",62.937
"2022-03-31",58.6764
"2022-04-01",38.8607
"2022-04-02",44.7739
"2022-04-03",45.8091
"2022-04-04",42.9359
"2022-04-05",54.1087
"2022-04-06",54.5157
"2022-04-07",50.4694
"2022-04-08",49.1358
"2022-04-09",41.1773
"2022-04-10",54.0718
"2022-04-11",71.9226
"2022-04-12",64.9647
"2022-04-13",70.6532
"2022-04-14",57.8104
"2022-04-15",51.5349
"2022-04-16",48.0695
"2022-04-17",42.7332
"2022-04-18",40.5392
"2022-04-19",44.1736
"2022-04-20",53.4074
"2022-04-21",67.3484
"2022-04-22",54.6638
"2022-04-23",79.1533
"2022-04-24",83.2987
"2022-04-25",62.8039
"2022-04-26",47.2302
"2022-04-27",41.6671
"2022-04-28",52.6541
"2022-04-29",56.8918
"2022-04-30",60.975
"2022-05-01",68.4307
"2022-05-02",55.2166
"2022-05-03",51.8211
"2022-05-04",59.1514
"2022-05-05",59.4151
"2022-05-06",60.9197
"2022-05-07",64.1543
"2022-05-08",64.033
"2022-05-09",71.0501
"2022-05-10",80.0965
"2022-05-11",82.7578
"2022-05-12",84.819
"2022-05-13",82.9382
"2022-05-14",82.6273
"2022-05-15",85.7629
"2022-05-16",73.9762
"2022-05-17",65.8162
"2022-05-18",58.0365
"2022-05-19",77.0133
"2022-05-20",84.9231
"2022-05-21",76.069
"2022-05-22",63.5833
"2022-05-23",58.6571
"2022-05-24",68.5531
"2022-05-25",67.9962
"2022-05-26",75.639
"2022-05-27",75.5973
"2022-05-28",72.1755
"2022-05-29",78.0991
"2022-05-30",86.356
"2022-05-31",88.4478
"2022-06-01",81.9181
"2022-06-02",74.0446
"2022-06-03",79.2216
"2022-06-04",71.5782
"2022-06-05",72.0617
"2022-06-06",80.4499
"2022-06-07",72.099
"2022-06-08",68.8206
"2022-06-09",73.78
"2022-06-10",75.6464
"2022-06-11",77.3305
"2022-06-12",81.6264
"2022-06-13",80.5959
"2022-06-14",81.5895
"2022-06-15",94.1418
"2022-06-16",90.6368
"2022-06-17",82.333
"2022-06-18",70.885
"2022-06-19",77.3033
"2022-06-20",84.9783
"2022-06-21",95.0981
"2022-06-22",89.2686
"2022-06-23",80.5653
"2022-06-24",86.835
"2022-06-25",87.9613
"2022-06-26",84.9389
"2022-06-27",74.0235
"2022-06-28",79.4739
"2022-06-29",80.9123
"2022-06-30",89.0949
"2022-07-01",85.1866
"2022-07-02",83.0442
"2022-07-03",83.4132
"2022-07-04",88.461
"2022-07-05",87.8567
"2022-07-06",77.157
"2022-07-07",83.0905
"2022-07-08",83.1754
"2022-07-09",79.6755
"2022-07-10",81.4957
"2022-07-11",85.1914
"2022-07-12",82.4659
"2022-07-13",73.8185
"2022-07-14",79.7437
"2022-07-15",80.7546
"2022-07-16",80.6374
"2022-07-17",78.5073
"2022-07-18",88.1123
"2022-07-19",92.5363
"2022-07-20",90.2394
"2022-07-21",90.0133
"2022-07-22",90.4073
"2022-07-23",88.2628
"2022-07-24",87.9949
"2022-07-25",78.123
"2022-07-26",80.9944
"2022-07-27",82.684
"2022-07-28",83.5538
"2022-07-29",80.8227
"2022-07-30",82.8414
"2022-07-31",85.2692
"2022-08-01",87.6157
"2022-08-02",83.2437
"2022-08-03",93.5191
"2022-08-04",82.409
"2022-08-05",85.973
"2022-08-06",89.5141
"2022-08-07",91.7814
"2022-08-08",88.5812
"2022-08-09",78.2161
"2022-08-10",83.57
"2022-08-11",79.1974
"2022-08-12",79.8287
"2022-08-13",73.2196
"2022-08-14",73.4223
"2022-08-15",82.0319
"2022-08-16",80.8587
"2022-08-17",80.5251
"2022-08-18",84.4203
"2022-08-19",85.9213
"2022-08-20",83.3797
"2022-08-21",79.1532
"2022-08-22",81.5045
"2022-08-23",83.0142
"2022-08-24",86.6993
"2022-08-25",84.2427
"2022-08-26",79.8751
"2022-08-27",79.4073
"2022-08-28",86.4034
"2022-08-29",87.7039
"2022-08-30",81.4575
"2022-08-31",82.58
"2022-09-01",84.5085
"2022-09-02",86.1764
"2022-09-03",88.6456
"2022-09-04",69.8695
"2022-09-05",75.7881
"2022-09-06",79.2948
"2022-09-07",79.8861
"2022-09-08",81.8933
"2022-09-09",84.5091
"2022-09-10",85.8198
"2022-09-11",78.9062
"2022-09-12",70.0214
"2022-09-13",74.7927
"2022-09-14",81.8247
"2022-09-15",74.723
"2022-09-16",82.8513
"2022-09-17",84.4916
"2022-09-18",86.0477
"2022-09-19",82.2526
"2022-09-20",79.6068
"2022-09-21",85.716
"2022-09-22",62.2722
"2022-09-23",64.7141
"2022-09-24",64.4124
"2022-09-25",65.4591
"2022-09-26",62.4477
"2022-09-27",60.9953
"2022-09-28",57.2853
"2022-09-29",61.5751
"2022-09-30",66.0929
"2022-10-01",69.3144
"2022-10-02",64.4043
"2022-10-03",64.071
"2022-10-04",70.9552
"2022-10-05",75.9992
"2022-10-06",76.348
"2022-10-07",50.509
"2022-10-08",55.0654
"2022-10-09",66.6617
"2022-10-10",66.0508
"2022-10-11",75.6952
"2022-10-12",70.1604
"2022-10-13",57.9652
"2022-10-14",60.4812
"2022-10-15",53.3658
"2022-10-16",59.583
"2022-10-17",45.5963
"2022-10-18",42.7971
"2022-10-19",46.0857
"2022-10-20",43.9543
"2022-10-21",68.097
"2022-10-22",72.3461
"2022-10-23",75.0497
"2022-10-24",75.2184
"2022-10-25",73.715
"2022-10-26",59.3154
"2022-10-27",52.2127
"2022-10-28",57.4783
"2022-10-29",62.2764
"2022-10-30",59.4626
"2022-10-31",62.0755
"2022-11-01",69.2568
"2022-11-02",67.6258
"2022-11-03",67.7606
"2022-11-04",73.5721
"2022-11-05",74.1909
"2022-11-06",65.8152
"2022-11-07",58.1432
"2022-11-08",52.8435
"2022-11-09",64.6059
"2022-11-10",71.5262
"2022-11-11",63.3256
"2022-11-12",40.177
"2022-11-13",38.9255
"2022-11-14",40.2672
"2022-11-15",38.5617
"2022-11-16",39.3739
"2022-11-17",36.1328
"2022-11-18",32.9331
"2022-11-19",29.9019
"2022-11-20",28.836
"2022-11-21",45.4966
"2022-11-22",50.6293
"2022-11-23",53.1379
"2022-11-24",55.3208
"2022-11-25",51.9271
"2022-11-26",55.5201
"2022-11-27",43.7824
"2022-11-28",43.7047
"2022-11-29",55.1608
"2022-11-30",40.2699
"2022-12-01",38.7646
"2022-12-02",54.6791
"2022-12-03",50.4327
"2022-12-04",37.9355
"2022-12-05",44.782
"2022-12-06",45.6166
"2022-12-07",46.969
"2022-12-08",41.0068
"2022-12-09",37.8732
"2022-12-10",38.314
"2022-12-11",39.6664
"2022-12-12",36.8987
"2022-12-13",34.3855
"2022-12-14",39.3341
"2022-12-15",45.2896
"2022-12-16",35.6097
"2022-12-17",31.4874
"2022-12-18",30.8289
"2022-12-19",27.3313
"2022-12-20",33.9289
"2022-12-21",33.9658
"2022-12-22",41.6037
"2022-12-23",10.9933
"2022-12-24",17.2328
"2022-12-25",17.321
"2022-12-26",22.7179
"2022-12-27",31.8031
"2022-12-28",40.8488
"2022-12-29",52.9592
"2022-12-30",55.3962
"2022-12-31",44.2161
"2023-01-01",45.8953
"2023-01-02",46.0647
"2023-01-03",45.7027
"2023-01-04",55.3867
"2023-01-05",41.2848
"2023-01-06",38.6607
"2023-01-07",34.1551
"2023-01-08",33.1502
"2023-01-09",40.9899
"2023-01-10",39.8309
"2023-01-11",43.2043
"2023-01-12",42.4828
"2023-01-13",30.4281
"2023-01-14",30.9272
"2023-01-15",34.7916
"2023-01-16",41.7546
"2023-01-17",49.2233
"2023-01-18",43.3072
"2023-01-19",46.9085
"2023-01-20",38.8051
"2023-01-21",33.9561
"2023-01-22",33.1338
"2023-01-23",34.2921
"2023-01-24",40.4602
"2023-01-25",33.5349
"2023-01-26",33.2211
"2023-01-27",36.8478
"2023-01-28",31.8855
"2023-01-29",32.5735
"2023-01-30",28.2857
"2023-01-31",17.9344
"2023-02-01",24.0964
"2023-02-02",33.5003
"2023-02-03",14.3586
"2023-02-04",37.0764
"2023-02-05",41.218
"2023-02-06",35.7602
"2023-02-07",51.9658
"2023-02-08",44.0195
"2023-02-09",55.8127
"2023-02-10",39.2191
"2023-02-11",39.7726
"2023-02-12",50.5951
"2023-02-13",49.8637
"2023-02-14",53.4096
"2023-02-15",56.9568
"2023-02-16",38.345
"2023-02-17",23.083
"2023-02-18",43.1717
"2023-02-19",51.3628
"2023-02-20",42.4963
"2023-02-21",38.5792
"2023-02-22",31.1945
"2023-02-23",40.4249
"2023-02-24",30.8512
"2023-02-25",48.623
"2023-02-26",52.8802
"2023-02-27",70.7553
"2023-02-28",58.1
"2023-03-01",38.2033
"2023-03-02",42.4299
"2023-03-03",37.1019
"2023-03-04",44.287
"2023-03-05",49.3702
"2023-03-06",41.8167
"2023-03-07",42.136
"2023-03-08",43.1712
"2023-03-09",43.8355
"2023-03-10",35.8597
"2023-03-11",40.1562
"2023-03-12",35.2225
"2023-03-13",33.0753
"2023-03-14",36.781
"2023-03-15",47.5277
"2023-03-16",56.4726
"2023-03-17",51.7064
"2023-03-18",28.6615
"2023-03-19",41.599
"2023-03-20",50.8332
"2023-03-21",56.3655
"2023-03-22",51.3664
"2023-03-23",51.9438
"2023-03-24",44.1252
"2023-03-25",52.2531
"2023-03-26",56.0761
"2023-03-27",46.6383
"2023-03-28",51.6281
"2023-03-29",46.7245
"2023-03-30",46.2592
"2023-03-31",59.6761
"2023-04-01",54.8298
"2023-04-02",45.8314
"2023-04-03",65.3427
"2023-04-04",58.4832
"2023-04-05",76.5446
"2023-04-06",53.6351
"2023-04-07",49.1479
"2023-04-08",50.9396
"2023-04-09",59.943
"2023-04-10",67.3326
"2023-04-11",76.0752
"2023-04-12",81.7799
"2023-04-13",84.3289
"2023-04-14",83.0809
"2023-04-15",83.597
"2023-04-16",76.7428
"2023-04-17",41.9403
"2023-04-18",48.1438
"2023-04-19",53.9404
"2023-04-20",68.8537
"2023-04-21",61.4403
"2023-04-22",54.8748
"2023-04-23",50.0954
"2023-04-24",47.8965
"2023-04-25",44.8434
"2023-04-26",53.0823
"2023-04-27",59.3823
"2023-04-28",54.5976
"2023-04-29",64.251
"2023-04-30",55.189
"2023-05-01",48.357
"2023-05-02",44.2557
"2023-05-03",52.3764
"2023-05-04",61.6399
"2023-05-05",67.5883
"2023-05-06",67.4832
"2023-05-07",75.5245
"2023-05-08",66.5753
"2023-05-09",68.3996
"2023-05-10",75.1498
"2023-05-11",80.26
"2023-05-12",79.8269
"2023-05-13",76.0267
"2023-05-14",65.9665
"2023-05-15",73.9054
"2023-05-16",78.7332
"2023-05-17",55.6023
"2023-05-18",64.1813
"2023-05-19",76.1643
"2023-05-20",60.4686
"2023-05-21",75.1221
"2023-05-22",74.5669
"2023-05-23",78.1198
"2023-05-24",66.5197
"2023-05-25",61.8903
"2023-05-26",70.8368
"2023-05-27",76.5675
"2023-05-28",80.0847
"2023-05-29",84.7272
"2023-05-30",85.325
"2023-05-31",85.9352
"2023-06-01",88.5771
"2023-06-02",88.7387
"2023-06-03",89.0312
"2023-06-04",76.1994
"2023-06-05",78.9627
"2023-06-06",74.1871
"2023-06-07",72.9552
"2023-06-08",72.7471
"2023-06-09",76.9878
"2023-06-10",83.012
"2023-06-11",67.6884
"2023-06-12",63.8654
"2023-06-13",66.9875
"2023-06-14",73.0782
"2023-06-15",71.1723
"2023-06-16",68.68
"2023-06-17",79.5124
"2023-06-18",81.1616
"2023-06-19",83.2352
"2023-06-20",83.9437
"2023-06-21",83.3986
"2023-06-22",77.2849
"2023-06-23",68.4982
"2023-06-24",85.1175
"2023-06-25",84.157
"2023-06-26",72.2692
"2023-06-27",69.3223
"2023-06-28",76.0748
"2023-06-29",82.5809
"2023-06-30",87.0201
"2023-07-01",84.0286
"2023-07-02",78.3333
"2023-07-03",85.7968
"2023-07-04",87.8605
"2023-07-05",90.0662
"2023-07-06",84.6943
"2023-07-07",79.5412
"2023-07-08",74.8737
"2023-07-09",78.9989
"2023-07-10",86.2385
"2023-07-11",87.6508
"2023-07-12",76.7973
"2023-07-13",77.4779
"2023-07-14",81.6971
"2023-07-15",74.2757
"2023-07-16",81.9819
"2023-07-17",81.4249
"2023-07-18",78.501
"2023-07-19",82.0683
"2023-07-20",85.3981
"2023-07-21",80.4313
"2023-07-22",82.8392
"2023-07-23",81.5547
"2023-07-24",84.7522
"2023-07-25",87.0786
"2023-07-26",85.6699
"2023-07-27",85.5972
"2023-07-28",88.1791
"2023-07-29",81.6435
"2023-07-30",80.6853
"2023-07-31",78.5829
"2023-08-01",77.8105
"2023-08-02",81.7349
"2023-08-03",86.7054
"2023-08-04",83.0863
"2023-08-05",78.4852
"2023-08-06",73.704
"2023-08-07",71.9197
"2023-08-08",81.955
"2023-08-09",82.6164
"2023-08-10",79.6746
"2023-08-11",78.5224
"2023-08-12",81.4478
"2023-08-13",80.6389
"2023-08-14",76.6351
"2023-08-15",69.804
"2023-08-16",80.9557
"2023-08-17",75.7854
"2023-08-18",72.6049
"2023-08-19",77.2716
"2023-08-20",87.1975
"2023-08-21",81.0788
"2023-08-22",74.4591
"2023-08-23",80.5352
"2023-08-24",86.8354
"2023-08-25",75.5436
"2023-08-26",77.1501
"2023-08-27",72.9558
"2023-08-28",75.5431
"2023-08-29",79.182
"2023-08-30",65.1281
"2023-08-31",73.9402
"2023-09-01",76.7649
"2023-09-02",81.6359
"2023-09-03",87.7989
"2023-09-04",88.8777
"2023-09-05",88.9394
"2023-09-06",80.4321
"2023-09-07",75.9558
"2023-09-08",67.1938
"2023-09-09",67.6413
"2023-09-10",71.4902
"2023-09-11",73.3469
"2023-09-12",71.1363
"2023-09-13",64.404
"2023-09-14",69.0157
"2023-09-15",70.1577
"2023-09-16",71.3797
"2023-09-17",71.4868
"2023-09-18",67.192
"2023-09-19",69.46
"2023-09-20",76.2055
"2023-09-21",80.4859
"2023-09-22",77.2117
"2023-09-23",72.2394
"2023-09-24",75.6999
"2023-09-25",69.017
"2023-09-26",67.4528
"2023-09-27",64.5591
"2023-09-28",62.7892
"2023-09-29",69.422
"2023-09-30",74.957
"2023-10-01",78.372
"2023-10-02",82.1199
"2023-10-03",84.8007
"2023-10-04",82.7469
"2023-10-05",71.0247
"2023-10-06",68.1955
"2023-10-07",57.1298
"2023-10-08",57.3003
"2023-10-09",56.5088
"2023-10-10",53.1642
"2023-10-11",58.681
"2023-10-12",63.4494
"2023-10-13",56.1358
"2023-10-14",53.7823
"2023-10-15",54.4793
"2023-10-16",55.6765
"2023-10-17",53.0326
"2023-10-18",62.76
"2023-10-19",59.2727
"2023-10-20",59.0338
"2023-10-21",54.9437
"2023-10-22",52.6476
"2023-10-23",56.9959
"2023-10-24",76.8909
"2023-10-25",68.1613
"2023-10-26",73.6583
"2023-10-27",77.5708
"2023-10-28",55.9542
"2023-10-29",49.4757
"2023-10-30",45.0925
"2023-10-31",40.9714
"2023-11-01",41.175
"2023-11-02",50.4757
"2023-11-03",57.0211
"2023-11-04",53.3737
"2023-11-05",52.6964
"2023-11-06",63.5625
"2023-11-07",51.847
"2023-11-08",48.234
"2023-11-09",54.549
"2023-11-10",51.7671
"2023-11-11",47.5477
"2023-11-12",49.5761
"2023-11-13",59.4129
"2023-11-14",51.4638
"2023-11-15",60.4933
"2023-11-16",61.8562
"2023-11-17",58.3736
"2023-11-18",49.7939
"2023-11-19",49.1909
"2023-11-20",41.8411
"2023-11-21",49.082
"2023-11-22",41.8456
"2023-11-23",46.8207
"2023-11-24",33.6162
"2023-11-25",36.9189
"2023-11-26",39.1978
"2023-11-27",31.9701
"2023-11-28",29.1844
"2023-11-29",33.6744
"2023-11-30",52.723
"2023-12-01",44.4495
"2023-12-02",43.2568
"2023-12-03",43.8165
"2023-12-04",39.6961
"2023-12-05",38.2843
"2023-12-06",40.6497
"2023-12-07",48.0564
"2023-12-08",55.6547
"2023-12-09",62.3066
"2023-12-10",42.7312
"2023-12-11",35.9667
"2023-12-12",44.0026
"2023-12-13",39.4956
"2023-12-14",48.6235
"2023-12-15",57.0609
"2023-12-16",51.6429
"2023-12-17",47.8076
"2023-12-18",37.9717
"2023-12-19",35.5332
"2023-12-20",43.8454
"2023-12-21",43.0605
"2023-12-22",42.0267
"2023-12-23",46.3575
"2023-12-24",46.683
"2023-12-25",53.3471
"2023-12-26",55.0744
"2023-12-27",49.4542
"2023-12-28",47.462
"2023-12-29",43.4104
"2023-12-30",39.5793
"2023-12-31",39.925
"2024-01-01",33.5838
"2024-01-02",33.9066
"2024-01-03",35.773
"2024-01-04",30.4272
"2024-01-05",33.2982
"2024-01-06",36.4057
"2024-01-07",37.1579
"2024-01-08",37.8367
"2024-01-09",44.73
"2024-01-10",37.1752
"2024-01-11",37.6347
"2024-01-12",39.5595
"2024-01-13",30.5893
"2024-01-14",11.6647
"2024-01-15",10.6806
"2024-01-16",13.7251
"2024-01-17",21.5056
"2024-01-18",26.1315
"2024-01-19",22.3999
"2024-01-20",18.6217
"2024-01-21",26.4785
"2024-01-22",33.6981
"2024-01-23",35.9823
"2024-01-24",39.0002
"2024-01-25",41.3253
"2024-01-26",41.565
"2024-01-27",40.8301
"2024-01-28",38.9928
"2024-01-29",35.7409
"2024-01-30",35.2409
"2024-01-31",39.9947
"2024-02-01",43.7896
"2024-02-02",39.5289
"2024-02-03",34.9122
"2024-02-04",48.9492
"2024-02-05",39.8876
"2024-02-06",43.9513
"2024-02-07",50.0835
"2024-02-08",60.2049
"2024-02-09",64.7647
"2024-02-10",49.3174
"2024-02-11",40.6076
"2024-02-12",43.5837
"2024-02-13",37.1844
"2024-02-14",39.5712
"2024-02-15",40.289
"2024-02-16",32.0774
"2024-02-17",28.9481
"2024-02-18",38.7986
"2024-02-19",40.0473
"2024-02-20",49.177
"2024-02-21",60.7919
"2024-02-22",53.9697
"2024-02-23",51.564
"2024-02-24",49.8418
"2024-02-25",55.981
"2024-02-26",39.1293
"2024-02-27",45.0972
"2024-02-28",56.2098
"2024-02-29",25.5139
"2024-03-01",47.2307
"2024-03-02",52.7587
"2024-03-03",58.716
"2024-03-04",73.117
"2024-03-05",59.9279
"2024-03-06",45.9675
"2024-03-07",53.3421
"2024-03-08",54.5963
"2024-03-09",52.7794
"2024-03-10",39.3069
"2024-03-11",56.9656
"2024-03-12",70.5193
"2024-03-13",70.0794
"2024-03-14",55.6889
"2024-03-15",50.0886
"2024-03-16",59.1687
"2024-03-17",43.3256
"2024-03-18",35.1396
"2024-03-19",47.257
"2024-03-20",34.5245
"2024-03-21",36.5891
"2024-03-22",32.371
"2024-03-23",36.7777
"2024-03-24",38.5281
"2024-03-25",62.9969
"2024-03-26",58.7548
"2024-03-27",40.4692
"2024-03-28",50.0493
"2024-03-29",53.5465
"2024-03-30",43.3008
"2024-03-31",44.5827
"2024-04-01",53.5339
"2024-04-02",50.0155
"2024-04-03",47.2145
"2024-04-04",49.7786
"2024-04-05",47.9383
"2024-04-06",58.2611
"2024-04-07",58.2831
"2024-04-08",70.8505
"2024-04-09",77.02
"2024-04-10",65.3968
"2024-04-11",61.0929
"2024-04-12",52.0936
"2024-04-13",63.2802
"2024-04-14",80.0132
"2024-04-15",68.1948
"2024-04-16",68.5828
"2024-04-17",72.6363
"2024-04-18",66.5627
"2024-04-19",60.2182
"2024-04-20",47.3954
"2024-04-21",55.0137
"2024-04-22",64.951
"2024-04-23",58.8823
"2024-04-24",46.641
"2024-04-25",54.014
"2024-04-26",63.8555
"2024-04-27",81.5956
"2024-04-28",78.9816
"2024-04-29",82.0389
"2024-04-30",73.5192
"2024-05-01",83.0813
"2024-05-02",71.2387
"2024-05-03",71.1928
"2024-05-04",73.9742
"2024-05-05",71.919
"2024-05-06",67.9525
"2024-05-07",69.5793
"2024-05-08",77.9263
"2024-05-09",60.1016
"2024-05-10",66.6352
"2024-05-11",57.3274
"2024-05-12",70.4773
"2024-05-13",82.9258
"2024-05-14",70.5133
"2024-05-15",75.013
"2024-05-16",76.9255
"2024-05-17",73.6736
"2024-05-18",76.9735
"2024-05-19",88.5457
"2024-05-20",88.093
"2024-05-21",88.2171
"2024-05-22",87.811
"2024-05-23",80.9857
"2024-05-24",81.4671
"2024-05-25",80.1725
"2024-05-26",77.1381
"2024-05-27",71.0107
"2024-05-28",73.0686
"2024-05-29",68.8662
"2024-05-30",70.9772
"2024-05-31",76.4044
"2024-06-01",77.9477
"2024-06-02",76.7608
"2024-06-03",77.1494
"2024-06-04",85.6051
"2024-06-05",82.5361
"2024-06-06",79.2833
"2024-06-07",68.9032
"2024-06-08",76.8018
"2024-06-09",74.0896
"2024-06-10",68.0358
"2024-06-11",71.7417
"2024-06-12",84.8376
"2024-06-13",91.3518
"2024-06-14",80.8938
"2024-06-15",76.0451
"2024-06-16",85.6949
"2024-06-17",94.2067
"2024-06-18",90.3182
"2024-06-19",91.8574
"2024-06-20",88.6631
"2024-06-21",88.3848
"2024-06-22",91.432
"2024-06-23",81.3781
"2024-06-24",81.6017
"2024-06-25",82.6696
"2024-06-26",80.537
"2024-06-27",73.1334
"2024-06-28",74.4165
"2024-06-29",89.0996
"2024-06-30",69.8815
"2024-07-01",75.0603
"2024-07-02",80.3019
"2024-07-03",86.3746
"2024-07-04",84.3982
"2024-07-05",80.7775
"2024-07-06",80.4213
"2024-07-07",84.8215
"2024-07-08",88.0192
"2024-07-09",82.6493
"2024-07-10",70.2714
"2024-07-11",83.3697
"2024-07-12",83.4147
"2024-07-13",87.7777
"2024-07-14",86.9101
"2024-07-15",88.0664
"2024-07-16",88.0819
"2024-07-17",83.6269
"2024-07-18",74.8636
"2024-07-19",80.3604
"2024-07-20",81.0885
"2024-07-21",83.9525
"2024-07-22",81.567
"2024-07-23",84.2835
"2024-07-24",78.1183
"2024-07-25",78.6742
"2024-07-26",79.6993
"2024-07-27",81.9225
"2024-07-28",88.455
"2024-07-29",84.5004
"2024-07-30",84.2619
"2024-07-31",89.7555
"2024-08-01",88.9641
"2024-08-02",80.215
"2024-08-03",87.3576
"2024-08-04",87.8925
"2024-08-05",85.2037
"2024-08-06",68.5396
"2024-08-07",77.4968
"2024-08-08",82.1397
"2024-08-09",77.9189
"2024-08-10",73.1721
"2024-08-11",75.3384
"2024-08-12",79.0786
"2024-08-13",81.3976
"2024-08-14",81.7335
"2024-08-15",80.7111
"2024-08-16",79.452
"2024-08-17",80.2935
"2024-08-18",77.8372
"2024-08-19",70.8517
"2024-08-20",70.4368
"2024-08-21",73.4337
"2024-08-22",77.8566
"2024-08-23",79.4385
"2024-08-24",84.2725
"2024-08-25",86.5749
"2024-08-26",92.358
"2024-08-27",93.7173
"2024-08-28",81.723
"2024-08-29",78.2685
"2024-08-30",90.8074
"2024-08-31",83.8495
"2024-09-01",77.4619
"2024-09-02",69.9877
"2024-09-03",73.2909
"2024-09-04",78.2382
"2024-09-05",84.3656
"2024-09-06",70.146
"2024-09-07",60.5746
"2024-09-08",71.0865
"2024-09-09",79.0423
"2024-09-10",78.908
"2024-09-11",82.9344
"2024-09-12",83.6694
"2024-09-13",81.2354
"2024-09-14",80.9411
"2024-09-15",83.1123
"2024-09-16",80.2706
"2024-09-17",77.4097
"2024-09-18",80.7843
"2024-09-19",81.3492
"2024-09-20",81.8782
"2024-09-21",85.1763
"2024-09-22",81.1051
"2024-09-23",68.8764
"2024-09-24",69.928
"2024-09-25",75.4563
"2024-09-26",71.6103
"2024-09-27",73.7245
"2024-09-28",68.1755
"2024-09-29",70.2772
"2024-09-30",72.0547
"2024-10-01",77.0653
"2024-10-02",67.5808
"2024-10-03",77.0587
"2024-10-04",70.7803
"2024-10-05",68.9871
"2024-10-06",77.9441
"2024-10-07",65.0779
"2024-10-08",68.362
"2024-10-09",63.6512
"2024-10-10",62.1727
"2024-10-11",77.8811
"2024-10-12",64.2297
"2024-10-13",52.7268
"2024-10-14",53.3493
"2024-10-15",51.2388
"2024-10-16",55.0542
"2024-10-17",61.8147
"2024-10-18",65.7541
"2024-10-19",70.0671
"2024-10-20",75.1492
"2024-10-21",80.4259
"2024-10-22",74.6458
"2024-10-23",67.6852
"2024-10-24",59.1764
"2024-10-25",59.562
"2024-10-26",55.6086
"2024-10-27",57.1365
"2024-10-28",60.3408
"2024-10-29",76.8427
"2024-10-30",76.8434
"2024-10-31",74.125
"2024-11-01",52.5661
"2024-11-02",54.9151
"2024-11-03",60.5737
"2024-11-04",69.9816
"2024-11-05",74.0926
"2024-11-06",68.9464
"2024-11-07",59.4505
"2024-11-08",58.6612
"2024-11-09",54.8002
"2024-11-10",59.7852
"2024-11-11",58.3165
"2024-11-12",48.898
"2024-11-13",51.5826
"2024-11-14",48.1424
"2024-11-15",50.5258
"2024-11-16",51.55
"2024-11-17",54.5095
"2024-11-18",55.8273
"2024-11-19",58.831
"2024-11-20",52.6962
"2024-11-21",37.9551
"2024-11-22",45.8452
"2024-11-23",45.7579
"2024-11-24",45.8469
"2024-11-25",50.4313
"2024-11-26",44.8977
"2024-11-27",43.9752
"2024-11-28",38.7603
"2024-11-29",31.4389
"2024-11-30",27.0772
"2024-12-01",31.8047
"2024-12-02",36.0304
"2024-12-03",36.8726
"2024-12-04",37.4398
"2024-12-05",30.4929
"2024-12-06",33.0775
"2024-12-07",43.0894
"2024-12-08",51.1822
"2024-12-09",52.0554
"2024-12-10",49.4832
"2024-12-11",35.5471
"2024-12-12",20.0199
"2024-12-13",22.7984
"2024-12-14",35.8421
"2024-12-15",43.848
"2024-12-16",53.3662
"2024-12-17",42.2571
"2024-12-18",37.7146
"2024-12-19",33.2283
"2024-12-20",32.3686
"2024-12-21",24.5372
"2024-12-22",28.8471
"2024-12-23",34.3328
"2024-12-24",35.3025
"2024-12-25",37.4806
"2024-12-26",42.2623
"2024-12-27",52.1076
"2024-12-28",57.3521
"2024-12-29",45.8713
"2024-12-30",48.7904
"2024-12-31",41.4946
"2025-01-01",35.9413
"2025-01-02",28.5958
"2025-01-03",26.8653
"2025-01-04",22.9453
"2025-01-05",23.9499
"2025-01-06",26.6171
"2025-01-07",26.9724
"2025-01-08",22.5388
"2025-01-09",25.0119
"2025-01-10",25.4512
"2025-01-11",34.1253
"2025-01-12",34.2302
"2025-01-13",25.6761
"2025-01-14",19.3005
"2025-01-15",24.429
"2025-01-16",31.7444
"2025-01-17",38.0966
"2025-01-18",36.6831
"2025-01-19",21.2119
"2025-01-20",11.718
"2025-01-21",8.593
"2025-01-22",17.2452
"2025-01-23",24.5102
"2025-01-24",20.5338
"2025-01-25",33.5026
"2025-01-26",31.0557
"2025-01-27",37.4506
"2025-01-28",40.9471
"2025-01-29",39.4142
"2025-01-30",42.6524
"2025-01-31",41.6532
"2025-02-01",29.9863
"2025-02-02",38.5009
"2025-02-03",45.4888
"2025-02-04",33.1029
"2025-02-05",33.0165
"2025-02-06",38.5515
"2025-02-07",32.4583
"2025-02-08",33.3417
"2025-02-09",34.6293
"2025-02-10",35.6572
"2025-02-11",35.1757
"2025-02-12",32.4513
"2025-02-13",35.0042
"2025-02-14",30.8795
"2025-02-15",37.3039
"2025-02-16",33.1266
"2025-02-17",24.8155
"2025-02-18",21.8773
"2025-02-19",22.7554
"2025-02-20",27.8514
"2025-02-21",39.6297
"2025-02-22",36.6894
"2025-02-23",31.642
"2025-02-24",37.7591
"2025-02-25",39.7845
"2025-02-26",38.0642
"2025-02-27",59.8908
"2025-02-28",43.7778
"2025-03-01",29.3398
"2025-03-02",30.2596
"2025-03-03",40.0363
"2025-03-04",48.0279
"2025-03-05",56.6906
"2025-03-06",35.2796
"2025-03-07",41.1579
"2025-03-08",39.9996
"2025-03-09",56.4471
"2025-03-10",66.0465
"2025-03-11",59.6217
"2025-03-12",46.8223
"2025-03-13",54.3666
"2025-03-14",65.7144
"2025-03-15",71.9578
"2025-03-16",60.4112
"2025-03-17",47.1438
"2025-03-18",67.9001
"2025-03-19",72.4986
"2025-03-20",47.8058
"2025-03-21",54.3274
"2025-03-22",42.5687
"2025-03-23",43.8732
"2025-03-24",40.7896
"2025-03-25",45.3668
"2025-03-26",44.3959
"2025-03-27",56.7981
"2025-03-28",68.4201
"2025-03-29",68.337
"2025-03-30",66.79
"2025-03-31",44.3433
"2025-04-01",42.2758
"2025-04-02",65.0844
"2025-04-03",66.8005
"2025-04-04",51.3244
"2025-04-05",49.8621
"2025-04-06",46.6786
"2025-04-07",48.1123
"2025-04-08",39.3415
"2025-04-09",47.0629
"2025-04-10",38.2491
"2025-04-11",51.9883
"2025-04-12",57.2502
"2025-04-13",60.0238
"2025-04-14",73.8003
"2025-04-15",48.2727
"2025-04-16",54.0977
"2025-04-17",61.1276
"2025-04-18",81.9214
"2025-04-19",69.0015
"2025-04-20",56.4179
"2025-04-21",75.0722
"2025-04-22",67.0327
"2025-04-23",77.2183
"2025-04-24",81.8247
"2025-04-25",75.0029
"2025-04-26",53.9622
"2025-04-27",66.187
"2025-04-28",73.6111
"2025-04-29",85.9698
"2025-04-30",58.5601
"2025-05-01",68.007
"2025-05-02",70.9068
"2025-05-03",52.7068
"2025-05-04",53.1199
"2025-05-05",69.1041
"2025-05-06",61.1001
"2025-05-07",76.1517
"2025-05-08",54.9628
"2025-05-09",65.4489
"2025-05-10",80.3707
"2025-05-11",67.3849
"2025-05-12",79.605
"2025-05-13",69.9161
"2025-05-14",76.2586
"2025-05-15",81.0129
"2025-05-16",83.6787
"2025-05-17",63.2979
"2025-05-18",62.3025
"2025-05-19",59.6325
"2025-05-20",58.2064
"2025-05-21",52.1136
"2025-05-22",55.4742
"2025-05-23",55.4304
"2025-05-24",62.0658
"2025-05-25",65.9941
"2025-05-26",70.6773
"2025-05-27",70.9696
"2025-05-28",58.2438
"2025-05-29",65.8031
"2025-05-30",76.7291
"2025-05-31",63.9356
"2025-06-01",68.3091
"2025-06-02",79.4935
"2025-06-03",85.3705
"2025-06-04",85.3999
"2025-06-05",66.8624
"2025-06-06",74.674
"2025-06-07",77.5873
"2025-06-08",76.2186
"2025-06-09",77.6037
"2025-06-10",75.3116
"2025-06-11",86.2443
"2025-06-12",73.3647
"2025-06-13",71.7946
"2025-06-14",76.9975
"2025-06-15",80.3881
"2025-06-16",81.9669
"2025-06-17",86.9506
"2025-06-18",81.0673
"2025-06-19",73.954
"2025-06-20",78.5669
"2025-06-21",89.7526
"2025-06-22",96.1394
"2025-06-23",96.5176
"2025-06-24",94.4308
"2025-06-25",81.5065
"2025-06-26",86.8152
"2025-06-27",92.3788
"2025-06-28",81.1126
"2025-06-29",85.8798
"2025-06-30",85.5522
"2025-07-01",85.1211
"2025-07-02",87.0418
"2025-07-03",84.8597
"2025-07-04",86.5544
"2025-07-05",93.1779
"2025-07-06",93.7045
"2025-07-07",74.0698
"2025-07-08",82.2556
"2025-07-09",82.2234
"2025-07-10",86.7331
"2025-07-11",84.9481
"2025-07-12",89.4006
"2025-07-13",88.4102
"2025-07-14",86.9378
"2025-07-15",89.1633
"2025-07-16",85.0752
"2025-07-17",78.0435
"2025-07-18",75.6261
"2025-07-19",82.4817
"2025-07-20",78.96
"2025-07-21",77.0301
"2025-07-22",80.6704
"2025-07-23",87.7798
"2025-07-24",96.8004
"2025-07-25",85.93
"2025-07-26",83.4294
"2025-07-27",92.2057
"2025-07-28",90.1566
"2025-07-29",88.4556
"2025-07-30",85.0568
"2025-07-31",74.8542
"2025-08-01",75.9434
"2025-08-02",77.2439
"2025-08-03",79.5573
"2025-08-04",81.2791
"2025-08-05",83.4422
"2025-08-06",82.9224
"2025-08-07",83.9937
"2025-08-08",87.4247
"2025-08-09",89.3401
"2025-08-10",92.3938
"2025-08-11",91.6311
"2025-08-12",92.3238
"2025-08-13",83.2397
"2025-08-14",82.3739
"2025-08-15",85.8565
"2025-08-16",90.0316
"2025-08-17",81.6652
"2025-08-18",77.4887
"2025-08-19",76.3797
"2025-08-20",71.8083
"2025-08-21",75.5454
"2025-08-22",81.6384
"2025-08-23",79.1681
"2025-08-24",76.7433
"2025-08-25",70.092
"2025-08-26",70.7072
"2025-08-27",73.8484
"2025-08-28",71.8133
"2025-08-29",66.5785
"2025-08-30",72.2167
"2025-08-31",74.9529
"2025-09-01",77.4466
"2025-09-02",78.8617
"2025-09-03",82.0432
"2025-09-04",67.4897
"2025-09-05",72.9916
"2025-09-06",65.3236
"2025-09-07",68.9769
"2025-09-08",68.6748
"2025-09-09",75.2508
"2025-09-10",78.3108
"2025-09-11",78.5923
"2025-09-12",78.9777
"2025-09-13",77.8359
"2025-09-14",81.4989
"2025-09-15",81.0766
"2025-09-16",81.7205
"2025-09-17",81.7356
"2025-09-18",86.7337
"2025-09-19",77.6795
"2025-09-20",75.0994
"2025-09-21",73.2371
"2025-09-22",75.3809
"2025-09-23",77.2596
"2025-09-24",73.3714
"2025-09-25",76.5392
"2025-09-26",79.2948
"2025-09-27",84.6727
"2025-09-28",78.5818
"2025-09-29",80.0951
"2025-09-30",80.2117
"2025-10-01",71.4501
"2025-10-02",75.9101
"2025-10-03",82.9161
"2025-10-04",86.8593
"2025-10-05",84.5735
"2025-10-06",84.9634
"2025-10-07",68.8901
"2025-10-08",61.1006
"2025-10-09",60.4344
"2025-10-10",67.147
"2025-10-11",63.4699
"2025-10-12",68.4975
"2025-10-13",72.7011
"2025-10-14",70.6629
"2025-10-15",63.7461
"2025-10-16",64.0776
"2025-10-17",67.1178
"2025-10-18",78.8671
"2025-10-19",64.9821
"2025-10-20",62.2083
"2025-10-21",62.9971
"2025-10-22",51.1016
"2025-10-23",53.553
"2025-10-24",52.1951
"2025-10-25",53.6767
"2025-10-26",54.837
"2025-10-27",56.2822
"2025-10-28",56.7102
"2025-10-29",57.3148
"2025-10-30",51.2535
"2025-10-31",53.8317
"2025-11-01",52.9061
"2025-11-02",57.1633
"2025-11-03",59.293
"2025-11-04",62.1446
"2025-11-05",58.1506
"2025-11-06",51.9535
"2025-11-07",56.5718
"2025-11-08",42.9823
"2025-11-09",35.1385
"2025-11-10",31.147
"2025-11-11",38.2491
"2025-11-12",50.5648
"2025-11-13",51.7163
"2025-11-14",56.8933
"2025-11-15",65.6082
"2025-11-16",44.1178
"2025-11-17",44.1826
"2025-11-18",40.8135
"2025-11-19",44.7127
"2025-11-20",46.1403
"2025-11-21",51.2546
"2025-11-22",45.6256
"2025-11-23",53.2933
"2025-11-24",48.4439
"2025-11-25",51.339
"2025-11-26",48.1732
"2025-11-27",35.121
"2025-11-28",32.9661
"2025-11-29",34.9558
"2025-11-30",35.9064
"2025-12-01",31.0509
"2025-12-02",31.6328
"2025-12-03",28.8496
"2025-12-04",24.15
"2025-12-05",30.0249
"2025-12-06",34.2574
"2025-12-07",31.3034
"2025-12-08",26.902
"2025-12-09",35.6299
"2025-12-10",37.3663
"2025-12-11",29.0147
"2025-12-12",31.5894
"2025-12-13",27.2322
"2025-12-14",19.7051
"2025-12-15",22.0314
"2025-12-16",37.2614
"2025-12-17",45.4624
"2025-12-18",51.0723
"2025-12-19",26.9692
"2025-12-20",40.3972
"2025-12-21",28.4086
"2025-12-22",37.1057
"2025-12-23",53.0242
"2025-12-24",36.5745
"2025-12-25",39.5715
"2025-12-26",34.6593
"2025-12-27",34.3117
"2025-12-28",59.8865
"2025-12-29",28.0067
"2025-12-30",24.9503
"2025-12-31",29.4841
"2026-01-01",38.3806
"2026-01-02",24.1115
"2026-01-03",25.27
"2026-01-04",30.276
"2026-01-05",39.7404
"2026-01-06",39.2486
"2026-01-07",42.3297
"2026-01-08",54.6895
"2026-01-09",60.1806
"2026-01-10",36.9043
"2026-01-11",33.4081
"2026-01-12",37.8063
"2026-01-13",43.6744
"2026-01-14",39.0033
"2026-01-15",20.3625
"2026-01-16",33.3687
"2026-01-17",32.9378
"2026-01-18",20.988
"2026-01-19",18.7657
"2026-01-20",19.357
"2026-01-21",31.887
"2026-01-22",25.2745
"2026-01-23",5.706
"2026-01-24",10.3159
"2026-01-25",14.9445
"2026-01-26",19.3123
"2026-01-27",18.5187
"2026-01-28",17.8587
"2026-01-29",15.5156
"2026-01-30",17.0643
"2026-01-31",17.8558
"2026-02-01",28.8995
"2026-02-02",25.9599
"2026-02-03",27.8699
"2026-02-04",25.1901
"2026-02-05",23.6952
"2026-02-06",33.6612
"2026-02-07",20.1214
"2026-02-08",18.6991
"2026-02-09",28.29
"2026-02-10",46.4052
"2026-02-11",32.5479
"2026-02-12",31.6152
"2026-02-13",40.7113
"2026-02-14",47.7531
"2026-02-15",45.5824
"2026-02-16",54.136
"2026-02-17",47.4735
"2026-02-18",43.2664
"2026-02-19",38.9419
"2026-02-20",44.6502
"2026-02-21",36.0347
"2026-02-22",33.0487
"2026-02-23",28.0328
"2026-02-24",34.1231
"2026-02-25",36.1497
"2026-02-26",34.5556
"2026-02-27",56.1981
"2026-02-28",43.5033
"2026-03-01",29.2694
"2026-03-02",30.6511
"2026-03-03",36.5166
"2026-03-04",40.1772
"2026-03-05",42.3964
"2026-03-06",57.7909
"2026-03-07",66.3355
"2026-03-08",59.8658
"2026-03-09",72.7327
"2026-03-10",72.6982
"2026-03-11",60.1696
"2026-03-12",43.3146
"2026-03-13",50.2128
"2026-03-14",40.6963
"2026-03-15",70.2703
"2026-03-16",42.9512
"2026-03-17",26.7719
"2026-03-18",35.9559
"2026-03-19",52.9781
"2026-03-20",70.7959
"2026-03-21",44.6056
"2026-03-22",51.8848
"2026-03-23",38.5367
"2026-03-24",46.2247
"2026-03-25",58.951
"2026-03-26",66.2805
"2026-03-27",39.2821
"2026-03-28",44.6005
"2026-03-29",55.2988
"2026-03-30",72.8389
"2026-03-31",76.9653
"2026-04-01",38.9712
"2026-04-02",67.2175
"2026-04-03",72.2781
"2026-04-04",63.567
"2026-04-05",43.8278
"2026-04-06",49.9201
"2026-04-07",37.5085
"2026-04-08",55.3971
"2026-04-09",70.6492
"2026-04-10",50.9229
"2026-04-11",53.4168
"2026-04-12",81.0608
"2026-04-13",81.7966
"2026-04-14",79.8433
"2026-04-15",72.4186
"2026-04-16",67.6746
"2026-04-17",70.4575
"2026-04-18",65.6301
"2026-04-19",50.8143
"2026-04-20",46.2751
"2026-04-21",73.1827
"2026-04-22",73.4153
"2026-04-23",75.1435
"2026-04-24",71.0703
"2026-04-25",53.7706
"2026-04-26",60.5557
"2026-04-27",64.5172
"2026-04-28",68.3964
"2026-04-29",50.7436
"2026-04-30",54.919
"2026-05-01",50.0576
"2026-05-02",48.848
"2026-05-03",65.1362
"2026-05-04",77.554
"2026-05-05",61.8784
"2026-05-06",54.9025
"2026-05-07",57.4227
"2026-05-08",64.4497
"2026-05-09",70.965
"2026-05-10",62.0812
"2026-05-11",56.3547
"2026-05-12",61.5335
"2026-05-13",53.9672
"2026-05-14",65.4656
"2026-05-15",71.026
"2026-05-16",80.9263
"2026-05-17",86.0036
"2026-05-18",89.0825
"2026-05-19",88.5115
"2026-05-20",59.7486
"2026-05-21",62.9344
"2026-05-22",65.2084
"2026-05-23",56.0916
"2026-05-24",66.8901
"2026-05-25",77.3944
"2026-05-26",83.1141
"2026-05-27",80.0305
"2026-05-28",69.3583
"2026-05-29",82.6714
"2026-05-30",69.8054
"2026-05-31",75.3325
"2026-06-01",76.6902
"2026-06-02",76.7867
"2026-06-03",80.6126
"2026-06-04",87.0555
"2026-06-05",84.7146
"2026-06-06",85.6112
"2026-06-07",78.9231
"2026-06-08",84.1041
"2026-06-09",84.1579
"2026-06-10",88.5232
"2026-06-11",88.8582
"2026-06-12",80.6963
"2026-06-13",86.8314
"2026-06-14",72.3911
"2026-06-15",73.4353
"2026-06-16",76.9753
"2026-06-17",70.727
"2026-06-18",70.216
"2026-06-19",75.9166
"2026-06-20",75.7233
"2026-06-21",73.5708
"2026-06-22",75.0884
"2026-06-23",75.6991
"2026-06-24",75.6721
"2026-06-25",81.4433
"2026-06-26",71.4522
"2026-06-27",78.9773
"2026-06-28",83.2136
"2026-06-29",87.4715
"2026-06-30",95.0884
"2026-07-01",97.7509
"2026-07-02",96.7492
"2026-07-03",94.4874
"2026-07-04",85.7941
"2026-07-05",77.1514
"2026-07-06",80.3635
"2026-07-07",85.2096
"2026-07-08",89.7762
"2026-07-09",87.989
"2026-07-10",83.6168
"2026-07-11",84.1712
"2026-07-12",84.5488
"2026-07-13",91.5559
"2026-07-14",98.3539
"2026-07-15",97.1996
"2026-07-16",86.7286
"2026-07-17",85.9874
"2026-07-18",92.145
"2026-07-19",79.218
"2026-07-20",82.5822
"2026-07-21",88.0441
"2026-07-22",74.8319
"2026-07-23",77.2038
"2026-07-24",79.185
"2026-07-25",83.7153
"2026-07-26",86.5292
"2026-07-27",89.3262
"2026-07-28",78.3687
"2026-07-29",81.0558
"2026-07-30",87.1954
"2026-07-31",90.1758
"2026-08-01",80.6664
"2026-08-02",75.3543
"2026-08-03",81.8692
"2026-08-04",84.796
"2026-08-05",88.0669
"2026-08-06",85.6467
"2026-08-07",86.1777
"2026-08-08",88.4746
"2026-08-09",85.1164
"2026-08-10",85.1799
"2026-08-11",81.2122
"2026-08-12",82.7996
"2026-08-13",81.3807
"2026-08-14",83.4679
"2026-08-15",77.9612
"2026-08-16",85.2604
"2026-08-17",81.2487
"2026-08-18",84.6428
"2026-08-19",81.6962
"2026-08-20",80.6137
"2026-08-21",81.4555
"2026-08-22",74.961
"2026-08-23",76.3992
"2026-08-24",76.1731
"2026-08-25",80.0922
"2026-08-26",82.9018
"2026-08-27",82.9272
"2026-08-28",78.1466
"2026-08-29",84.4783
"2026-08-30",73.9893
"2026-08-31",83.0543
"2026-09-01",94.4496
"2026-09-02",98.1993
"2026-09-03",83.5029
"2026-09-04",78.6078
"2026-09-05",79.9245
"2026-09-06",77.8957
"2026-09-07",78.7622
"2026-09-08",81.1418
"2026-09-09",77.7909
"2026-09-10",80.9015
"2026-09-11",76.6594
"2026-09-12",83.5245
"2026-09-13",79.9853
"2026-09-14",69.9201
"2026-09-15",78.6767
"2026-09-16",72.5335
"2026-09-17",68.5751
"2026-09-18",73.0288
"2026-09-19",64.3829
"2026-09-20",64.6452
"2026-09-21",60.7703
"2026-09-22",65.0952
"2026-09-23",65.8438
"2026-09-24",68.1283