city_slug,site_id,sensor_id,location_id,sensor_class,date_local,pm25_mean_ugm3,pm25_min,pm25_median,pm25_max,pm25_sd,hours_observed,hours_expected,percent_complete,valid_day,has_flags,period_from_local,period_to_local,period_from_utc,units
minot,S6096201,14383017,6096201,low-cost,2025-10-15,5.01,2.813333333333333,4.7575,7.82,1.5383996351728635,15,24,63.0,0,False,2025-10-15T00:00:00-05:00,2025-10-16T00:00:00-05:00,2025-10-15T05:00:00Z,µg/m³
minot,S6096201,14383017,6096201,low-cost,2025-10-16,3.51,1.72,2.7266666666666666,9.756666666666666,2.4218133101035493,17,24,71.0,0,False,2025-10-16T00:00:00-05:00,2025-10-17T00:00:00-05:00,2025-10-16T05:00:00Z,µg/m³
minot,S6096201,14383017,6096201,low-cost,2025-10-17,5.06,1.343333333333333,5.5775,13.04,3.5894720305710854,21,24,88.0,1,False,2025-10-17T00:00:00-05:00,2025-10-18T00:00:00-05:00,2025-10-17T05:00:00Z,µg/m³
minot,S6096201,14383017,6096201,low-cost,2025-10-18,4.9,3.5025,4.295,8.733333333333333,1.4262197323230819,16,24,67.0,0,False,2025-10-18T00:00:00-05:00,2025-10-19T00:00:00-05:00,2025-10-18T05:00:00Z,µg/m³
minot,S6096201,14383017,6096201,low-cost,2025-10-19,5.44,3.203333333333333,4.246666666666667,13.766666666666666,3.3466495502592903,18,24,75.0,1,False,2025-10-19T00:00:00-05:00,2025-10-20T00:00:00-05:00,2025-10-19T05:00:00Z,µg/m³
minot,S6096201,14383017,6096201,low-cost,2025-10-20,4.02,2.1566666666666667,4.173333333333334,6.453333333333333,1.2307301340296508,11,24,46.0,0,False,2025-10-20T00:00:00-05:00,2025-10-21T00:00:00-05:00,2025-10-20T05:00:00Z,µg/m³
minot,S6096201,14383017,6096201,low-cost,2025-10-21,3.71,2.0833333333333335,3.9370833333333337,5.286666666666667,1.077137777381528,22,24,92.0,1,False,2025-10-21T00:00:00-05:00,2025-10-22T00:00:00-05:00,2025-10-21T05:00:00Z,µg/m³
minot,S6096201,14383017,6096201,low-cost,2025-10-22,5.25,3.216666666666667,4.825,8.8475,1.7770833333333331,20,24,83.0,1,False,2025-10-22T00:00:00-05:00,2025-10-23T00:00:00-05:00,2025-10-22T05:00:00Z,µg/m³
minot,S6096201,14383017,6096201,low-cost,2025-10-23,4.9,3.7375,4.816666666666666,7.376666666666666,0.950267948149586,15,24,63.0,0,False,2025-10-23T00:00:00-05:00,2025-10-24T00:00:00-05:00,2025-10-23T05:00:00Z,µg/m³
minot,S6096201,14383017,6096201,low-cost,2025-10-24,6.62,3.85,5.665,11.306666666666667,3.5613776984632106,4,24,17.0,0,False,2025-10-24T00:00:00-05:00,2025-10-25T00:00:00-05:00,2025-10-24T05:00:00Z,µg/m³
minot,S6096201,14383017,6096201,low-cost,2025-10-25,6.01,4.54,5.64,10.533333333333333,0.43522152724535296,11,24,46.0,0,False,2025-10-25T00:00:00-05:00,2025-10-26T00:00:00-05:00,2025-10-25T05:00:00Z,µg/m³
minot,S6096201,14383017,6096201,low-cost,2025-10-26,6.2,2.69,6.550000000000001,10.6175,1.7964129897185748,21,24,88.0,1,False,2025-10-26T00:00:00-05:00,2025-10-27T00:00:00-05:00,2025-10-26T05:00:00Z,µg/m³
minot,S6096201,14383017,6096201,low-cost,2025-10-27,2.73,1.7666666666666666,2.2091666666666665,5.023333333333333,0.960905334827526,8,24,33.0,0,False,2025-10-27T00:00:00-05:00,2025-10-28T00:00:00-05:00,2025-10-27T05:00:00Z,µg/m³
minot,S6096201,14383017,6096201,low-cost,2025-10-28,3.73,2.94,3.733333333333333,5.433333333333334,0.703234096474598,19,24,79.0,1,False,2025-10-28T00:00:00-05:00,2025-10-29T00:00:00-05:00,2025-10-28T05:00:00Z,µg/m³
minot,S6096201,14383017,6096201,low-cost,2025-10-29,4.93,2.966666666666667,4.1325,10.09,2.267660216786522,19,24,79.0,1,False,2025-10-29T00:00:00-05:00,2025-10-30T00:00:00-05:00,2025-10-29T05:00:00Z,µg/m³
minot,S6096201,14383017,6096201,low-cost,2025-10-30,5.5,3.12,5.366666666666667,14.75,1.0927774536159285,15,24,63.0,0,False,2025-10-30T00:00:00-05:00,2025-10-31T00:00:00-05:00,2025-10-30T05:00:00Z,µg/m³
minot,S6096201,14383017,6096201,low-cost,2025-10-31,5.6,3.7700000000000005,5.22,8.475,1.13196924521229,23,24,96.0,1,False,2025-10-31T00:00:00-05:00,2025-11-01T00:00:00-05:00,2025-10-31T05:00:00Z,µg/m³
minot,S6096201,14383017,6096201,low-cost,2025-11-01,8.49,4.16,6.970000000000001,20.904999999999998,4.63149602217676,20,24,83.0,1,False,2025-11-01T00:00:00-05:00,2025-11-02T00:00:00-05:00,2025-11-01T05:00:00Z,µg/m³
minot,S6096201,14383017,6096201,low-cost,2025-11-02,4.04,3.7100000000000004,3.8791666666666664,4.9,0.44795140692151314,6,24,25.0,0,False,2025-11-02T00:00:00-05:00,2025-11-03T00:00:00-06:00,2025-11-02T05:00:00Z,µg/m³
minot,S6096201,14383017,6096201,low-cost,2025-11-03,4.82,3.3125,3.965,13.0675,3.105703943234882,16,24,67.0,0,False,2025-11-03T00:00:00-06:00,2025-11-04T00:00:00-06:00,2025-11-03T06:00:00Z,µg/m³
minot,S6096201,14383017,6096201,low-cost,2025-11-04,4.01,2.6633333333333336,3.5012499999999998,5.93,0.7282617347636683,18,24,75.0,1,False,2025-11-04T00:00:00-06:00,2025-11-05T00:00:00-06:00,2025-11-04T06:00:00Z,µg/m³
minot,S6096201,14383017,6096201,low-cost,2025-11-05,5.95,4.47,5.678749999999999,10.0,1.265901826620265,22,24,92.0,1,False,2025-11-05T00:00:00-06:00,2025-11-06T00:00:00-06:00,2025-11-05T06:00:00Z,µg/m³
minot,S6096201,14383017,6096201,low-cost,2025-11-06,4.74,2.7225,4.77125,6.0825,0.6964823299950761,22,24,92.0,1,False,2025-11-06T00:00:00-06:00,2025-11-07T00:00:00-06:00,2025-11-06T06:00:00Z,µg/m³
minot,S6096201,14383017,6096201,low-cost,2025-11-07,3.82,2.475,2.935,11.443333333333333,2.531103859521609,19,24,79.0,1,False,2025-11-07T00:00:00-06:00,2025-11-08T00:00:00-06:00,2025-11-07T06:00:00Z,µg/m³
minot,S6096201,14383017,6096201,low-cost,2025-11-08,5.16,2.6566666666666667,4.896666666666667,9.676666666666666,1.894382783640197,23,24,96.0,1,False,2025-11-08T00:00:00-06:00,2025-11-09T00:00:00-06:00,2025-11-08T06:00:00Z,µg/m³
minot,S6096201,14383017,6096201,low-cost,2025-11-09,5.25,3.736666666666667,5.225,7.6,0.818006824753874,21,24,88.0,1,False,2025-11-09T00:00:00-06:00,2025-11-10T00:00:00-06:00,2025-11-09T06:00:00Z,µg/m³
minot,S6096201,14383017,6096201,low-cost,2025-11-10,6.65,3.236666666666667,5.516666666666667,11.5625,2.6044494715127993,17,24,71.0,0,False,2025-11-10T00:00:00-06:00,2025-11-11T00:00:00-06:00,2025-11-10T06:00:00Z,µg/m³
minot,S6096201,14383017,6096201,low-cost,2025-11-11,3.63,2.99,3.521666666666667,5.723333333333334,0.6428596568146026,20,24,83.0,1,False,2025-11-11T00:00:00-06:00,2025-11-12T00:00:00-06:00,2025-11-11T06:00:00Z,µg/m³
minot,S6096201,14383017,6096201,low-cost,2025-11-12,4.01,2.925,3.846666666666667,5.155,0.7271495006215769,15,24,63.0,0,False,2025-11-12T00:00:00-06:00,2025-11-13T00:00:00-06:00,2025-11-12T06:00:00Z,µg/m³
minot,S6096201,14383017,6096201,low-cost,2025-11-13,6.3,4.7425,6.296250000000001,7.8500000000000005,2.197334322537196,2,24,8.0,0,False,2025-11-13T00:00:00-06:00,2025-11-14T00:00:00-06:00,2025-11-13T06:00:00Z,µg/m³
minot,S6096201,14383017,6096201,low-cost,2025-11-14,7.08,4.03,6.641666666666667,10.4525,2.035039459735012,12,24,50.0,0,False,2025-11-14T00:00:00-06:00,2025-11-15T00:00:00-06:00,2025-11-14T06:00:00Z,µg/m³
minot,S6096201,14383017,6096201,low-cost,2025-11-15,4.16,3.0400000000000005,3.9816666666666665,6.175,0.651583411856233,22,24,92.0,1,False,2025-11-15T00:00:00-06:00,2025-11-16T00:00:00-06:00,2025-11-15T06:00:00Z,µg/m³
minot,S6096201,14383017,6096201,low-cost,2025-11-16,5.04,3.9166666666666674,4.913333333333333,7.116666666666666,0.8799970472909215,21,24,88.0,1,False,2025-11-16T00:00:00-06:00,2025-11-17T00:00:00-06:00,2025-11-16T06:00:00Z,µg/m³
minot,S6096201,14383017,6096201,low-cost,2025-11-17,4.84,3.9375,4.6475,6.4575,0.7270184707570333,21,24,88.0,1,False,2025-11-17T00:00:00-06:00,2025-11-18T00:00:00-06:00,2025-11-17T06:00:00Z,µg/m³
minot,S6096201,14383017,6096201,low-cost,2025-11-18,7.43,4.113333333333333,7.9275,10.896666666666667,1.8371988230496832,21,24,88.0,1,False,2025-11-18T00:00:00-06:00,2025-11-19T00:00:00-06:00,2025-11-18T06:00:00Z,µg/m³
minot,S6096201,14383017,6096201,low-cost,2025-11-19,11.6,6.41,12.363333333333333,15.340000000000002,1.276231727952666,18,24,75.0,1,False,2025-11-19T00:00:00-06:00,2025-11-20T00:00:00-06:00,2025-11-19T06:00:00Z,µg/m³
minot,S6096201,14383017,6096201,low-cost,2025-11-20,9.84,5.426666666666667,8.605,18.28,4.288836281957981,19,24,79.0,1,False,2025-11-20T00:00:00-06:00,2025-11-21T00:00:00-06:00,2025-11-20T06:00:00Z,µg/m³
minot,S6096201,14383017,6096201,low-cost,2025-11-21,7.85,5.735,7.083333333333333,15.666666666666666,3.165789015805158,19,24,79.0,1,False,2025-11-21T00:00:00-06:00,2025-11-22T00:00:00-06:00,2025-11-21T06:00:00Z,µg/m³
minot,S6096201,14383017,6096201,low-cost,2025-11-22,5.47,4.0225,4.72,8.3025,1.555670566893394,10,24,42.0,0,False,2025-11-22T00:00:00-06:00,2025-11-23T00:00:00-06:00,2025-11-22T06:00:00Z,µg/m³
minot,S6096201,14383017,6096201,low-cost,2025-11-23,4.81,3.3725,4.4245833333333335,8.093333333333334,1.3024211413653066,12,24,50.0,0,False,2025-11-23T00:00:00-06:00,2025-11-24T00:00:00-06:00,2025-11-23T06:00:00Z,µg/m³
minot,S6096201,14383017,6096201,low-cost,2025-11-24,6.73,2.645,7.026666666666667,8.8475,1.171842416654603,19,24,79.0,1,False,2025-11-24T00:00:00-06:00,2025-11-25T00:00:00-06:00,2025-11-24T06:00:00Z,µg/m³
minot,S6096201,14383017,6096201,low-cost,2025-11-25,14.3,1.9633333333333332,14.043333333333333,30.573333333333334,6.681721556959971,18,24,75.0,1,False,2025-11-25T00:00:00-06:00,2025-11-26T00:00:00-06:00,2025-11-25T06:00:00Z,µg/m³
minot,S6096201,14383017,6096201,low-cost,2025-11-26,21.1,10.79,21.827916666666667,26.76,5.201039124141309,20,24,83.0,1,False,2025-11-26T00:00:00-06:00,2025-11-27T00:00:00-06:00,2025-11-26T06:00:00Z,µg/m³
minot,S6096201,14383017,6096201,low-cost,2025-11-27,21.0,9.0525,23.482499999999998,30.3,7.363881401845723,21,24,88.0,1,False,2025-11-27T00:00:00-06:00,2025-11-28T00:00:00-06:00,2025-11-27T06:00:00Z,µg/m³
minot,S6096201,14383017,6096201,low-cost,2025-11-28,8.86,2.64,7.555,20.3225,6.101052887888448,17,24,71.0,0,False,2025-11-28T00:00:00-06:00,2025-11-29T00:00:00-06:00,2025-11-28T06:00:00Z,µg/m³
minot,S6096201,14383017,6096201,low-cost,2025-11-29,4.37,2.5733333333333337,4.005,8.73,1.6719033979935036,20,24,83.0,1,False,2025-11-29T00:00:00-06:00,2025-11-30T00:00:00-06:00,2025-11-29T06:00:00Z,µg/m³
minot,S6096201,14383017,6096201,low-cost,2025-11-30,20.2,4.316666666666666,13.5975,111.2,3.5842419864413095,19,24,79.0,1,False,2025-11-30T00:00:00-06:00,2025-12-01T00:00:00-06:00,2025-11-30T06:00:00Z,µg/m³
minot,S6096201,14383017,6096201,low-cost,2025-12-01,16.9,8.1725,17.306666666666665,26.747500000000002,4.7569688447265515,22,24,92.0,1,False,2025-12-01T00:00:00-06:00,2025-12-02T00:00:00-06:00,2025-12-01T06:00:00Z,µg/m³
minot,S6096201,14383017,6096201,low-cost,2025-12-02,14.1,5.45,12.125,33.24333333333333,9.151442998735034,17,24,71.0,0,False,2025-12-02T00:00:00-06:00,2025-12-03T00:00:00-06:00,2025-12-02T06:00:00Z,µg/m³
minot,S6096201,14383017,6096201,low-cost,2025-12-03,8.85,4.7775,8.695,15.546666666666667,2.012481492898571,23,24,96.0,1,False,2025-12-03T00:00:00-06:00,2025-12-04T00:00:00-06:00,2025-12-03T06:00:00Z,µg/m³
minot,S6096201,14383017,6096201,low-cost,2025-12-04,23.1,8.016666666666667,17.220000000000002,53.545,13.797082041621989,19,24,79.0,1,False,2025-12-04T00:00:00-06:00,2025-12-05T00:00:00-06:00,2025-12-04T06:00:00Z,µg/m³
minot,S6096201,14383017,6096201,low-cost,2025-12-05,11.9,3.1700000000000004,11.515,28.904999999999998,6.023953897197051,20,24,83.0,1,False,2025-12-05T00:00:00-06:00,2025-12-06T00:00:00-06:00,2025-12-05T06:00:00Z,µg/m³
minot,S6096201,14383017,6096201,low-cost,2025-12-06,5.19,3.143333333333333,5.0874999999999995,9.42,1.896216641237243,15,24,63.0,0,False,2025-12-06T00:00:00-06:00,2025-12-07T00:00:00-06:00,2025-12-06T06:00:00Z,µg/m³
minot,S6096201,14383017,6096201,low-cost,2025-12-07,5.21,3.3699999999999997,5.082083333333333,8.675,1.4936676294153597,16,24,67.0,0,False,2025-12-07T00:00:00-06:00,2025-12-08T00:00:00-06:00,2025-12-07T06:00:00Z,µg/m³
minot,S6096201,14383017,6096201,low-cost,2025-12-08,9.92,7.245,8.64875,16.476666666666667,2.2556948697104606,18,24,75.0,1,False,2025-12-08T00:00:00-06:00,2025-12-09T00:00:00-06:00,2025-12-08T06:00:00Z,µg/m³
minot,S6096201,14383017,6096201,low-cost,2025-12-09,16.5,5.6049999999999995,16.025,28.736666666666668,5.862793518529293,15,24,63.0,0,False,2025-12-09T00:00:00-06:00,2025-12-10T00:00:00-06:00,2025-12-09T06:00:00Z,µg/m³
minot,S6096201,14383017,6096201,low-cost,2025-12-10,16.3,11.663333333333334,15.305833333333334,26.33,4.577872708973273,16,24,67.0,0,False,2025-12-10T00:00:00-06:00,2025-12-11T00:00:00-06:00,2025-12-10T06:00:00Z,µg/m³
minot,S6096201,14383017,6096201,low-cost,2025-12-11,13.6,7.946666666666666,14.23125,18.74,3.003186193830614,18,24,75.0,1,False,2025-12-11T00:00:00-06:00,2025-12-12T00:00:00-06:00,2025-12-11T06:00:00Z,µg/m³
minot,S6096201,14383017,6096201,low-cost,2025-12-12,6.48,4.2225,6.640000000000001,8.5575,0.8762774840713147,17,24,71.0,0,False,2025-12-12T00:00:00-06:00,2025-12-13T00:00:00-06:00,2025-12-12T06:00:00Z,µg/m³
minot,S6096201,14383017,6096201,low-cost,2025-12-13,5.46,4.146666666666667,5.3,8.76,0.7647435991467321,19,24,79.0,1,False,2025-12-13T00:00:00-06:00,2025-12-14T00:00:00-06:00,2025-12-13T06:00:00Z,µg/m³
minot,S6096201,14383017,6096201,low-cost,2025-12-14,6.97,3.8800000000000003,6.526666666666666,11.31,2.4623926915838097,23,24,96.0,1,False,2025-12-14T00:00:00-06:00,2025-12-15T00:00:00-06:00,2025-12-14T06:00:00Z,µg/m³
minot,S6096201,14383017,6096201,low-cost,2025-12-15,9.72,3.5,10.71,13.8225,1.2911108507157623,11,24,46.0,0,False,2025-12-15T00:00:00-06:00,2025-12-16T00:00:00-06:00,2025-12-15T06:00:00Z,µg/m³
minot,S6096201,14383017,6096201,low-cost,2025-12-16,8.16,3.026666666666667,7.056666666666666,18.03,5.0320509554436965,17,24,71.0,0,False,2025-12-16T00:00:00-06:00,2025-12-17T00:00:00-06:00,2025-12-16T06:00:00Z,µg/m³
minot,S6096201,14383017,6096201,low-cost,2025-12-17,8.88,2.8833333333333333,5.9325,22.215,6.735360209110174,15,24,63.0,0,False,2025-12-17T00:00:00-06:00,2025-12-18T00:00:00-06:00,2025-12-17T06:00:00Z,µg/m³
minot,S6096201,14383017,6096201,low-cost,2025-12-18,5.81,3.7324999999999995,5.32,9.61,1.8659683868794061,17,24,71.0,0,False,2025-12-18T00:00:00-06:00,2025-12-19T00:00:00-06:00,2025-12-18T06:00:00Z,µg/m³
minot,S6096201,14383017,6096201,low-cost,2025-12-19,6.53,3.525,5.0025,13.756666666666666,1.1731110501503463,17,24,71.0,0,False,2025-12-19T00:00:00-06:00,2025-12-20T00:00:00-06:00,2025-12-19T06:00:00Z,µg/m³
minot,S6096201,14383017,6096201,low-cost,2025-12-20,6.44,4.573333333333333,6.455,9.213333333333333,1.1202002830933517,15,24,63.0,0,False,2025-12-20T00:00:00-06:00,2025-12-21T00:00:00-06:00,2025-12-20T06:00:00Z,µg/m³
minot,S6096201,14383017,6096201,low-cost,2025-12-21,5.55,4.0425,5.489999999999999,8.23,0.9836557616399181,19,24,79.0,1,False,2025-12-21T00:00:00-06:00,2025-12-22T00:00:00-06:00,2025-12-21T06:00:00Z,µg/m³
minot,S6096201,14383017,6096201,low-cost,2025-12-22,10.6,6.453333333333333,8.583333333333334,26.853333333333335,1.4151983610430379,19,24,79.0,1,False,2025-12-22T00:00:00-06:00,2025-12-23T00:00:00-06:00,2025-12-22T06:00:00Z,µg/m³
minot,S6096201,14383017,6096201,low-cost,2025-12-23,17.0,9.69,13.728749999999998,28.02,6.686681739408047,14,24,58.0,0,False,2025-12-23T00:00:00-06:00,2025-12-24T00:00:00-06:00,2025-12-23T06:00:00Z,µg/m³
minot,S6096201,14383017,6096201,low-cost,2025-12-24,14.2,6.005,15.223333333333334,18.67,1.6904087202254203,15,24,63.0,0,False,2025-12-24T00:00:00-06:00,2025-12-25T00:00:00-06:00,2025-12-24T06:00:00Z,µg/m³
minot,S6096201,14383017,6096201,low-cost,2025-12-25,15.4,7.786666666666668,14.175,28.177500000000002,2.8514677191737645,15,24,63.0,0,False,2025-12-25T00:00:00-06:00,2025-12-26T00:00:00-06:00,2025-12-25T06:00:00Z,µg/m³
minot,S6096201,14383017,6096201,low-cost,2025-12-26,21.7,12.25,22.475416666666668,27.05,4.561032439193528,22,24,92.0,1,False,2025-12-26T00:00:00-06:00,2025-12-27T00:00:00-06:00,2025-12-26T06:00:00Z,µg/m³
minot,S6096201,14383017,6096201,low-cost,2025-12-27,16.3,9.735,16.236666666666668,21.923333333333336,2.805665059940589,21,24,88.0,1,False,2025-12-27T00:00:00-06:00,2025-12-28T00:00:00-06:00,2025-12-27T06:00:00Z,µg/m³
minot,S6096201,14383017,6096201,low-cost,2025-12-28,5.4,3.17,4.13875,9.713333333333333,2.333250981071156,20,24,83.0,1,False,2025-12-28T00:00:00-06:00,2025-12-29T00:00:00-06:00,2025-12-28T06:00:00Z,µg/m³
minot,S6096201,14383017,6096201,low-cost,2025-12-29,6.36,4.08,6.013333333333333,9.635,1.2270996744808917,15,24,63.0,0,False,2025-12-29T00:00:00-06:00,2025-12-30T00:00:00-06:00,2025-12-29T06:00:00Z,µg/m³
minot,S6096201,14383017,6096201,low-cost,2025-12-30,6.5,3.425,6.38,12.156666666666666,1.5526837569055498,21,24,88.0,1,False,2025-12-30T00:00:00-06:00,2025-12-31T00:00:00-06:00,2025-12-30T06:00:00Z,µg/m³
minot,S6096201,14383017,6096201,low-cost,2025-12-31,6.27,2.8975000000000004,4.38,12.785000000000002,3.6967046004491655,21,24,88.0,1,False,2025-12-31T00:00:00-06:00,2026-01-01T00:00:00-06:00,2025-12-31T06:00:00Z,µg/m³
minot,S6096201,14383017,6096201,low-cost,2026-01-01,8.98,6.06,8.626666666666665,15.452499999999999,2.50724004215158,20,24,83.0,1,False,2026-01-01T00:00:00-06:00,2026-01-02T00:00:00-06:00,2026-01-01T06:00:00Z,µg/m³
minot,S6096201,14383017,6096201,low-cost,2026-01-02,4.52,3.3375,3.96,7.423333333333335,0.7077562456003298,22,24,92.0,1,False,2026-01-02T00:00:00-06:00,2026-01-03T00:00:00-06:00,2026-01-02T06:00:00Z,µg/m³
minot,S6096201,14383017,6096201,low-cost,2026-01-03,12.5,5.343333333333334,11.2225,25.393333333333334,6.16857973435972,18,24,75.0,1,False,2026-01-03T00:00:00-06:00,2026-01-04T00:00:00-06:00,2026-01-03T06:00:00Z,µg/m³
minot,S6096201,14383017,6096201,low-cost,2026-01-04,16.7,10.1125,16.799166666666665,22.293333333333333,3.317944207792776,16,24,67.0,0,False,2026-01-04T00:00:00-06:00,2026-01-05T00:00:00-06:00,2026-01-04T06:00:00Z,µg/m³
minot,S6096201,14383017,6096201,low-cost,2026-01-05,12.2,7.920000000000001,11.635,18.179999999999996,1.861199995508388,21,24,88.0,1,False,2026-01-05T00:00:00-06:00,2026-01-06T00:00:00-06:00,2026-01-05T06:00:00Z,µg/m³
minot,S6096201,14383017,6096201,low-cost,2026-01-06,14.0,3.7525,14.32,23.21666666666667,3.92064532551958,17,24,71.0,0,False,2026-01-06T00:00:00-06:00,2026-01-07T00:00:00-06:00,2026-01-06T06:00:00Z,µg/m³
minot,S6096201,14383017,6096201,low-cost,2026-01-07,3.28,2.4933333333333336,3.1475,4.595000000000001,0.6660609599585856,21,24,88.0,1,False,2026-01-07T00:00:00-06:00,2026-01-08T00:00:00-06:00,2026-01-07T06:00:00Z,µg/m³
minot,S6096201,14383017,6096201,low-cost,2026-01-08,5.99,2.85,5.85,9.75,1.7945882909008364,13,24,54.0,0,False,2026-01-08T00:00:00-06:00,2026-01-09T00:00:00-06:00,2026-01-08T06:00:00Z,µg/m³
minot,S6096201,14383017,6096201,low-cost,2026-01-09,10.5,4.346666666666667,7.9662500000000005,25.53333333333333,7.6371158033516435,18,24,75.0,1,False,2026-01-09T00:00:00-06:00,2026-01-10T00:00:00-06:00,2026-01-09T06:00:00Z,µg/m³
minot,S6096201,14383017,6096201,low-cost,2026-01-10,9.33,4.926666666666667,9.5825,18.080000000000002,3.013212901197426,21,24,88.0,1,False,2026-01-10T00:00:00-06:00,2026-01-11T00:00:00-06:00,2026-01-10T06:00:00Z,µg/m³
minot,S6096201,14383017,6096201,low-cost,2026-01-11,6.22,4.1433333333333335,5.402916666666666,13.83,2.880251317085481,20,24,83.0,1,False,2026-01-11T00:00:00-06:00,2026-01-12T00:00:00-06:00,2026-01-11T06:00:00Z,µg/m³
minot,S6096201,14383017,6096201,low-cost,2026-01-12,4.38,2.706666666666667,4.1433333333333335,10.434999999999999,1.5516274871232125,23,24,96.0,1,False,2026-01-12T00:00:00-06:00,2026-01-13T00:00:00-06:00,2026-01-12T06:00:00Z,µg/m³
minot,S6096201,14383017,6096201,low-cost,2026-01-13,3.51,2.4466666666666668,3.013333333333333,5.985,0.6253279000963322,23,24,96.0,1,False,2026-01-13T00:00:00-06:00,2026-01-14T00:00:00-06:00,2026-01-13T06:00:00Z,µg/m³
minot,S6096201,14383017,6096201,low-cost,2026-01-14,7.48,2.6566666666666667,3.5,18.19,4.040666465963704,19,24,79.0,1,False,2026-01-14T00:00:00-06:00,2026-01-15T00:00:00-06:00,2026-01-14T06:00:00Z,µg/m³
minot,S6096201,14383017,6096201,low-cost,2026-01-15,4.16,2.6950000000000003,3.98,8.0475,1.6409238676266378,21,24,88.0,1,False,2026-01-15T00:00:00-06:00,2026-01-16T00:00:00-06:00,2026-01-15T06:00:00Z,µg/m³
minot,S6096201,14383017,6096201,low-cost,2026-01-16,4.91,3.25,4.825,6.2299999999999995,0.7751771732218767,23,24,96.0,1,False,2026-01-16T00:00:00-06:00,2026-01-17T00:00:00-06:00,2026-01-16T06:00:00Z,µg/m³
minot,S6096201,14383017,6096201,low-cost,2026-01-17,5.3,3.7433333333333336,4.716666666666667,11.873333333333333,0.4312329975177551,22,24,92.0,1,False,2026-01-17T00:00:00-06:00,2026-01-18T00:00:00-06:00,2026-01-17T06:00:00Z,µg/m³
minot,S6096201,14383017,6096201,low-cost,2026-01-18,6.0,3.3033333333333332,6.246666666666667,10.963333333333333,1.9337242215681545,21,24,88.0,1,False,2026-01-18T00:00:00-06:00,2026-01-19T00:00:00-06:00,2026-01-18T06:00:00Z,µg/m³
minot,S6096201,14383017,6096201,low-cost,2026-01-19,4.07,3.03,3.841666666666667,7.906666666666666,0.4454636725905756,20,24,83.0,1,False,2026-01-19T00:00:00-06:00,2026-01-20T00:00:00-06:00,2026-01-19T06:00:00Z,µg/m³
minot,S6096201,14383017,6096201,low-cost,2026-01-20,9.11,5.713333333333334,8.64,13.670000000000002,2.5034081398794754,21,24,88.0,1,False,2026-01-20T00:00:00-06:00,2026-01-21T00:00:00-06:00,2026-01-20T06:00:00Z,µg/m³
minot,S6096201,14383017,6096201,low-cost,2026-01-21,5.76,4.346666666666667,5.51,9.087499999999999,1.4393184516356534,19,24,79.0,1,False,2026-01-21T00:00:00-06:00,2026-01-22T00:00:00-06:00,2026-01-21T06:00:00Z,µg/m³
minot,S6096201,14383017,6096201,low-cost,2026-01-22,11.2,5.9625,11.1075,15.92,3.291877907650961,15,24,63.0,0,False,2026-01-22T00:00:00-06:00,2026-01-23T00:00:00-06:00,2026-01-22T06:00:00Z,µg/m³
minot,S6096201,14383017,6096201,low-cost,2026-01-23,8.41,4.315,6.826666666666666,19.866666666666667,4.561652853557112,20,24,83.0,1,False,2026-01-23T00:00:00-06:00,2026-01-24T00:00:00-06:00,2026-01-23T06:00:00Z,µg/m³
minot,S6096201,14383017,6096201,low-cost,2026-01-24,5.39,4.0200000000000005,5.171250000000001,7.86,1.1906806672609118,22,24,92.0,1,False,2026-01-24T00:00:00-06:00,2026-01-25T00:00:00-06:00,2026-01-24T06:00:00Z,µg/m³
minot,S6096201,14383017,6096201,low-cost,2026-01-25,6.77,4.829999999999999,6.461666666666667,10.9,1.6067260166179091,18,24,75.0,1,False,2026-01-25T00:00:00-06:00,2026-01-26T00:00:00-06:00,2026-01-25T06:00:00Z,µg/m³
minot,S6096201,14383017,6096201,low-cost,2026-01-26,13.9,7.126666666666666,10.874166666666667,23.240000000000002,6.601446634287359,18,24,75.0,1,False,2026-01-26T00:00:00-06:00,2026-01-27T00:00:00-06:00,2026-01-26T06:00:00Z,µg/m³
minot,S6096201,14383017,6096201,low-cost,2026-01-27,6.27,5.05,6.116666666666666,8.295,1.054934418574386,14,24,58.0,0,False,2026-01-27T00:00:00-06:00,2026-01-28T00:00:00-06:00,2026-01-27T06:00:00Z,µg/m³
minot,S6096201,14383017,6096201,low-cost,2026-01-28,4.21,3.4,4.0875,5.349999999999999,0.39574190464568243,23,24,96.0,1,False,2026-01-28T00:00:00-06:00,2026-01-29T00:00:00-06:00,2026-01-28T06:00:00Z,µg/m³
minot,S6096201,14383017,6096201,low-cost,2026-01-29,5.8,3.393333333333333,5.4229166666666675,11.485,1.8898003922337334,22,24,92.0,1,False,2026-01-29T00:00:00-06:00,2026-01-30T00:00:00-06:00,2026-01-29T06:00:00Z,µg/m³
minot,S6096201,14383017,6096201,low-cost,2026-01-30,5.49,2.9766666666666666,5.93125,7.795000000000001,1.263903567653493,18,24,75.0,1,False,2026-01-30T00:00:00-06:00,2026-01-31T00:00:00-06:00,2026-01-30T06:00:00Z,µg/m³
minot,S6096201,14383017,6096201,low-cost,2026-01-31,8.77,5.5600000000000005,7.157500000000001,16.9225,1.1043996819120365,21,24,88.0,1,False,2026-01-31T00:00:00-06:00,2026-02-01T00:00:00-06:00,2026-01-31T06:00:00Z,µg/m³
minot,S6096201,14383017,6096201,low-cost,2026-02-01,14.5,4.69,10.423333333333334,30.85,8.924640184648867,21,24,88.0,1,False,2026-02-01T00:00:00-06:00,2026-02-02T00:00:00-06:00,2026-02-01T06:00:00Z,µg/m³
minot,S6096201,14383017,6096201,low-cost,2026-02-02,5.99,3.23,6.468333333333334,8.075000000000001,0.8879910513027321,18,24,75.0,1,False,2026-02-02T00:00:00-06:00,2026-02-03T00:00:00-06:00,2026-02-02T06:00:00Z,µg/m³
minot,S6096201,14383017,6096201,low-cost,2026-02-03,10.5,3.65,10.520000000000001,18.9125,5.360825791648408,19,24,79.0,1,False,2026-02-03T00:00:00-06:00,2026-02-04T00:00:00-06:00,2026-02-03T06:00:00Z,µg/m³
minot,S6096201,14383017,6096201,low-cost,2026-02-04,14.1,2.5700000000000003,9.996666666666668,38.54,10.389208284788701,15,24,63.0,0,False,2026-02-04T00:00:00-06:00,2026-02-05T00:00:00-06:00,2026-02-04T06:00:00Z,µg/m³
minot,S6096201,14383017,6096201,low-cost,2026-02-05,5.05,2.6,5.97,7.545,1.662892936555837,17,24,71.0,0,False,2026-02-05T00:00:00-06:00,2026-02-06T00:00:00-06:00,2026-02-05T06:00:00Z,µg/m³
minot,S6096201,14383017,6096201,low-cost,2026-02-06,5.02,1.99,5.396666666666666,8.155,1.6654481901256113,21,24,88.0,1,False,2026-02-06T00:00:00-06:00,2026-02-07T00:00:00-06:00,2026-02-06T06:00:00Z,µg/m³
minot,S6096201,14383017,6096201,low-cost,2026-02-07,13.0,6.76,12.8925,22.427500000000002,4.634309719151484,16,24,67.0,0,False,2026-02-07T00:00:00-06:00,2026-02-08T00:00:00-06:00,2026-02-07T06:00:00Z,µg/m³
minot,S6096201,14383017,6096201,low-cost,2026-02-08,8.17,3.4666666666666663,8.216666666666667,14.1025,2.3082852195432664,13,24,54.0,0,False,2026-02-08T00:00:00-06:00,2026-02-09T00:00:00-06:00,2026-02-08T06:00:00Z,µg/m³
minot,S6096201,14383017,6096201,low-cost,2026-02-09,5.22,2.69,3.86,11.295,0.6991417141009478,17,24,71.0,0,False,2026-02-09T00:00:00-06:00,2026-02-10T00:00:00-06:00,2026-02-09T06:00:00Z,µg/m³
minot,S6096201,14383017,6096201,low-cost,2026-02-10,7.35,4.1525,6.081666666666667,13.38,2.9464895831487317,16,24,67.0,0,False,2026-02-10T00:00:00-06:00,2026-02-11T00:00:00-06:00,2026-02-10T06:00:00Z,µg/m³
minot,S6096201,14383017,6096201,low-cost,2026-02-11,4.45,3.4766666666666666,4.564583333333333,5.603333333333334,0.7072862247079442,18,24,75.0,1,False,2026-02-11T00:00:00-06:00,2026-02-12T00:00:00-06:00,2026-02-11T06:00:00Z,µg/m³
minot,S6096201,14383017,6096201,low-cost,2026-02-12,7.44,3.815,5.6975,16.605,4.830407000691354,22,24,92.0,1,False,2026-02-12T00:00:00-06:00,2026-02-13T00:00:00-06:00,2026-02-12T06:00:00Z,µg/m³
minot,S6096201,14383017,6096201,low-cost,2026-02-13,4.82,3.85,4.65,8.103333333333333,0.974162328394756,21,24,88.0,1,False,2026-02-13T00:00:00-06:00,2026-02-14T00:00:00-06:00,2026-02-13T06:00:00Z,µg/m³
minot,S6096201,14383017,6096201,low-cost,2026-02-14,13.0,4.486666666666667,13.683333333333334,29.62333333333333,4.465990246691881,18,24,75.0,1,False,2026-02-14T00:00:00-06:00,2026-02-15T00:00:00-06:00,2026-02-14T06:00:00Z,µg/m³
minot,S6096201,14383017,6096201,low-cost,2026-02-15,9.48,3.19,4.66,25.5175,7.029622416327748,19,24,79.0,1,False,2026-02-15T00:00:00-06:00,2026-02-16T00:00:00-06:00,2026-02-15T06:00:00Z,µg/m³
minot,S6096201,14383017,6096201,low-cost,2026-02-16,13.5,4.55,15.42,21.5325,5.0891425792266025,18,24,75.0,1,False,2026-02-16T00:00:00-06:00,2026-02-17T00:00:00-06:00,2026-02-16T06:00:00Z,µg/m³
minot,S6096201,14383017,6096201,low-cost,2026-02-17,9.65,4.220000000000001,8.201666666666666,24.740000000000002,4.819290437520918,20,24,83.0,1,False,2026-02-17T00:00:00-06:00,2026-02-18T00:00:00-06:00,2026-02-17T06:00:00Z,µg/m³
minot,S6096201,14383017,6096201,low-cost,2026-02-18,4.08,2.9499999999999997,4.24,5.965000000000001,0.9831269364798849,16,24,67.0,0,False,2026-02-18T00:00:00-06:00,2026-02-19T00:00:00-06:00,2026-02-18T06:00:00Z,µg/m³
minot,S6096201,14383017,6096201,low-cost,2026-02-19,5.14,3.9066666666666663,5.10125,6.246666666666667,0.703165516665287,16,24,67.0,0,False,2026-02-19T00:00:00-06:00,2026-02-20T00:00:00-06:00,2026-02-19T06:00:00Z,µg/m³
minot,S6096201,14383017,6096201,low-cost,2026-02-20,4.51,3.32,4.47,6.87,0.927931235229645,19,24,79.0,1,False,2026-02-20T00:00:00-06:00,2026-02-21T00:00:00-06:00,2026-02-20T06:00:00Z,µg/m³
minot,S6096201,14383017,6096201,low-cost,2026-02-21,6.28,4.286666666666666,6.545,8.75,1.3324617128720213,15,24,63.0,0,False,2026-02-21T00:00:00-06:00,2026-02-22T00:00:00-06:00,2026-02-21T06:00:00Z,µg/m³
minot,S6096201,14383017,6096201,low-cost,2026-02-22,4.92,3.0366666666666666,4.465,10.030000000000001,0.8248652036343068,12,24,50.0,0,False,2026-02-22T00:00:00-06:00,2026-02-23T00:00:00-06:00,2026-02-22T06:00:00Z,µg/m³
minot,S6096201,14383017,6096201,low-cost,2026-02-23,5.59,2.983333333333333,5.4275,10.4875,2.259265571343024,21,24,88.0,1,False,2026-02-23T00:00:00-06:00,2026-02-24T00:00:00-06:00,2026-02-23T06:00:00Z,µg/m³
minot,S6096201,14383017,6096201,low-cost,2026-02-24,16.4,4.010000000000001,15.990833333333333,25.03,5.906754533140354,18,24,75.0,1,False,2026-02-24T00:00:00-06:00,2026-02-25T00:00:00-06:00,2026-02-24T06:00:00Z,µg/m³
minot,S6096201,14383017,6096201,low-cost,2026-02-25,17.6,9.783333333333333,14.352083333333333,39.48666666666667,8.79019188626937,18,24,75.0,1,False,2026-02-25T00:00:00-06:00,2026-02-26T00:00:00-06:00,2026-02-25T06:00:00Z,µg/m³
minot,S6096201,14383017,6096201,low-cost,2026-02-26,4.1,2.8149999999999995,3.5199999999999996,9.3025,1.6974372217953377,20,24,83.0,1,False,2026-02-26T00:00:00-06:00,2026-02-27T00:00:00-06:00,2026-02-26T06:00:00Z,µg/m³
minot,S6096201,14383017,6096201,low-cost,2026-02-27,5.31,2.8475,3.5399999999999996,12.635000000000002,3.228946658581116,19,24,79.0,1,False,2026-02-27T00:00:00-06:00,2026-02-28T00:00:00-06:00,2026-02-27T06:00:00Z,µg/m³
minot,S6096201,14383017,6096201,low-cost,2026-02-28,3.76,2.99,3.569166666666667,6.170000000000001,0.2902562356542616,18,24,75.0,1,False,2026-02-28T00:00:00-06:00,2026-03-01T00:00:00-06:00,2026-02-28T06:00:00Z,µg/m³
minot,S6096201,14383017,6096201,low-cost,2026-03-01,10.3,2.9133333333333336,9.5875,26.776666666666667,5.003027693261055,20,24,83.0,1,False,2026-03-01T00:00:00-06:00,2026-03-02T00:00:00-06:00,2026-03-01T06:00:00Z,µg/m³
minot,S6096201,14383017,6096201,low-cost,2026-03-02,9.27,6.6875,8.534583333333334,16.467499999999998,2.7282838257094784,16,24,67.0,0,False,2026-03-02T00:00:00-06:00,2026-03-03T00:00:00-06:00,2026-03-02T06:00:00Z,µg/m³
minot,S6096201,14383017,6096201,low-cost,2026-03-03,17.6,11.646666666666667,17.346666666666664,25.2075,4.072846712695905,17,24,71.0,0,False,2026-03-03T00:00:00-06:00,2026-03-04T00:00:00-06:00,2026-03-03T06:00:00Z,µg/m³
minot,S6096201,14383017,6096201,low-cost,2026-03-04,13.1,6.83,14.3275,18.67,2.386691641851644,21,24,88.0,1,False,2026-03-04T00:00:00-06:00,2026-03-05T00:00:00-06:00,2026-03-04T06:00:00Z,µg/m³
minot,S6096201,14383017,6096201,low-cost,2026-03-05,8.68,5.5,7.75,13.7575,0.8504480300711222,16,24,67.0,0,False,2026-03-05T00:00:00-06:00,2026-03-06T00:00:00-06:00,2026-03-05T06:00:00Z,µg/m³
minot,S6096201,14383017,6096201,low-cost,2026-03-06,16.2,9.463333333333333,17.231250000000003,22.22333333333333,3.950541378134306,24,24,100.0,1,False,2026-03-06T00:00:00-06:00,2026-03-07T00:00:00-06:00,2026-03-06T06:00:00Z,µg/m³
minot,S6096201,14383017,6096201,low-cost,2026-03-07,7.03,3.1725,4.44,22.2875,6.374536344567941,23,24,96.0,1,False,2026-03-07T00:00:00-06:00,2026-03-08T00:00:00-06:00,2026-03-07T06:00:00Z,µg/m³
minot,S6096201,14383017,6096201,low-cost,2026-03-08,4.1,2.5425,3.436666666666667,8.926666666666668,1.3372904092740152,19,24,79.0,1,False,2026-03-08T00:00:00-06:00,2026-03-09T00:00:00-05:00,2026-03-08T06:00:00Z,µg/m³
minot,S6096201,14383017,6096201,low-cost,2026-03-09,5.6,3.12,5.140000000000001,12.826666666666668,2.395160213294574,24,24,100.0,1,False,2026-03-09T00:00:00-05:00,2026-03-10T00:00:00-05:00,2026-03-09T05:00:00Z,µg/m³
minot,S6096201,14383017,6096201,low-cost,2026-03-10,9.34,4.1433333333333335,7.8966666666666665,24.0475,6.524822986630988,20,24,83.0,1,False,2026-03-10T00:00:00-05:00,2026-03-11T00:00:00-05:00,2026-03-10T05:00:00Z,µg/m³
minot,S6096201,14383017,6096201,low-cost,2026-03-11,10.5,6.31,10.126666666666667,15.65,2.4248542441059695,19,24,79.0,1,False,2026-03-11T00:00:00-05:00,2026-03-12T00:00:00-05:00,2026-03-11T05:00:00Z,µg/m³
minot,S6096201,14383017,6096201,low-cost,2026-03-12,7.14,2.8733333333333335,4.272083333333333,21.6625,2.0758938151471966,16,24,67.0,0,False,2026-03-12T00:00:00-05:00,2026-03-13T00:00:00-05:00,2026-03-12T05:00:00Z,µg/m³
minot,S6096201,14383017,6096201,low-cost,2026-03-13,8.16,4.692500000000001,5.658333333333333,12.572500000000002,3.3136583073176444,22,24,92.0,1,False,2026-03-13T00:00:00-05:00,2026-03-14T00:00:00-05:00,2026-03-13T05:00:00Z,µg/m³
minot,S6096201,14383017,6096201,low-cost,2026-03-14,12.4,5.0525,13.929583333333333,21.0975,4.410896239606421,22,24,92.0,1,False,2026-03-14T00:00:00-05:00,2026-03-15T00:00:00-05:00,2026-03-14T05:00:00Z,µg/m³
minot,S6096201,14383017,6096201,low-cost,2026-03-15,5.71,4.0,5.158333333333333,8.5375,1.2257980355114113,16,24,67.0,0,False,2026-03-15T00:00:00-05:00,2026-03-16T00:00:00-05:00,2026-03-15T05:00:00Z,µg/m³
minot,S6096201,14383017,6096201,low-cost,2026-03-16,6.76,4.75,6.3675,9.763333333333334,1.299320059182735,24,24,100.0,1,False,2026-03-16T00:00:00-05:00,2026-03-17T00:00:00-05:00,2026-03-16T05:00:00Z,µg/m³
minot,S6096201,14383017,6096201,low-cost,2026-03-17,14.9,3.1366666666666667,10.425,96.1725,21.952044780527768,17,24,71.0,0,False,2026-03-17T00:00:00-05:00,2026-03-18T00:00:00-05:00,2026-03-17T05:00:00Z,µg/m³
minot,S6096201,14383017,6096201,low-cost,2026-03-18,3.73,2.9433333333333334,3.6750000000000003,4.87,0.5607489840177358,17,24,71.0,0,False,2026-03-18T00:00:00-05:00,2026-03-19T00:00:00-05:00,2026-03-18T05:00:00Z,µg/m³
minot,S6096201,14383017,6096201,low-cost,2026-03-19,5.18,2.7150000000000003,4.462083333333333,10.1875,2.392343787229648,18,24,75.0,1,False,2026-03-19T00:00:00-05:00,2026-03-20T00:00:00-05:00,2026-03-19T05:00:00Z,µg/m³
minot,S6096201,14383017,6096201,low-cost,2026-03-20,5.19,3.44,4.675,9.806666666666667,1.6089457086560688,21,24,88.0,1,False,2026-03-20T00:00:00-05:00,2026-03-21T00:00:00-05:00,2026-03-20T05:00:00Z,µg/m³
minot,S6096201,14383017,6096201,low-cost,2026-03-21,6.34,3.0599999999999996,4.53125,18.123333333333335,4.664116731223462,16,24,67.0,0,False,2026-03-21T00:00:00-05:00,2026-03-22T00:00:00-05:00,2026-03-21T05:00:00Z,µg/m³
minot,S6096201,14383017,6096201,low-cost,2026-03-22,6.56,3.5625,6.2404166666666665,15.35,3.236678886872733,16,24,67.0,0,False,2026-03-22T00:00:00-05:00,2026-03-23T00:00:00-05:00,2026-03-22T05:00:00Z,µg/m³
minot,S6096201,14383017,6096201,low-cost,2026-03-23,8.17,5.723333333333334,8.3125,10.482499999999998,1.7232699744270779,19,24,79.0,1,False,2026-03-23T00:00:00-05:00,2026-03-24T00:00:00-05:00,2026-03-23T05:00:00Z,µg/m³
minot,S6096201,14383017,6096201,low-cost,2026-03-24,6.01,3.81,5.896666666666666,9.157499999999999,1.1597969883702934,19,24,79.0,1,False,2026-03-24T00:00:00-05:00,2026-03-25T00:00:00-05:00,2026-03-24T05:00:00Z,µg/m³
minot,S6096201,14383017,6096201,low-cost,2026-03-25,11.7,6.696666666666666,10.396666666666667,25.27,5.714816103316829,18,24,75.0,1,False,2026-03-25T00:00:00-05:00,2026-03-26T00:00:00-05:00,2026-03-25T05:00:00Z,µg/m³
minot,S6096201,14383017,6096201,low-cost,2026-03-26,6.79,4.39,6.060416666666667,12.520000000000001,2.147656560255896,18,24,75.0,1,False,2026-03-26T00:00:00-05:00,2026-03-27T00:00:00-05:00,2026-03-26T05:00:00Z,µg/m³
minot,S6096201,14383017,6096201,low-cost,2026-03-27,8.3,4.7725,8.413333333333334,10.426666666666668,1.467434953462493,17,24,71.0,0,False,2026-03-27T00:00:00-05:00,2026-03-28T00:00:00-05:00,2026-03-27T05:00:00Z,µg/m³
minot,S6096201,14383017,6096201,low-cost,2026-03-28,5.08,4.19,4.56,8.663333333333334,0.5054127163901686,15,24,63.0,0,False,2026-03-28T00:00:00-05:00,2026-03-29T00:00:00-05:00,2026-03-28T05:00:00Z,µg/m³
minot,S6096201,14383017,6096201,low-cost,2026-03-29,10.4,7.8325,10.482083333333332,13.525,1.3577311413747761,20,24,83.0,1,False,2026-03-29T00:00:00-05:00,2026-03-30T00:00:00-05:00,2026-03-29T05:00:00Z,µg/m³
minot,S6096201,14383017,6096201,low-cost,2026-03-30,7.15,4.796666666666667,6.3933333333333335,12.356666666666667,2.165710344924232,23,24,96.0,1,False,2026-03-30T00:00:00-05:00,2026-03-31T00:00:00-05:00,2026-03-30T05:00:00Z,µg/m³
minot,S6096201,14383017,6096201,low-cost,2026-03-31,9.11,3.763333333333333,8.51875,17.9175,3.67008637272505,16,24,67.0,0,False,2026-03-31T00:00:00-05:00,2026-04-01T00:00:00-05:00,2026-03-31T05:00:00Z,µg/m³
minot,S6096201,14383017,6096201,low-cost,2026-04-01,5.66,4.21,5.0375,10.555,1.6253660047727403,18,24,75.0,1,False,2026-04-01T00:00:00-05:00,2026-04-02T00:00:00-05:00,2026-04-01T05:00:00Z,µg/m³
minot,S6096201,14383017,6096201,low-cost,2026-04-02,6.98,4.1066666666666665,6.266666666666667,13.476666666666667,2.5823665519795362,20,24,83.0,1,False,2026-04-02T00:00:00-05:00,2026-04-03T00:00:00-05:00,2026-04-02T05:00:00Z,µg/m³
minot,S6096201,14383017,6096201,low-cost,2026-04-03,4.23,3.29,3.983333333333333,7.0024999999999995,0.4358553442401431,15,24,63.0,0,False,2026-04-03T00:00:00-05:00,2026-04-04T00:00:00-05:00,2026-04-03T05:00:00Z,µg/m³
minot,S6096201,14383017,6096201,low-cost,2026-04-04,5.69,3.27,4.635,12.693333333333333,0.5906313169517019,17,24,71.0,0,False,2026-04-04T00:00:00-05:00,2026-04-05T00:00:00-05:00,2026-04-04T05:00:00Z,µg/m³
minot,S6096201,14383017,6096201,low-cost,2026-04-05,9.1,4.836666666666667,6.77,18.27,4.865221142658914,13,24,54.0,0,False,2026-04-05T00:00:00-05:00,2026-04-06T00:00:00-05:00,2026-04-05T05:00:00Z,µg/m³
minot,S6096201,14383017,6096201,low-cost,2026-04-06,5.03,3.53,5.1475,5.76,0.6722743230088327,10,24,42.0,0,False,2026-04-06T00:00:00-05:00,2026-04-07T00:00:00-05:00,2026-04-06T05:00:00Z,µg/m³
minot,S6096201,14383017,6096201,low-cost,2026-04-07,10.4,5.3999999999999995,11.076666666666666,13.61,3.3709464717999804,8,24,33.0,0,False,2026-04-07T00:00:00-05:00,2026-04-08T00:00:00-05:00,2026-04-07T05:00:00Z,µg/m³
minot,S6096201,14383017,6096201,low-cost,2026-04-08,8.13,6.284999999999999,6.66,11.770000000000001,1.1596551211459383,7,24,29.0,0,False,2026-04-08T00:00:00-05:00,2026-04-09T00:00:00-05:00,2026-04-08T05:00:00Z,µg/m³
minot,S6096201,14383017,6096201,low-cost,2026-04-09,9.09,6.13,8.416666666666666,15.9,3.866169384244819,12,24,50.0,0,False,2026-04-09T00:00:00-05:00,2026-04-10T00:00:00-05:00,2026-04-09T05:00:00Z,µg/m³
minot,S6096201,14383017,6096201,low-cost,2026-04-10,7.72,4.9775,6.96,13.585,2.8648625554151375,11,24,46.0,0,False,2026-04-10T00:00:00-05:00,2026-04-11T00:00:00-05:00,2026-04-10T05:00:00Z,µg/m³
minot,S6096201,14383017,6096201,low-cost,2026-04-11,9.01,4.7,9.85625,13.493333333333332,2.9267526630710794,10,24,42.0,0,False,2026-04-11T00:00:00-05:00,2026-04-12T00:00:00-05:00,2026-04-11T05:00:00Z,µg/m³
minot,S6096201,14383017,6096201,low-cost,2026-04-12,13.0,6.956666666666667,11.850000000000001,20.61,4.550222184092022,11,24,46.0,0,False,2026-04-12T00:00:00-05:00,2026-04-13T00:00:00-05:00,2026-04-12T05:00:00Z,µg/m³
minot,S6096201,14383017,6096201,low-cost,2026-04-13,5.85,4.4766666666666675,5.208333333333334,8.12,1.3847799288655536,6,24,25.0,0,False,2026-04-13T00:00:00-05:00,2026-04-14T00:00:00-05:00,2026-04-13T05:00:00Z,µg/m³
minot,S6096201,14383017,6096201,low-cost,2026-04-14,6.34,4.525,6.290000000000001,10.269999999999998,1.0139121667799655,10,24,42.0,0,False,2026-04-14T00:00:00-05:00,2026-04-15T00:00:00-05:00,2026-04-14T05:00:00Z,µg/m³
minot,S6096201,14383017,6096201,low-cost,2026-04-15,5.14,3.3825000000000003,3.92,13.07,3.313333119084872,15,24,63.0,0,False,2026-04-15T00:00:00-05:00,2026-04-16T00:00:00-05:00,2026-04-15T05:00:00Z,µg/m³
minot,S6096201,14383017,6096201,low-cost,2026-04-16,4.8,3.8699999999999997,4.6850000000000005,5.956666666666667,0.5921407389817942,10,24,42.0,0,False,2026-04-16T00:00:00-05:00,2026-04-17T00:00:00-05:00,2026-04-16T05:00:00Z,µg/m³
minot,S6096201,14383017,6096201,low-cost,2026-04-17,8.6,5.5525,8.711666666666666,10.737499999999999,1.87754563612732,10,24,42.0,0,False,2026-04-17T00:00:00-05:00,2026-04-18T00:00:00-05:00,2026-04-17T05:00:00Z,µg/m³
minot,S6096201,14383017,6096201,low-cost,2026-04-18,7.97,5.12,7.936666666666667,10.075,0.9520585391197197,16,24,67.0,0,False,2026-04-18T00:00:00-05:00,2026-04-19T00:00:00-05:00,2026-04-18T05:00:00Z,µg/m³
minot,S6096201,14383017,6096201,low-cost,2026-04-19,5.43,4.12,5.73,6.359999999999999,0.7865931706654757,16,24,67.0,0,False,2026-04-19T00:00:00-05:00,2026-04-20T00:00:00-05:00,2026-04-19T05:00:00Z,µg/m³
minot,S6096201,14383017,6096201,low-cost,2026-04-20,5.96,4.383333333333333,6.31,6.74,0.9197309389163766,5,24,21.0,0,False,2026-04-20T00:00:00-05:00,2026-04-21T00:00:00-05:00,2026-04-20T05:00:00Z,µg/m³
minot,S6096201,14383017,6096201,low-cost,2026-04-21,4.69,3.723333333333333,4.08375,6.675000000000001,1.071988121084386,12,24,50.0,0,False,2026-04-21T00:00:00-05:00,2026-04-22T00:00:00-05:00,2026-04-21T05:00:00Z,µg/m³
minot,S6096201,14383017,6096201,low-cost,2026-04-22,5.25,4.266666666666667,5.19625,6.6475,0.7433726700567503,10,24,42.0,0,False,2026-04-22T00:00:00-05:00,2026-04-23T00:00:00-05:00,2026-04-22T05:00:00Z,µg/m³
minot,S6096201,14383017,6096201,low-cost,2026-04-23,6.19,2.7150000000000003,5.14625,10.77,2.90166149456003,10,24,42.0,0,False,2026-04-23T00:00:00-05:00,2026-04-24T00:00:00-05:00,2026-04-23T05:00:00Z,µg/m³
minot,S6096201,14383017,6096201,low-cost,2026-04-24,4.63,4.03,4.329583333333334,6.517499999999999,0.8481858363371578,12,24,50.0,0,False,2026-04-24T00:00:00-05:00,2026-04-25T00:00:00-05:00,2026-04-24T05:00:00Z,µg/m³
minot,S6096201,14383017,6096201,low-cost,2026-04-25,5.71,3.94,5.98,6.81,0.9145509646604062,16,24,67.0,0,False,2026-04-25T00:00:00-05:00,2026-04-26T00:00:00-05:00,2026-04-25T05:00:00Z,µg/m³
minot,S6096201,14383017,6096201,low-cost,2026-04-26,4.84,3.5666666666666664,4.706666666666666,6.1075,0.7076537255212517,17,24,71.0,0,False,2026-04-26T00:00:00-05:00,2026-04-27T00:00:00-05:00,2026-04-26T05:00:00Z,µg/m³
minot,S6096201,14383017,6096201,low-cost,2026-04-27,5.22,4.63,5.068333333333333,6.5175,0.6272987356146221,10,24,42.0,0,False,2026-04-27T00:00:00-05:00,2026-04-28T00:00:00-05:00,2026-04-27T05:00:00Z,µg/m³
minot,S6096201,14383017,6096201,low-cost,2026-04-28,5.54,3.3433333333333337,5.778333333333334,7.273333333333333,1.473849093629891,8,24,33.0,0,False,2026-04-28T00:00:00-05:00,2026-04-29T00:00:00-05:00,2026-04-28T05:00:00Z,µg/m³
minot,S6096201,14383017,6096201,low-cost,2026-04-29,8.22,4.9,6.363333333333333,21.2025,0.8968306610715575,14,24,58.0,0,False,2026-04-29T00:00:00-05:00,2026-04-30T00:00:00-05:00,2026-04-29T05:00:00Z,µg/m³
minot,S6096201,14383017,6096201,low-cost,2026-04-30,6.33,3.966666666666667,5.46,18.91,4.2347288874259705,15,24,63.0,0,False,2026-04-30T00:00:00-05:00,2026-05-01T00:00:00-05:00,2026-04-30T05:00:00Z,µg/m³
minot,S6096201,14383017,6096201,low-cost,2026-05-01,7.42,5.27,6.000416666666666,22.08,4.343328599139814,18,24,75.0,1,False,2026-05-01T00:00:00-05:00,2026-05-02T00:00:00-05:00,2026-05-01T05:00:00Z,µg/m³
minot,S6096201,14383017,6096201,low-cost,2026-05-02,5.89,4.2700000000000005,5.8075,8.469999999999999,0.9617298265413522,14,24,58.0,0,False,2026-05-02T00:00:00-05:00,2026-05-03T00:00:00-05:00,2026-05-02T05:00:00Z,µg/m³
minot,S6096201,14383017,6096201,low-cost,2026-05-03,4.83,4.333333333333333,4.876666666666667,5.34,0.33889384917004756,7,24,29.0,0,False,2026-05-03T00:00:00-05:00,2026-05-04T00:00:00-05:00,2026-05-03T05:00:00Z,µg/m³
minot,S6096201,14383017,6096201,low-cost,2026-05-04,3.99,2.725,4.07,4.8,0.7526847779781389,7,24,29.0,0,False,2026-05-04T00:00:00-05:00,2026-05-05T00:00:00-05:00,2026-05-04T05:00:00Z,µg/m³
minot,S6096201,14383017,6096201,low-cost,2026-05-05,5.04,3.2,5.396666666666667,7.0225,1.0739924680502058,15,24,63.0,0,False,2026-05-05T00:00:00-05:00,2026-05-06T00:00:00-05:00,2026-05-05T05:00:00Z,µg/m³
minot,S6096201,14383017,6096201,low-cost,2026-05-06,6.78,4.836666666666667,6.486666666666667,10.8775,1.8478357742535214,9,24,38.0,0,False,2026-05-06T00:00:00-05:00,2026-05-07T00:00:00-05:00,2026-05-06T05:00:00Z,µg/m³
minot,S6096201,14383017,6096201,low-cost,2026-05-07,7.76,6.1525,7.6025,11.01,1.797138028252864,7,24,29.0,0,False,2026-05-07T00:00:00-05:00,2026-05-08T00:00:00-05:00,2026-05-07T05:00:00Z,µg/m³
minot,S6096201,14383017,6096201,low-cost,2026-05-08,7.07,5.63,6.826666666666667,8.74,0.9518985746730829,14,24,58.0,0,False,2026-05-08T00:00:00-05:00,2026-05-09T00:00:00-05:00,2026-05-08T05:00:00Z,µg/m³
minot,S6096201,14383017,6096201,low-cost,2026-05-09,4.88,3.8333333333333335,4.49,6.727500000000001,0.9405072754557432,13,24,54.0,0,False,2026-05-09T00:00:00-05:00,2026-05-10T00:00:00-05:00,2026-05-09T05:00:00Z,µg/m³
minot,S6096201,14383017,6096201,low-cost,2026-05-10,4.24,3.6574999999999998,4.171250000000001,5.8,0.39107990515213736,14,24,58.0,0,False,2026-05-10T00:00:00-05:00,2026-05-11T00:00:00-05:00,2026-05-10T05:00:00Z,µg/m³
minot,S6096201,14383017,6096201,low-cost,2026-05-11,5.8,3.286666666666667,5.618333333333333,13.036666666666667,2.4571488875138017,24,24,100.0,1,False,2026-05-11T00:00:00-05:00,2026-05-12T00:00:00-05:00,2026-05-11T05:00:00Z,µg/m³
minot,S6096201,14383017,6096201,low-cost,2026-05-12,5.71,4.22,5.086666666666667,14.1,2.3716893104252055,17,24,71.0,0,False,2026-05-12T00:00:00-05:00,2026-05-13T00:00:00-05:00,2026-05-12T05:00:00Z,µg/m³
minot,S6096201,14383017,6096201,low-cost,2026-05-13,5.2,3.7875,4.525,9.24,2.218039048849732,9,24,38.0,0,False,2026-05-13T00:00:00-05:00,2026-05-14T00:00:00-05:00,2026-05-13T05:00:00Z,µg/m³
minot,S6096201,14383017,6096201,low-cost,2026-05-14,13.3,4.555,7.0649999999999995,52.87,16.430571728178386,11,24,46.0,0,False,2026-05-14T00:00:00-05:00,2026-05-15T00:00:00-05:00,2026-05-14T05:00:00Z,µg/m³
minot,S6096201,14383017,6096201,low-cost,2026-05-15,8.46,4.18,9.003333333333332,11.36,2.151846233424123,9,24,38.0,0,False,2026-05-15T00:00:00-05:00,2026-05-16T00:00:00-05:00,2026-05-15T05:00:00Z,µg/m³
minot,S6096201,14383017,6096201,low-cost,2026-05-16,3.45,2.4499999999999997,3.4,5.843333333333334,0.9584236057614649,13,24,54.0,0,False,2026-05-16T00:00:00-05:00,2026-05-17T00:00:00-05:00,2026-05-16T05:00:00Z,µg/m³
minot,S6096201,14383017,6096201,low-cost,2026-05-17,3.55,2.6174999999999997,3.38,4.430000000000001,0.5594573263440206,9,24,38.0,0,False,2026-05-17T00:00:00-05:00,2026-05-18T00:00:00-05:00,2026-05-17T05:00:00Z,µg/m³
minot,S6096201,14383017,6096201,low-cost,2026-05-18,3.51,2.5533333333333332,3.37875,4.583333333333333,0.4984259283832013,10,24,42.0,0,False,2026-05-18T00:00:00-05:00,2026-05-19T00:00:00-05:00,2026-05-18T05:00:00Z,µg/m³
minot,S6096201,14383017,6096201,low-cost,2026-05-19,8.57,4.177499999999999,7.184583333333332,17.383333333333336,2.4735978577535023,12,24,50.0,0,False,2026-05-19T00:00:00-05:00,2026-05-20T00:00:00-05:00,2026-05-19T05:00:00Z,µg/m³
minot,S6096201,14383017,6096201,low-cost,2026-05-20,7.47,4.246666666666667,7.585000000000001,12.72,2.6992736199571956,19,24,79.0,1,False,2026-05-20T00:00:00-05:00,2026-05-21T00:00:00-05:00,2026-05-20T05:00:00Z,µg/m³
minot,S6096201,14383017,6096201,low-cost,2026-05-21,6.78,3.9299999999999997,6.406666666666666,10.795,1.9146718906208606,19,24,79.0,1,False,2026-05-21T00:00:00-05:00,2026-05-22T00:00:00-05:00,2026-05-21T05:00:00Z,µg/m³
minot,S6096201,14383017,6096201,low-cost,2026-05-22,13.8,5.69,14.205,20.819999999999997,3.6329545626344766,18,24,75.0,1,False,2026-05-22T00:00:00-05:00,2026-05-23T00:00:00-05:00,2026-05-22T05:00:00Z,µg/m³
minot,S6096201,14383017,6096201,low-cost,2026-05-23,16.1,9.217500000000001,16.092499999999998,21.576666666666668,3.7481547092866223,13,24,54.0,0,False,2026-05-23T00:00:00-05:00,2026-05-24T00:00:00-05:00,2026-05-23T05:00:00Z,µg/m³
minot,S6096201,14383017,6096201,low-cost,2026-05-24,9.16,4.2,8.09,18.30333333333333,4.557420312592067,19,24,79.0,1,False,2026-05-24T00:00:00-05:00,2026-05-25T00:00:00-05:00,2026-05-24T05:00:00Z,µg/m³
minot,S6096201,14383017,6096201,low-cost,2026-05-25,5.82,4.1025,5.64,8.93,1.2958425021599043,15,24,63.0,0,False,2026-05-25T00:00:00-05:00,2026-05-26T00:00:00-05:00,2026-05-25T05:00:00Z,µg/m³
minot,S6096201,14383017,6096201,low-cost,2026-05-26,7.51,4.376666666666667,7.63,10.89,1.9867766447217723,12,24,50.0,0,False,2026-05-26T00:00:00-05:00,2026-05-27T00:00:00-05:00,2026-05-26T05:00:00Z,µg/m³
minot,S6096201,14383017,6096201,low-cost,2026-05-27,5.56,4.5,5.175000000000001,8.006666666666668,1.048742392611554,12,24,50.0,0,False,2026-05-27T00:00:00-05:00,2026-05-28T00:00:00-05:00,2026-05-27T05:00:00Z,µg/m³
minot,S6096201,14383017,6096201,low-cost,2026-05-28,8.74,5.116666666666666,7.588749999999999,13.202499999999999,3.171129749614306,12,24,50.0,0,False,2026-05-28T00:00:00-05:00,2026-05-29T00:00:00-05:00,2026-05-28T05:00:00Z,µg/m³
minot,S6096201,14383017,6096201,low-cost,2026-05-29,6.24,4.84,6.138333333333334,7.3500000000000005,0.6934986058803755,14,24,58.0,0,False,2026-05-29T00:00:00-05:00,2026-05-30T00:00:00-05:00,2026-05-29T05:00:00Z,µg/m³
minot,S6096201,14383017,6096201,low-cost,2026-05-30,9.02,6.5275,8.636666666666667,12.387500000000001,2.2136221371927594,10,24,42.0,0,False,2026-05-30T00:00:00-05:00,2026-05-31T00:00:00-05:00,2026-05-30T05:00:00Z,µg/m³
minot,S6096201,14383017,6096201,low-cost,2026-05-31,10.4,6.723333333333334,10.253333333333334,16.4075,2.6567649050682807,14,24,58.0,0,False,2026-05-31T00:00:00-05:00,2026-06-01T00:00:00-05:00,2026-05-31T05:00:00Z,µg/m³
minot,S6096201,14383017,6096201,low-cost,2026-06-01,3.45,2.5525,3.2566666666666664,4.84,0.8217660751839494,17,24,71.0,0,False,2026-06-01T00:00:00-05:00,2026-06-02T00:00:00-05:00,2026-06-01T05:00:00Z,µg/m³
minot,S6096201,14383017,6096201,low-cost,2026-06-02,5.08,2.6833333333333336,3.62,12.4,3.4642287100530123,11,24,46.0,0,False,2026-06-02T00:00:00-05:00,2026-06-03T00:00:00-05:00,2026-06-02T05:00:00Z,µg/m³
minot,S6096201,14383017,6096201,low-cost,2026-06-03,4.14,3.06,3.5500000000000003,9.5475,2.2752315641786702,11,24,46.0,0,False,2026-06-03T00:00:00-05:00,2026-06-04T00:00:00-05:00,2026-06-03T05:00:00Z,µg/m³
minot,S6096201,14383017,6096201,low-cost,2026-06-04,7.77,3.643333333333333,5.029583333333333,18.776666666666667,1.0647901022787425,16,24,67.0,0,False,2026-06-04T00:00:00-05:00,2026-06-05T00:00:00-05:00,2026-06-04T05:00:00Z,µg/m³
minot,S6096201,14383017,6096201,low-cost,2026-06-05,11.7,4.239999999999999,11.346666666666666,22.28,7.1400075760974095,12,24,50.0,0,False,2026-06-05T00:00:00-05:00,2026-06-06T00:00:00-05:00,2026-06-05T05:00:00Z,µg/m³
minot,S6096201,14383017,6096201,low-cost,2026-06-06,4.94,4.34,4.965,5.5375000000000005,0.38815139821531985,9,24,38.0,0,False,2026-06-06T00:00:00-05:00,2026-06-07T00:00:00-05:00,2026-06-06T05:00:00Z,µg/m³
minot,S6096201,14383017,6096201,low-cost,2026-06-07,5.34,4.0600000000000005,4.82375,9.01,1.3153568927640438,16,24,67.0,0,False,2026-06-07T00:00:00-05:00,2026-06-08T00:00:00-05:00,2026-06-07T05:00:00Z,µg/m³
minot,S6096201,14383017,6096201,low-cost,2026-06-08,4.13,2.7300000000000004,3.5933333333333337,9.39,1.8059655179488345,12,24,50.0,0,False,2026-06-08T00:00:00-05:00,2026-06-09T00:00:00-05:00,2026-06-08T05:00:00Z,µg/m³
minot,S6096201,14383017,6096201,low-cost,2026-06-09,4.66,3.206666666666667,4.71,6.7375,1.0819273704906605,15,24,63.0,0,False,2026-06-09T00:00:00-05:00,2026-06-10T00:00:00-05:00,2026-06-09T05:00:00Z,µg/m³
minot,S6096201,14383017,6096201,low-cost,2026-06-10,4.49,3.3299999999999996,4.2575,6.59,1.1395036629531285,19,24,79.0,1,False,2026-06-10T00:00:00-05:00,2026-06-11T00:00:00-05:00,2026-06-10T05:00:00Z,µg/m³
minot,S6096201,14383017,6096201,low-cost,2026-06-11,6.29,3.64,6.02,11.3625,2.685923163595851,7,24,29.0,0,False,2026-06-11T00:00:00-05:00,2026-06-12T00:00:00-05:00,2026-06-11T05:00:00Z,µg/m³
minot,S6096201,14383017,6096201,low-cost,2026-06-12,5.29,4.300000000000001,5.113333333333333,6.406666666666666,0.7676053604672063,9,24,38.0,0,False,2026-06-12T00:00:00-05:00,2026-06-13T00:00:00-05:00,2026-06-12T05:00:00Z,µg/m³
minot,S6096201,14383017,6096201,low-cost,2026-06-13,3.92,2.59,3.7,5.89,1.0498181059381455,11,24,46.0,0,False,2026-06-13T00:00:00-05:00,2026-06-14T00:00:00-05:00,2026-06-13T05:00:00Z,µg/m³
minot,S6096201,14383017,6096201,low-cost,2026-06-14,3.67,2.99,3.715,4.2675,0.4009180519651547,8,24,33.0,0,False,2026-06-14T00:00:00-05:00,2026-06-15T00:00:00-05:00,2026-06-14T05:00:00Z,µg/m³
minot,S6096201,14383017,6096201,low-cost,2026-06-15,5.04,4.16,4.69,6.76,0.8089057864971492,15,24,63.0,0,False,2026-06-15T00:00:00-05:00,2026-06-16T00:00:00-05:00,2026-06-15T05:00:00Z,µg/m³
minot,S6096201,14383017,6096201,low-cost,2026-06-17,10.9,4.869999999999999,8.99,22.3,5.590457743134973,7,24,29.0,0,False,2026-06-17T00:00:00-05:00,2026-06-18T00:00:00-05:00,2026-06-17T05:00:00Z,µg/m³
minot,S6096201,14383017,6096201,low-cost,2026-06-18,4.17,3.223333333333333,4.24875,5.3,0.5124552261381436,6,24,25.0,0,False,2026-06-18T00:00:00-05:00,2026-06-19T00:00:00-05:00,2026-06-18T05:00:00Z,µg/m³
minot,S6096201,14383017,6096201,low-cost,2026-06-19,7.2,3.456666666666667,7.45875,11.3575,2.084391181429777,6,24,25.0,0,False,2026-06-19T00:00:00-05:00,2026-06-20T00:00:00-05:00,2026-06-19T05:00:00Z,µg/m³
minot,S6096201,14383017,6096201,low-cost,2026-06-20,4.22,3.5849999999999995,4.075,5.357500000000001,0.6597487129184343,9,24,38.0,0,False,2026-06-20T00:00:00-05:00,2026-06-21T00:00:00-05:00,2026-06-20T05:00:00Z,µg/m³
minot,S6096201,14383017,6096201,low-cost,2026-06-21,3.25,2.53,3.385,3.7824999999999998,0.4596112487744398,8,24,33.0,0,False,2026-06-21T00:00:00-05:00,2026-06-22T00:00:00-05:00,2026-06-21T05:00:00Z,µg/m³
minot,S6096201,14383017,6096201,low-cost,2026-06-22,3.71,2.9625000000000004,3.3666666666666667,4.915,0.9259103065812228,6,24,25.0,0,False,2026-06-22T00:00:00-05:00,2026-06-23T00:00:00-05:00,2026-06-22T05:00:00Z,µg/m³
minot,S6096201,14383017,6096201,low-cost,2026-06-23,4.23,2.19,4.18,5.45,0.7171876708858396,15,24,63.0,0,False,2026-06-23T00:00:00-05:00,2026-06-24T00:00:00-05:00,2026-06-23T05:00:00Z,µg/m³
minot,S6096201,14383017,6096201,low-cost,2026-06-24,3.47,2.18,3.865,4.475,0.8502850086645041,11,24,46.0,0,False,2026-06-24T00:00:00-05:00,2026-06-25T00:00:00-05:00,2026-06-24T05:00:00Z,µg/m³
minot,S6096201,14383017,6096201,low-cost,2026-06-25,5.64,4.549999999999999,5.3133333333333335,7.345000000000001,0.7731389492688511,11,24,46.0,0,False,2026-06-25T00:00:00-05:00,2026-06-26T00:00:00-05:00,2026-06-25T05:00:00Z,µg/m³
minot,S6096201,14383017,6096201,low-cost,2026-06-26,6.21,3.6775,5.0825,16.06,3.7704309238934277,10,24,42.0,0,False,2026-06-26T00:00:00-05:00,2026-06-27T00:00:00-05:00,2026-06-26T05:00:00Z,µg/m³
minot,S6096201,14383017,6096201,low-cost,2026-06-27,6.31,4.815,6.002916666666667,8.67,1.0380775689580177,18,24,75.0,1,False,2026-06-27T00:00:00-05:00,2026-06-28T00:00:00-05:00,2026-06-27T05:00:00Z,µg/m³
minot,S6096201,14383017,6096201,low-cost,2026-06-28,8.67,3.97,7.421666666666667,17.78,3.9964617385961145,18,24,75.0,1,False,2026-06-28T00:00:00-05:00,2026-06-29T00:00:00-05:00,2026-06-28T05:00:00Z,µg/m³
minot,S6096201,14383017,6096201,low-cost,2026-06-29,8.08,3.45,8.135,11.843333333333334,2.0543750600146056,19,24,79.0,1,False,2026-06-29T00:00:00-05:00,2026-06-30T00:00:00-05:00,2026-06-29T05:00:00Z,µg/m³
minot,S6096201,14383017,6096201,low-cost,2026-06-30,3.79,2.153333333333333,3.51375,5.75,0.582107856266483,14,24,58.0,0,False,2026-06-30T00:00:00-05:00,2026-07-01T00:00:00-05:00,2026-06-30T05:00:00Z,µg/m³
minot,S6096201,14383017,6096201,low-cost,2026-07-01,14.4,4.8133333333333335,13.349583333333333,27.39,7.262610093511173,18,24,75.0,1,False,2026-07-01T00:00:00-05:00,2026-07-02T00:00:00-05:00,2026-07-01T05:00:00Z,µg/m³
minot,S6096201,14383017,6096201,low-cost,2026-07-02,21.4,11.69,24.02333333333333,29.853333333333335,2.2703012135636627,15,24,63.0,0,False,2026-07-02T00:00:00-05:00,2026-07-03T00:00:00-05:00,2026-07-02T05:00:00Z,µg/m³
minot,S6096201,14383017,6096201,low-cost,2026-07-03,7.81,4.8625,7.955,11.78,2.196278158788545,11,24,46.0,0,False,2026-07-03T00:00:00-05:00,2026-07-04T00:00:00-05:00,2026-07-03T05:00:00Z,µg/m³
minot,S6096201,14383017,6096201,low-cost,2026-07-04,10.7,4.546666666666667,11.29,17.83,4.503376073247577,13,24,54.0,0,False,2026-07-04T00:00:00-05:00,2026-07-05T00:00:00-05:00,2026-07-04T05:00:00Z,µg/m³
minot,S6096201,14383017,6096201,low-cost,2026-07-05,8.2,5.46,7.17,14.493333333333334,2.7984505001911684,15,24,63.0,0,False,2026-07-05T00:00:00-05:00,2026-07-06T00:00:00-05:00,2026-07-05T05:00:00Z,µg/m³
minot,S6096201,14383017,6096201,low-cost,2026-07-06,6.92,4.77,5.496666666666666,11.2825,2.7970045816247118,7,24,29.0,0,False,2026-07-06T00:00:00-05:00,2026-07-07T00:00:00-05:00,2026-07-06T05:00:00Z,µg/m³
minot,S6096201,14383017,6096201,low-cost,2026-07-07,5.79,5.0225,5.767916666666666,6.29,0.3334888030294748,10,24,42.0,0,False,2026-07-07T00:00:00-05:00,2026-07-08T00:00:00-05:00,2026-07-07T05:00:00Z,µg/m³
minot,S6096201,14383017,6096201,low-cost,2026-07-08,6.86,4.72,6.813750000000001,8.17,1.3489009929898077,8,24,33.0,0,False,2026-07-08T00:00:00-05:00,2026-07-09T00:00:00-05:00,2026-07-08T05:00:00Z,µg/m³
minot,S6096201,14383017,6096201,low-cost,2026-07-09,10.1,6.78,8.906666666666668,17.526666666666667,3.216423896998837,11,24,46.0,0,False,2026-07-09T00:00:00-05:00,2026-07-10T00:00:00-05:00,2026-07-09T05:00:00Z,µg/m³
minot,S6096201,14383017,6096201,low-cost,2026-07-10,7.71,4.85,6.88875,12.826666666666666,2.875544131277753,14,24,58.0,0,False,2026-07-10T00:00:00-05:00,2026-07-11T00:00:00-05:00,2026-07-10T05:00:00Z,µg/m³
minot,S6096201,14383017,6096201,low-cost,2026-07-11,7.7,5.6274999999999995,6.9675,12.69,1.9083874151898574,21,24,88.0,1,False,2026-07-11T00:00:00-05:00,2026-07-12T00:00:00-05:00,2026-07-11T05:00:00Z,µg/m³
minot,S6096201,14383017,6096201,low-cost,2026-07-12,5.63,4.3500000000000005,5.5200000000000005,9.35,1.3849825503904518,17,24,71.0,0,False,2026-07-12T00:00:00-05:00,2026-07-13T00:00:00-05:00,2026-07-12T05:00:00Z,µg/m³
minot,S6096201,14383017,6096201,low-cost,2026-07-13,6.4,5.13,6.407500000000001,9.02,0.9120561769471259,21,24,88.0,1,False,2026-07-13T00:00:00-05:00,2026-07-14T00:00:00-05:00,2026-07-13T05:00:00Z,µg/m³
minot,S6096201,14383017,6096201,low-cost,2026-07-14,7.67,6.3066666666666675,7.27,9.682500000000001,1.1036573668187666,22,24,92.0,1,False,2026-07-14T00:00:00-05:00,2026-07-15T00:00:00-05:00,2026-07-14T05:00:00Z,µg/m³
minot,S6096201,14383017,6096201,low-cost,2026-07-15,7.66,5.2924999999999995,7.975833333333334,9.1175,0.9065543744239605,22,24,92.0,1,False,2026-07-15T00:00:00-05:00,2026-07-16T00:00:00-05:00,2026-07-15T05:00:00Z,µg/m³
minot,S6096201,14383017,6096201,low-cost,2026-07-16,12.9,9.126666666666667,12.49,20.285000000000004,1.4539081915851508,16,24,67.0,0,False,2026-07-16T00:00:00-05:00,2026-07-17T00:00:00-05:00,2026-07-16T05:00:00Z,µg/m³
minot,S6096201,14383017,6096201,low-cost,2026-07-17,18.0,14.5975,17.66166666666667,22.563333333333333,1.9371914250491484,12,24,50.0,0,False,2026-07-17T00:00:00-05:00,2026-07-18T00:00:00-05:00,2026-07-17T05:00:00Z,µg/m³
minot,S6096201,14383017,6096201,low-cost,2026-07-18,14.9,13.365,15.07,17.6875,1.1254704627960097,15,24,63.0,0,False,2026-07-18T00:00:00-05:00,2026-07-19T00:00:00-05:00,2026-07-18T05:00:00Z,µg/m³
minot,S6096201,14383017,6096201,low-cost,2026-07-19,14.6,11.589999999999998,12.485,25.85,0.5770959041092582,10,24,42.0,0,False,2026-07-19T00:00:00-05:00,2026-07-20T00:00:00-05:00,2026-07-19T05:00:00Z,µg/m³
minot,S6096201,14383017,6096201,low-cost,2026-07-20,20.9,7.495,18.923333333333332,34.01,7.4209050753493475,10,24,42.0,0,False,2026-07-20T00:00:00-05:00,2026-07-21T00:00:00-05:00,2026-07-20T05:00:00Z,µg/m³
minot,S6096201,14383017,6096201,low-cost,2026-07-21,23.7,9.86,25.855,35.55,9.835446481200938,10,24,42.0,0,False,2026-07-21T00:00:00-05:00,2026-07-22T00:00:00-05:00,2026-07-21T05:00:00Z,µg/m³
minot,S6096201,14383017,6096201,low-cost,2026-07-22,30.9,28.346666666666664,30.945,33.973333333333336,1.3370140045686507,10,24,42.0,0,False,2026-07-22T00:00:00-05:00,2026-07-23T00:00:00-05:00,2026-07-22T05:00:00Z,µg/m³
minot,S6096201,14383017,6096201,low-cost,2026-07-23,24.0,20.41333333333333,24.9625,27.54,2.313308221589895,10,24,42.0,0,False,2026-07-23T00:00:00-05:00,2026-07-24T00:00:00-05:00,2026-07-23T05:00:00Z,µg/m³
minot,S6096201,14383017,6096201,low-cost,2026-07-24,23.7,18.529999999999998,20.473333333333333,34.765,2.7752990888583233,15,24,63.0,0,False,2026-07-24T00:00:00-05:00,2026-07-25T00:00:00-05:00,2026-07-24T05:00:00Z,µg/m³
minot,S6096201,14383017,6096201,low-cost,2026-07-25,23.2,14.78,23.435,34.0,6.4765703255692095,9,24,38.0,0,False,2026-07-25T00:00:00-05:00,2026-07-26T00:00:00-05:00,2026-07-25T05:00:00Z,µg/m³
minot,S6096201,14383017,6096201,low-cost,2026-07-26,29.0,11.396666666666667,31.48375,49.207499999999996,17.79940438688266,6,24,25.0,0,False,2026-07-26T00:00:00-05:00,2026-07-27T00:00:00-05:00,2026-07-26T05:00:00Z,µg/m³
minot,S6096201,14383017,6096201,low-cost,2026-07-27,25.9,21.5975,26.096666666666664,31.516666666666666,3.213869736090056,13,24,54.0,0,False,2026-07-27T00:00:00-05:00,2026-07-28T00:00:00-05:00,2026-07-27T05:00:00Z,µg/m³
minot,S6096201,14383017,6096201,low-cost,2026-07-28,26.8,22.59,27.8825,30.2625,2.9816651605486526,9,24,38.0,0,False,2026-07-28T00:00:00-05:00,2026-07-29T00:00:00-05:00,2026-07-28T05:00:00Z,µg/m³
minot,S6096201,14383017,6096201,low-cost,2026-07-29,25.7,17.986666666666668,27.475,29.323333333333334,1.0945710788070588,9,24,38.0,0,False,2026-07-29T00:00:00-05:00,2026-07-30T00:00:00-05:00,2026-07-29T05:00:00Z,µg/m³
minot,S6096201,14383017,6096201,low-cost,2026-07-30,18.5,16.9425,18.490000000000002,20.0,0.9444521956381287,11,24,46.0,0,False,2026-07-30T00:00:00-05:00,2026-07-31T00:00:00-05:00,2026-07-30T05:00:00Z,µg/m³
minot,S6096201,14383017,6096201,low-cost,2026-07-31,13.2,8.4925,13.963333333333333,17.2425,1.8410034816491911,7,24,29.0,0,False,2026-07-31T00:00:00-05:00,2026-08-01T00:00:00-05:00,2026-07-31T05:00:00Z,µg/m³
minot,S6096201,14383017,6096201,low-cost,2026-08-01,9.77,4.6625,9.232500000000002,16.75,3.366541591211007,12,24,50.0,0,False,2026-08-01T00:00:00-05:00,2026-08-02T00:00:00-05:00,2026-08-01T05:00:00Z,µg/m³
minot,S6096201,14383017,6096201,low-cost,2026-08-02,28.1,11.9625,19.755000000000003,54.81,16.58738643820384,9,24,38.0,0,False,2026-08-02T00:00:00-05:00,2026-08-03T00:00:00-05:00,2026-08-02T05:00:00Z,µg/m³
minot,S6096201,14383017,6096201,low-cost,2026-08-03,29.3,6.756666666666667,33.849999999999994,37.8775,5.042788674507461,7,24,29.0,0,False,2026-08-03T00:00:00-05:00,2026-08-04T00:00:00-05:00,2026-08-03T05:00:00Z,µg/m³
minot,S6096201,14383017,6096201,low-cost,2026-08-04,5.12,4.03,5.08875,7.11,0.7827410075168447,16,24,67.0,0,False,2026-08-04T00:00:00-05:00,2026-08-05T00:00:00-05:00,2026-08-04T05:00:00Z,µg/m³
minot,S6096201,14383017,6096201,low-cost,2026-08-05,7.33,5.336666666666666,6.930833333333334,12.856666666666667,1.492786840277288,14,24,58.0,0,False,2026-08-05T00:00:00-05:00,2026-08-06T00:00:00-05:00,2026-08-05T05:00:00Z,µg/m³
minot,S6096201,14383017,6096201,low-cost,2026-08-06,9.36,7.5425,8.622499999999999,11.716666666666667,1.5466717739678613,9,24,38.0,0,False,2026-08-06T00:00:00-05:00,2026-08-07T00:00:00-05:00,2026-08-06T05:00:00Z,µg/m³
minot,S6096201,14383017,6096201,low-cost,2026-08-07,4.55,3.51,3.8466666666666662,6.5,0.4253656923427441,7,24,29.0,0,False,2026-08-07T00:00:00-05:00,2026-08-08T00:00:00-05:00,2026-08-07T05:00:00Z,µg/m³
minot,S6096201,14383017,6096201,low-cost,2026-08-08,7.12,5.6000000000000005,6.597083333333334,9.06,1.32877203341767,12,24,50.0,0,False,2026-08-08T00:00:00-05:00,2026-08-09T00:00:00-05:00,2026-08-08T05:00:00Z,µg/m³
minot,S6096201,14383017,6096201,low-cost,2026-08-09,7.4,5.303333333333334,7.1000000000000005,9.8,1.2941521980107913,15,24,63.0,0,False,2026-08-09T00:00:00-05:00,2026-08-10T00:00:00-05:00,2026-08-09T05:00:00Z,µg/m³
minot,S6096201,14383017,6096201,low-cost,2026-08-10,9.09,7.51,9.12,10.59,0.7581476012085339,9,24,38.0,0,False,2026-08-10T00:00:00-05:00,2026-08-11T00:00:00-05:00,2026-08-10T05:00:00Z,µg/m³
minot,S6096201,14383017,6096201,low-cost,2026-08-11,8.57,5.94,7.75,11.58,1.4555496332480333,15,24,63.0,0,False,2026-08-11T00:00:00-05:00,2026-08-12T00:00:00-05:00,2026-08-11T05:00:00Z,µg/m³
minot,S6096201,14383017,6096201,low-cost,2026-08-12,8.82,7.8125,8.51,10.35,0.8410763239540455,11,24,46.0,0,False,2026-08-12T00:00:00-05:00,2026-08-13T00:00:00-05:00,2026-08-12T05:00:00Z,µg/m³
minot,S6096201,14383017,6096201,low-cost,2026-08-13,9.34,7.4,8.967500000000001,11.770000000000001,1.1394526517934007,13,24,54.0,0,False,2026-08-13T00:00:00-05:00,2026-08-14T00:00:00-05:00,2026-08-13T05:00:00Z,µg/m³
minot,S6096201,14383017,6096201,low-cost,2026-08-14,7.94,5.616666666666667,6.943333333333333,12.933333333333332,1.966259785329186,22,24,92.0,1,False,2026-08-14T00:00:00-05:00,2026-08-15T00:00:00-05:00,2026-08-14T05:00:00Z,µg/m³
minot,S6096201,14383017,6096201,low-cost,2026-08-15,8.53,3.81,7.891666666666666,16.503333333333334,4.06384739316336,20,24,83.0,1,False,2026-08-15T00:00:00-05:00,2026-08-16T00:00:00-05:00,2026-08-15T05:00:00Z,µg/m³
minot,S6096201,14383017,6096201,low-cost,2026-08-16,6.88,4.61,6.2425,11.182500000000001,2.411996056121874,13,24,54.0,0,False,2026-08-16T00:00:00-05:00,2026-08-17T00:00:00-05:00,2026-08-16T05:00:00Z,µg/m³
minot,S6096201,14383017,6096201,low-cost,2026-08-17,9.41,6.515000000000001,10.229999999999999,11.6,1.6768390165133882,9,24,38.0,0,False,2026-08-17T00:00:00-05:00,2026-08-18T00:00:00-05:00,2026-08-17T05:00:00Z,µg/m³
minot,S6096201,14383017,6096201,low-cost,2026-08-18,10.4,7.58,10.847916666666666,14.24,1.9394220736595678,12,24,50.0,0,False,2026-08-18T00:00:00-05:00,2026-08-19T00:00:00-05:00,2026-08-18T05:00:00Z,µg/m³
minot,S6096201,14383017,6096201,low-cost,2026-08-19,12.3,9.5525,10.26,30.403333333333336,0.5938118913611761,15,24,63.0,0,False,2026-08-19T00:00:00-05:00,2026-08-20T00:00:00-05:00,2026-08-19T05:00:00Z,µg/m³
minot,S6096201,14383017,6096201,low-cost,2026-08-20,10.2,6.85,9.185,14.765,2.102216696389848,11,24,46.0,0,False,2026-08-20T00:00:00-05:00,2026-08-21T00:00:00-05:00,2026-08-20T05:00:00Z,µg/m³
minot,S6096201,14383017,6096201,low-cost,2026-08-21,13.5,8.733333333333333,14.513333333333334,16.183333333333334,2.414168396698756,17,24,71.0,0,False,2026-08-21T00:00:00-05:00,2026-08-22T00:00:00-05:00,2026-08-21T05:00:00Z,µg/m³
minot,S6096201,14383017,6096201,low-cost,2026-08-22,20.9,11.406666666666666,23.473333333333333,30.53,7.342496631944985,9,24,38.0,0,False,2026-08-22T00:00:00-05:00,2026-08-23T00:00:00-05:00,2026-08-22T05:00:00Z,µg/m³
minot,S6096201,14383017,6096201,low-cost,2026-08-23,10.6,3.9074999999999998,11.07,16.2425,2.389951386159377,19,24,79.0,1,False,2026-08-23T00:00:00-05:00,2026-08-24T00:00:00-05:00,2026-08-23T05:00:00Z,µg/m³
minot,S6096201,14383017,6096201,low-cost,2026-08-24,10.8,7.5275,11.145,12.749999999999998,1.5139595317592591,17,24,71.0,0,False,2026-08-24T00:00:00-05:00,2026-08-25T00:00:00-05:00,2026-08-24T05:00:00Z,µg/m³
minot,S6096201,14383017,6096201,low-cost,2026-08-25,10.3,8.053333333333333,9.903333333333334,13.915000000000001,1.4423737643935521,17,24,71.0,0,False,2026-08-25T00:00:00-05:00,2026-08-26T00:00:00-05:00,2026-08-25T05:00:00Z,µg/m³
minot,S6096201,14383017,6096201,low-cost,2026-08-26,21.8,9.216666666666667,23.555,34.8375,7.893671178420875,17,24,71.0,0,False,2026-08-26T00:00:00-05:00,2026-08-27T00:00:00-05:00,2026-08-26T05:00:00Z,µg/m³
minot,S6096201,14383017,6096201,low-cost,2026-08-27,22.1,14.703333333333333,23.109166666666663,33.97666666666667,4.345153145840301,18,24,75.0,1,False,2026-08-27T00:00:00-05:00,2026-08-28T00:00:00-05:00,2026-08-27T05:00:00Z,µg/m³
minot,S6096201,14383017,6096201,low-cost,2026-08-28,11.2,8.145,10.451666666666666,16.333333333333332,2.5526557057594883,16,24,67.0,0,False,2026-08-28T00:00:00-05:00,2026-08-29T00:00:00-05:00,2026-08-28T05:00:00Z,µg/m³
minot,S6096201,14383017,6096201,low-cost,2026-08-29,12.2,10.75,12.270000000000001,14.0475,0.9170844123876726,9,24,38.0,0,False,2026-08-29T00:00:00-05:00,2026-08-30T00:00:00-05:00,2026-08-29T05:00:00Z,µg/m³
minot,S6096201,14383017,6096201,low-cost,2026-08-30,9.8,5.006666666666667,10.120000000000001,12.496666666666668,2.09659240657995,20,24,83.0,1,False,2026-08-30T00:00:00-05:00,2026-08-31T00:00:00-05:00,2026-08-30T05:00:00Z,µg/m³
minot,S6096201,14383017,6096201,low-cost,2026-08-31,7.25,4.475,6.276666666666666,12.133333333333333,2.2260076474029233,21,24,88.0,1,False,2026-08-31T00:00:00-05:00,2026-09-01T00:00:00-05:00,2026-08-31T05:00:00Z,µg/m³
minot,S6096201,14383017,6096201,low-cost,2026-09-01,5.74,3.9225,5.989999999999999,8.573333333333332,1.5575384549901639,19,24,79.0,1,False,2026-09-01T00:00:00-05:00,2026-09-02T00:00:00-05:00,2026-09-01T05:00:00Z,µg/m³
minot,S6096201,14383017,6096201,low-cost,2026-09-02,5.11,4.293333333333334,4.963333333333334,6.1850000000000005,0.5554372490825134,19,24,79.0,1,False,2026-09-02T00:00:00-05:00,2026-09-03T00:00:00-05:00,2026-09-02T05:00:00Z,µg/m³
minot,S6096201,14383017,6096201,low-cost,2026-09-03,4.77,3.3699999999999997,4.8075,6.62,0.8136634202025195,19,24,79.0,1,False,2026-09-03T00:00:00-05:00,2026-09-04T00:00:00-05:00,2026-09-03T05:00:00Z,µg/m³
minot,S6096201,14383017,6096201,low-cost,2026-09-04,5.47,3.5324999999999998,5.673333333333335,8.743333333333334,1.64477402618786,21,24,88.0,1,False,2026-09-04T00:00:00-05:00,2026-09-05T00:00:00-05:00,2026-09-04T05:00:00Z,µg/m³
minot,S6096201,14383017,6096201,low-cost,2026-09-05,4.6,2.49,4.703333333333333,6.923333333333333,1.2237433947694387,21,24,88.0,1,False,2026-09-05T00:00:00-05:00,2026-09-06T00:00:00-05:00,2026-09-05T05:00:00Z,µg/m³
minot,S6525564,17516751,6525564,low-cost,2026-09-05,12.8,1.2,5.95,40.0,7.848885271170676,8,24,33.0,0,False,2026-09-05T00:00:00-05:00,2026-09-06T00:00:00-05:00,2026-09-05T05:00:00Z,µg/m³
minot,S6096201,14383017,6096201,low-cost,2026-09-06,6.75,3.7875,7.423333333333333,9.4725,1.5368729066009188,17,24,71.0,0,False,2026-09-06T00:00:00-05:00,2026-09-07T00:00:00-05:00,2026-09-06T05:00:00Z,µg/m³
minot,S6525564,17516751,6525564,low-cost,2026-09-06,5.95,0.3,5.4,12.1,3.1983911396752185,24,24,100.0,1,False,2026-09-06T00:00:00-05:00,2026-09-07T00:00:00-05:00,2026-09-06T05:00:00Z,µg/m³
minot,S6096201,14383017,6096201,low-cost,2026-09-07,4.25,1.5233333333333334,4.1033333333333335,7.510000000000001,1.5144114022466382,20,24,83.0,1,False,2026-09-07T00:00:00-05:00,2026-09-08T00:00:00-05:00,2026-09-07T05:00:00Z,µg/m³
minot,S6525564,17516751,6525564,low-cost,2026-09-07,2.55,0.0,1.5,11.5,1.8731461423466764,24,24,100.0,1,False,2026-09-07T00:00:00-05:00,2026-09-08T00:00:00-05:00,2026-09-07T05:00:00Z,µg/m³
minot,S6096201,14383017,6096201,low-cost,2026-09-08,3.36,2.6574999999999998,3.2025,4.826666666666667,0.46709747170898214,17,24,71.0,0,False,2026-09-08T00:00:00-05:00,2026-09-09T00:00:00-05:00,2026-09-08T05:00:00Z,µg/m³
minot,S6525564,17516751,6525564,low-cost,2026-09-08,1.99,0.0,0.0,35.7,0.12126781251816648,24,24,100.0,1,False,2026-09-08T00:00:00-05:00,2026-09-09T00:00:00-05:00,2026-09-08T05:00:00Z,µg/m³
minot,S6096201,14383017,6096201,low-cost,2026-09-09,5.93,3.1966666666666668,6.6587499999999995,8.176666666666668,1.8002031113971417,14,24,58.0,0,False,2026-09-09T00:00:00-05:00,2026-09-10T00:00:00-05:00,2026-09-09T05:00:00Z,µg/m³
minot,S6525564,17516751,6525564,low-cost,2026-09-09,2.74,0.0,2.2,6.9,2.132331642895663,24,24,100.0,1,False,2026-09-09T00:00:00-05:00,2026-09-10T00:00:00-05:00,2026-09-09T05:00:00Z,µg/m³
minot,S6096201,14383017,6096201,low-cost,2026-09-10,6.05,4.93,5.613333333333333,7.8325000000000005,1.057827291216448,7,24,29.0,0,False,2026-09-10T00:00:00-05:00,2026-09-11T00:00:00-05:00,2026-09-10T05:00:00Z,µg/m³
minot,S6525564,17516751,6525564,low-cost,2026-09-10,2.91,0.1,1.15,13.3,1.5468659016369384,24,24,100.0,1,False,2026-09-10T00:00:00-05:00,2026-09-11T00:00:00-05:00,2026-09-10T05:00:00Z,µg/m³
minot,S6096201,14383017,6096201,low-cost,2026-09-11,5.43,3.276666666666667,5.4,7.62,1.5697770542341358,3,24,13.0,0,False,2026-09-11T00:00:00-05:00,2026-09-12T00:00:00-05:00,2026-09-11T05:00:00Z,µg/m³
minot,S6525564,17516751,6525564,low-cost,2026-09-11,0.629,0.0,0.15000000000000002,2.5,0.8386886745452435,24,24,100.0,1,False,2026-09-11T00:00:00-05:00,2026-09-12T00:00:00-05:00,2026-09-11T05:00:00Z,µg/m³
minot,S6096201,14383017,6096201,low-cost,2026-09-12,3.97,2.42,3.776666666666667,6.375,0.9765068230160123,19,24,79.0,1,False,2026-09-12T00:00:00-05:00,2026-09-13T00:00:00-05:00,2026-09-12T05:00:00Z,µg/m³
minot,S6525564,17516751,6525564,low-cost,2026-09-12,3.47,0.0,0.0,29.7,2.0272328930377927,24,24,100.0,1,False,2026-09-12T00:00:00-05:00,2026-09-13T00:00:00-05:00,2026-09-12T05:00:00Z,µg/m³
minot,S6096201,14383017,6096201,low-cost,2026-09-13,4.8,3.5075000000000003,4.903333333333333,5.7,0.4187854877168286,21,24,88.0,1,False,2026-09-13T00:00:00-05:00,2026-09-14T00:00:00-05:00,2026-09-13T05:00:00Z,µg/m³
minot,S6525564,17516751,6525564,low-cost,2026-09-13,1.28,0.0,0.3,13.5,3.325304055093838,24,24,100.0,1,False,2026-09-13T00:00:00-05:00,2026-09-14T00:00:00-05:00,2026-09-13T05:00:00Z,µg/m³
minot,S6096201,14383017,6096201,low-cost,2026-09-14,3.92,2.41,3.6466666666666665,6.42,0.5050140567656156,23,24,96.0,1,False,2026-09-14T00:00:00-05:00,2026-09-15T00:00:00-05:00,2026-09-14T05:00:00Z,µg/m³
minot,S6525564,17516751,6525564,low-cost,2026-09-14,0.633,0.0,0.1,3.8,1.3803783700291903,24,24,100.0,1,False,2026-09-14T00:00:00-05:00,2026-09-15T00:00:00-05:00,2026-09-14T05:00:00Z,µg/m³
minot,S6096201,14383017,6096201,low-cost,2026-09-15,4.61,2.68,4.736666666666666,6.8275,1.2026140846398206,20,24,83.0,1,False,2026-09-15T00:00:00-05:00,2026-09-16T00:00:00-05:00,2026-09-15T05:00:00Z,µg/m³
minot,S6525564,17516751,6525564,low-cost,2026-09-15,1.09,0.0,0.1,8.6,0.7742168718814401,24,24,100.0,1,False,2026-09-15T00:00:00-05:00,2026-09-16T00:00:00-05:00,2026-09-15T05:00:00Z,µg/m³
minot,S6096201,14383017,6096201,low-cost,2026-09-16,4.59,3.2399999999999998,4.706666666666667,6.613333333333332,0.8150989366052608,18,24,75.0,1,False,2026-09-16T00:00:00-05:00,2026-09-17T00:00:00-05:00,2026-09-16T05:00:00Z,µg/m³
minot,S6525564,17516751,6525564,low-cost,2026-09-16,1.38,0.0,0.95,12.6,2.871866009946315,24,24,100.0,1,False,2026-09-16T00:00:00-05:00,2026-09-17T00:00:00-05:00,2026-09-16T05:00:00Z,µg/m³
minot,S6096201,14383017,6096201,low-cost,2026-09-17,4.33,3.4,4.11375,5.73,0.5163043084159661,14,24,58.0,0,False,2026-09-17T00:00:00-05:00,2026-09-18T00:00:00-05:00,2026-09-17T05:00:00Z,µg/m³
minot,S6525564,17516751,6525564,low-cost,2026-09-17,1.79,0.0,0.4,13.3,1.6926528082899233,24,24,100.0,1,False,2026-09-17T00:00:00-05:00,2026-09-18T00:00:00-05:00,2026-09-17T05:00:00Z,µg/m³
minot,S6096201,14383017,6096201,low-cost,2026-09-18,5.23,2.9966666666666666,5.005000000000001,8.4975,1.5245322364207454,16,24,67.0,0,False,2026-09-18T00:00:00-05:00,2026-09-19T00:00:00-05:00,2026-09-18T05:00:00Z,µg/m³
minot,S6525564,17516751,6525564,low-cost,2026-09-18,2.74,0.0,2.3499999999999996,7.6,2.0689760183979615,24,24,100.0,1,False,2026-09-18T00:00:00-05:00,2026-09-19T00:00:00-05:00,2026-09-18T05:00:00Z,µg/m³
minot,S6096201,14383017,6096201,low-cost,2026-09-19,5.18,2.07,4.883333333333333,11.356666666666664,1.967465028748101,20,24,83.0,1,False,2026-09-19T00:00:00-05:00,2026-09-20T00:00:00-05:00,2026-09-19T05:00:00Z,µg/m³
minot,S6525564,17516751,6525564,low-cost,2026-09-19,3.1,0.0,0.5,33.0,1.8510330978704201,24,24,100.0,1,False,2026-09-19T00:00:00-05:00,2026-09-20T00:00:00-05:00,2026-09-19T05:00:00Z,µg/m³
minot,S6096201,14383017,6096201,low-cost,2026-09-20,5.28,4.086666666666666,5.044166666666667,6.923333333333335,0.9799822120811023,22,24,92.0,1,False,2026-09-20T00:00:00-05:00,2026-09-21T00:00:00-05:00,2026-09-20T05:00:00Z,µg/m³
minot,S6525564,17516751,6525564,low-cost,2026-09-20,2.43,0.6,2.6,8.9,1.131034082261934,24,24,100.0,1,False,2026-09-20T00:00:00-05:00,2026-09-21T00:00:00-05:00,2026-09-20T05:00:00Z,µg/m³
minot,S6096201,14383017,6096201,low-cost,2026-09-21,5.26,4.14,5.379999999999999,5.863333333333333,0.34846670948463376,19,24,79.0,1,False,2026-09-21T00:00:00-05:00,2026-09-22T00:00:00-05:00,2026-09-21T05:00:00Z,µg/m³
minot,S6525564,17516751,6525564,low-cost,2026-09-21,2.06,0.0,2.2,6.4,0.7509307949628443,24,24,100.0,1,False,2026-09-21T00:00:00-05:00,2026-09-22T00:00:00-05:00,2026-09-21T05:00:00Z,µg/m³
minot,S6096201,14383017,6096201,low-cost,2026-09-22,4.93,2.81,4.932499999999999,7.283333333333334,1.3460440750101788,21,24,88.0,1,False,2026-09-22T00:00:00-05:00,2026-09-23T00:00:00-05:00,2026-09-22T05:00:00Z,µg/m³
minot,S6525564,17516751,6525564,low-cost,2026-09-22,4.11,0.1,1.35,33.4,3.8058606337330185,24,24,100.0,1,False,2026-09-22T00:00:00-05:00,2026-09-23T00:00:00-05:00,2026-09-22T05:00:00Z,µg/m³
minot,S6096201,14383017,6096201,low-cost,2026-09-23,5.12,2.935,5.213333333333334,7.765000000000001,0.7582112582712764,17,24,71.0,0,False,2026-09-23T00:00:00-05:00,2026-09-24T00:00:00-05:00,2026-09-23T05:00:00Z,µg/m³
minot,S6525564,17516751,6525564,low-cost,2026-09-23,2.33,0.1,1.25,6.4,1.7055489025013413,24,24,100.0,1,False,2026-09-23T00:00:00-05:00,2026-09-24T00:00:00-05:00,2026-09-23T05:00:00Z,µg/m³
minot,S6096201,14383017,6096201,low-cost,2026-09-24,7.68,5.55,7.153333333333333,12.7375,1.8075157036456189,17,24,71.0,0,False,2026-09-24T00:00:00-05:00,2026-09-25T00:00:00-05:00,2026-09-24T05:00:00Z,µg/m³
minot,S6525564,17516751,6525564,low-cost,2026-09-24,4.1,0.4,3.75,13.6,2.5847829582339155,24,24,100.0,1,False,2026-09-24T00:00:00-05:00,2026-09-25T00:00:00-05:00,2026-09-24T05:00:00Z,µg/m³
minot,S6096201,14383017,6096201,low-cost,2026-09-25,6.07,3.8866666666666667,6.0525,8.69,1.5736050905500085,21,24,88.0,1,False,2026-09-25T00:00:00-05:00,2026-09-26T00:00:00-05:00,2026-09-25T05:00:00Z,µg/m³
minot,S6525564,17516751,6525564,low-cost,2026-09-25,7.62,0.3,3.85,32.4,3.739700452860387,24,24,100.0,1,False,2026-09-25T00:00:00-05:00,2026-09-26T00:00:00-05:00,2026-09-25T05:00:00Z,µg/m³
