city,normal,week_start,label,kept_items,kept_posts,kept_comments,air_items,air_share_pct,removed,bot,pm25_week_avg,pm25_days,pm25_partial_flag,fireworks_dates,usable,drop_reasons
eugene,neighbor,2020-07-27,-6,3962,114,3848,3,0.076,432,0,8.37,1,1,,1,
eugene,neighbor,2020-08-03,-5,3547,116,3431,5,0.141,302,5,5.04,4,1,,1,
eugene,neighbor,2020-08-10,-4,3600,123,3477,12,0.333,307,0,7.15,5,0,,1,
eugene,neighbor,2020-08-17,-3,3222,102,3120,4,0.124,231,0,4.3,7,0,,1,
eugene,neighbor,2020-08-24,-2,2287,101,2186,8,0.35,169,0,4.7,7,0,,1,
eugene,neighbor,2020-09-21,+2,2987,127,2860,44,1.473,326,0,7.31,5,0,,1,
eugene,neighbor,2020-09-28,+3,2771,124,2647,38,1.371,233,1,18.29,6,0,,1,
eugene,neighbor,2020-10-05,+4,3369,127,3242,23,0.683,323,0,10.39,5,0,,1,
eugene,neighbor,2020-10-12,+5,3762,134,3628,24,0.638,352,0,6.76,5,0,,1,
eugene,neighbor,2020-10-19,+6,2866,107,2759,9,0.314,255,1,6.55,7,0,,1,
eugene,month,2019-09-02,2019,1396,64,1332,2,0.143,107,0,5.78,7,0,,1,
eugene,month,2019-09-09,2019,1324,63,1261,2,0.151,162,0,5.33,6,0,,1,
eugene,month,2019-09-16,2019,1257,67,1190,3,0.239,109,0,5.39,7,0,,1,
eugene,month,2019-09-23,2019,1446,59,1387,1,0.069,110,0,5.93,7,0,,1,
eugene,month,2020-08-31,2020,2403,96,2307,24,0.999,239,1,5.79,4,1,,1,
eugene,month,2020-09-14,2020,3918,202,3716,282,7.198,336,0,146.54,7,0,,0,pm_over_35.5
eugene,month,2020-09-21,2020,2987,127,2860,44,1.473,326,0,7.31,5,0,,1,
eugene,month,2021-08-30,2021,4336,132,4204,58,1.338,552,9,15.55,6,0,,1,
eugene,month,2021-09-06,2021,2906,129,2777,38,1.308,416,10,7.74,7,0,,1,
eugene,month,2021-09-13,2021,3159,125,3034,15,0.475,457,4,6.54,7,0,,1,
eugene,month,2021-09-20,2021,3499,142,3357,17,0.486,504,4,4.91,7,0,,1,
eugene,month,2021-09-27,2021,3443,134,3309,22,0.639,388,9,5.29,5,0,,1,
eugene,month,2022-08-29,2022,3884,134,3750,42,1.081,352,3,7.55,7,0,,1,
eugene,month,2022-09-05,2022,5517,164,5353,161,2.918,493,11,9.22,7,0,,1,
eugene,month,2022-09-12,2022,4033,131,3902,21,0.521,367,8,5.4,7,0,,1,
eugene,month,2022-09-19,2022,3815,141,3674,56,1.468,315,8,13.58,6,0,,1,
eugene,month,2022-09-26,2022,4288,156,4132,17,0.396,330,5,7.62,7,0,,1,
eugene,month,2023-09-04,2023,5286,148,5138,17,0.322,186,6,5.24,7,0,,1,
eugene,month,2023-09-11,2023,4820,174,4646,24,0.498,137,7,6.85,7,0,,1,
eugene,month,2023-09-18,2023,4727,165,4562,24,0.508,138,8,9.87,7,0,,1,
eugene,month,2023-09-25,2023,5434,174,5260,6,0.11,154,2,6.87,7,0,,1,
eugene,month,2024-09-02,2024,6595,189,6406,90,1.365,494,7,13.77,7,0,,1,
eugene,month,2024-09-09,2024,5343,172,5171,19,0.356,417,16,4.47,7,0,,1,
eugene,month,2024-09-16,2024,5844,186,5658,33,0.565,523,7,4.96,7,0,,1,
eugene,month,2024-09-23,2024,6615,197,6418,17,0.257,606,6,4.76,7,0,,1,
eugene,month,2025-09-01,2025,4855,233,4622,35,0.721,450,23,8.78,7,0,,1,
eugene,month,2025-09-08,2025,6063,187,5876,24,0.396,729,21,5.33,7,0,,1,
eugene,month,2025-09-15,2025,7475,204,7271,30,0.401,1099,16,5.34,7,0,,1,
eugene,month,2025-09-22,2025,5837,214,5623,18,0.308,670,35,7.57,7,0,,1,
bakersfield,neighbor,2024-10-21,-6,1478,57,1421,28,1.894,126,3,15.14,7,0,,1,
bakersfield,neighbor,2024-10-28,-5,1559,73,1486,5,0.321,139,3,7.46,7,0,,1,
bakersfield,neighbor,2024-11-04,-4,1870,79,1791,13,0.695,196,4,14.61,7,0,,1,
bakersfield,neighbor,2024-11-11,-3,1510,64,1446,2,0.132,130,4,13.18,7,0,,1,
bakersfield,neighbor,2024-11-18,-2,1712,81,1631,11,0.643,194,1,14.72,7,0,,1,
bakersfield,neighbor,2024-12-16,+2,1206,50,1156,3,0.249,105,1,26.41,7,0,,1,
bakersfield,neighbor,2024-12-23,+3,719,32,687,1,0.139,90,0,13.09,7,0,,1,
bakersfield,neighbor,2024-12-30,+4,1286,58,1228,7,0.544,77,1,18.82,7,0,2024-12-31; 2025-01-01,0,fireworks
bakersfield,neighbor,2025-01-06,+5,2155,71,2084,4,0.186,258,8,18.91,7,0,,1,
bakersfield,neighbor,2025-01-13,+6,1626,48,1578,38,2.337,135,3,18.48,7,0,,1,
bakersfield,month,2019-12-02,2019,340,38,302,1,0.294,35,1,10.75,6,0,,1,
bakersfield,month,2019-12-09,2019,424,34,390,3,0.708,41,0,15.57,6,0,,1,
bakersfield,month,2019-12-16,2019,291,29,262,5,1.718,41,0,11.1,6,0,,1,
bakersfield,month,2019-12-23,2019,368,26,342,1,0.272,43,1,10.16,7,0,,1,
bakersfield,month,2020-11-30,2020,557,43,514,9,1.616,78,7,34.48,4,1,,1,
bakersfield,month,2020-12-07,2020,851,43,808,2,0.235,123,0,34.23,4,1,,1,
bakersfield,month,2020-12-14,2020,923,36,887,8,0.867,121,6,17.6,4,1,,1,
bakersfield,month,2020-12-21,2020,641,34,607,8,1.248,105,6,,0,0,,0,no_pm_data
bakersfield,month,2020-12-28,2020,662,42,620,1,0.151,72,6,,0,0,2020-12-31; 2021-01-01,0,no_pm_data; fireworks
bakersfield,month,2021-11-29,2021,508,30,478,24,4.724,42,0,48.73,7,0,,0,pm_over_35.5
bakersfield,month,2021-12-06,2021,907,33,874,13,1.433,96,0,32.53,6,0,,1,
bakersfield,month,2021-12-13,2021,602,32,570,2,0.332,54,0,16.45,7,0,,1,
bakersfield,month,2021-12-20,2021,447,25,422,3,0.671,41,2,14.92,7,0,,1,
bakersfield,month,2021-12-27,2021,680,38,642,2,0.294,71,0,12.47,4,1,2021-12-31; 2022-01-01,0,fireworks
bakersfield,month,2022-11-28,2022,655,46,609,0,0.0,53,0,16.27,7,0,,1,
bakersfield,month,2022-12-05,2022,665,36,629,13,1.955,42,0,10.66,7,0,,1,
bakersfield,month,2022-12-12,2022,575,38,537,2,0.348,44,1,29.85,7,0,,1,
bakersfield,month,2022-12-19,2022,675,36,639,2,0.296,49,1,42.62,5,0,,0,pm_over_35.5
bakersfield,month,2022-12-26,2022,892,43,849,9,1.009,50,2,15.49,7,0,2022-12-31; 2023-01-01,0,fireworks
bakersfield,month,2023-12-04,2023,1054,54,1000,4,0.38,60,1,20.14,7,0,,1,
bakersfield,month,2023-12-11,2023,1001,44,957,32,3.197,49,1,40.87,7,0,,0,pm_over_35.5
bakersfield,month,2023-12-18,2023,936,45,891,3,0.321,53,4,18.31,7,0,,1,
bakersfield,month,2023-12-25,2023,636,40,596,5,0.786,41,4,25.31,7,0,2023-12-31,0,fireworks
bakersfield,month,2024-12-09,2024,962,50,912,2,0.208,79,0,23.4,7,0,,1,
bakersfield,month,2024-12-16,2024,1206,50,1156,3,0.249,105,1,26.41,7,0,,1,
bakersfield,month,2024-12-23,2024,719,32,687,1,0.139,90,0,13.09,7,0,,1,
bakersfield,month,2025-12-01,2025,1001,46,955,11,1.099,74,2,24.38,7,0,,1,
bakersfield,month,2025-12-08,2025,881,51,830,2,0.227,73,2,23.59,7,0,,1,
bakersfield,month,2025-12-15,2025,969,44,925,0,0.0,79,3,19.39,7,0,,1,
bakersfield,month,2025-12-22,2025,560,32,528,5,0.893,49,0,10.32,7,0,,1,
