"Time","ice cream"
"2021-10-01",38
"2021-11-01",34
"2021-12-01",31
"2022-01-01",37
"2022-02-01",36
"2022-03-01",45
"2022-04-01",55
"2022-05-01",79
"2022-06-01",90
"2022-07-01",93
"2022-08-01",72
"2022-09-01",46
"2022-10-01",37
"2022-11-01",34
"2022-12-01",34
"2023-01-01",38
"2023-02-01",46
"2023-03-01",48
"2023-04-01",61
"2023-05-01",80
"2023-06-01",84
"2023-07-01",91
"2023-08-01",72
"2023-09-01",47
"2023-10-01",35
"2023-11-01",34
"2023-12-01",33
"2024-01-01",35
"2024-02-01",42
"2024-03-01",46
"2024-04-01",57
"2024-05-01",75
"2024-06-01",93
"2024-07-01",87
"2024-08-01",70
"2024-09-01",47
"2024-10-01",40
"2024-11-01",33
"2024-12-01",35
"2025-01-01",38
"2025-02-01",42
"2025-03-01",54
"2025-04-01",56
"2025-05-01",80
"2025-06-01",90
"2025-07-01",90
"2025-08-01",78
"2025-09-01",51
"2025-10-01",42
"2025-11-01",40
"2025-12-01",40
"2026-01-01",43
"2026-02-01",48
"2026-03-01",59
"2026-04-01",73
"2026-05-01",88
"2026-06-01",100
"2026-07-01",100
"2026-08-01",81
"2026-09-01",62