window,city,week_type,set,n_I,n_we,n_they,n_you,items,we_share,they_share,pronouns_per_item
bakersfield_base_2023-12-04,Bakersfield,baseline,air,9,0,3,3,6,0.0,0.25,2.5
bakersfield_base_2023-12-04,Bakersfield,baseline,other,753,57,338,449,1046,0.07037037037037037,0.29442508710801396,1.5267686424474187
bakersfield_base_2025-12-01,Bakersfield,baseline,air,30,6,1,20,13,0.16666666666666666,0.02702702702702703,4.384615384615385
bakersfield_base_2025-12-01,Bakersfield,baseline,other,936,108,272,597,988,0.10344827586206896,0.2066869300911854,1.9362348178137652
bakersfield_event_2024-12-02,Bakersfield,event,air,103,11,14,15,79,0.09649122807017543,0.109375,1.8101265822784811
bakersfield_event_2024-12-02,Bakersfield,event,other,1324,145,615,902,1450,0.0987066031313819,0.29510556621880996,2.059310344827586
eugene_base_2024-08-05,Eugene,baseline,air,236,43,76,134,170,0.15412186379928317,0.2140845070422535,2.876470588235294
eugene_base_2024-08-05,Eugene,baseline,other,7292,948,3249,3774,6722,0.11504854368932038,0.2827922360518757,2.2706039869086583
eugene_base_2025-08-04,Eugene,baseline,air,182,28,47,56,91,0.13333333333333333,0.1828793774319066,3.4395604395604398
eugene_base_2025-08-04,Eugene,baseline,other,5872,806,2613,3318,4727,0.12069481880802635,0.28123990958992573,2.6674423524434103
eugene_event_2026-08-03,Eugene,event,air,604,119,135,233,611,0.16459197786998617,0.15734265734265734,1.7855973813420623
eugene_event_2026-08-03,Eugene,event,other,4016,388,1690,1768,3628,0.08810172570390554,0.277321956022317,2.167034178610805
