city_slug,date_local,site_id,sensor_class,site_mean_ugm3,n_sensors,sensor_ids
elcentro,2018-07-06,S2203,reference,15.3,1,20484
elcentro,2018-07-07,S2203,reference,20.0,1,20484
elcentro,2018-07-08,S2203,reference,17.2,1,20484
elcentro,2018-07-10,S2203,reference,22.7,1,20484
elcentro,2018-07-11,S2203,reference,12.1,1,20484
elcentro,2018-07-12,S2203,reference,22.0,1,20484
elcentro,2018-07-13,S2203,reference,13.5,1,20484
elcentro,2018-07-14,S2203,reference,12.7,1,20484
elcentro,2018-07-15,S2203,reference,12.8,1,20484
elcentro,2018-07-18,S2203,reference,9.79,1,20484
elcentro,2018-07-19,S2203,reference,8.21,1,20484
elcentro,2018-07-20,S2203,reference,9.96,1,20484
elcentro,2018-07-21,S2203,reference,11.2,1,20484
elcentro,2018-07-22,S2203,reference,9.46,1,20484
elcentro,2018-07-23,S2203,reference,8.58,1,20484
elcentro,2018-07-24,S2203,reference,12.9,1,20484
elcentro,2018-07-25,S2203,reference,15.0,1,20484
elcentro,2018-07-26,S2203,reference,12.2,1,20484
elcentro,2018-07-27,S2203,reference,13.5,1,20484
elcentro,2018-07-28,S2203,reference,15.1,1,20484
elcentro,2018-07-29,S2203,reference,13.7,1,20484
elcentro,2018-07-30,S2203,reference,12.0,1,20484
elcentro,2018-07-31,S2203,reference,15.0,1,20484
elcentro,2018-08-01,S2203,reference,13.8,1,20484
elcentro,2018-08-02,S2203,reference,10.3,1,20484
elcentro,2018-08-03,S2203,reference,15.4,1,20484
elcentro,2018-08-04,S2203,reference,21.6,1,20484
elcentro,2018-08-05,S2203,reference,19.0,1,20484
elcentro,2018-08-06,S2203,reference,15.7,1,20484
elcentro,2018-08-07,S2203,reference,21.5,1,20484
elcentro,2018-08-08,S2203,reference,15.0,1,20484
elcentro,2018-08-09,S2203,reference,14.5,1,20484
elcentro,2018-08-10,S2203,reference,8.47,1,20484
elcentro,2018-08-11,S2203,reference,12.2,1,20484
elcentro,2018-08-12,S2203,reference,10.1,1,20484
elcentro,2018-08-13,S2203,reference,11.9,1,20484
elcentro,2018-08-14,S2203,reference,12.3,1,20484
elcentro,2018-08-17,S2203,reference,6.89,1,20484
elcentro,2018-08-18,S2203,reference,9.62,1,20484
elcentro,2018-08-19,S2203,reference,10.8,1,20484
elcentro,2018-08-24,S2203,reference,10.6,1,20484
elcentro,2018-08-25,S2203,reference,11.4,1,20484
elcentro,2018-08-26,S2203,reference,10.7,1,20484
elcentro,2018-08-27,S2203,reference,11.1,1,20484
elcentro,2018-08-28,S2203,reference,12.5,1,20484
elcentro,2018-09-11,S2203,reference,9.86,1,20484
elcentro,2018-09-12,S2203,reference,11.1,1,20484
elcentro,2018-09-13,S2203,reference,7.0,1,20484
elcentro,2018-09-16,S2203,reference,11.6,1,20484
elcentro,2018-09-17,S2203,reference,6.58,1,20484
elcentro,2018-09-18,S2203,reference,11.8,1,20484
elcentro,2018-09-19,S2203,reference,11.9,1,20484
elcentro,2018-09-20,S2203,reference,7.39,1,20484
elcentro,2018-09-21,S2203,reference,9.68,1,20484
elcentro,2018-09-22,S2203,reference,13.2,1,20484
elcentro,2018-09-23,S2203,reference,8.91,1,20484
elcentro,2018-09-24,S2203,reference,15.3,1,20484
elcentro,2018-09-25,S2203,reference,12.6,1,20484
elcentro,2018-09-26,S2203,reference,15.0,1,20484
elcentro,2018-09-27,S2203,reference,10.0,1,20484
elcentro,2018-09-28,S2203,reference,13.2,1,20484
elcentro,2018-09-29,S2203,reference,9.55,1,20484
elcentro,2018-09-30,S2203,reference,9.14,1,20484
elcentro,2018-10-01,S2203,reference,6.48,1,20484
elcentro,2018-10-02,S2203,reference,5.0,1,20484
elcentro,2018-10-03,S2203,reference,6.58,1,20484
elcentro,2018-10-04,S2203,reference,4.61,1,20484
elcentro,2018-10-05,S2203,reference,6.17,1,20484
elcentro,2018-10-06,S2203,reference,9.13,1,20484
elcentro,2018-10-07,S2203,reference,6.73,1,20484
elcentro,2018-10-08,S2203,reference,8.24,1,20484
elcentro,2018-10-09,S2203,reference,11.6,1,20484
elcentro,2018-10-12,S2203,reference,9.29,1,20484
elcentro,2018-10-13,S2203,reference,5.38,1,20484
elcentro,2018-10-16,S2203,reference,6.55,1,20484
elcentro,2018-10-17,S2203,reference,6.39,1,20484
elcentro,2018-10-18,S2203,reference,5.48,1,20484
elcentro,2018-10-19,S2203,reference,7.8,1,20484
elcentro,2018-10-21,S2203,reference,11.1,1,20484
elcentro,2018-10-22,S2203,reference,15.1,1,20484
elcentro,2018-10-23,S2203,reference,10.2,1,20484
elcentro,2018-10-24,S2203,reference,11.0,1,20484
elcentro,2018-10-25,S2203,reference,10.2,1,20484
elcentro,2018-10-26,S2203,reference,10.1,1,20484
elcentro,2018-10-27,S2203,reference,11.3,1,20484
elcentro,2018-10-28,S2203,reference,14.4,1,20484
elcentro,2018-10-29,S2203,reference,22.2,1,20484
elcentro,2018-10-30,S2203,reference,14.6,1,20484
elcentro,2018-11-01,S2203,reference,6.13,1,20484
elcentro,2018-11-02,S2203,reference,9.0,1,20484
elcentro,2018-11-03,S2203,reference,8.27,1,20484
elcentro,2018-11-04,S2203,reference,11.3,1,20484
elcentro,2018-11-05,S2203,reference,12.8,1,20484
elcentro,2018-11-06,S2203,reference,14.7,1,20484
elcentro,2018-11-07,S2203,reference,19.2,1,20484
elcentro,2018-11-08,S2203,reference,12.4,1,20484
elcentro,2018-11-09,S2203,reference,8.21,1,20484
elcentro,2018-11-10,S2203,reference,9.95,1,20484
elcentro,2018-11-11,S2203,reference,14.6,1,20484
elcentro,2018-11-12,S2203,reference,7.62,1,20484
elcentro,2018-11-16,S2203,reference,14.3,1,20484
elcentro,2018-11-17,S2203,reference,36.0,1,20484
elcentro,2018-11-21,S2203,reference,29.2,1,20484
elcentro,2018-11-22,S2203,reference,12.8,1,20484
elcentro,2018-11-23,S2203,reference,9.92,1,20484
elcentro,2018-11-24,S2203,reference,23.3,1,20484
elcentro,2018-11-25,S2203,reference,10.3,1,20484
elcentro,2018-11-26,S2203,reference,7.42,1,20484
elcentro,2018-11-27,S2203,reference,9.96,1,20484
elcentro,2018-11-28,S2203,reference,17.0,1,20484
elcentro,2018-11-29,S2203,reference,12.1,1,20484
elcentro,2018-11-30,S2203,reference,9.7,1,20484
elcentro,2018-12-01,S2203,reference,9.21,1,20484
elcentro,2018-12-02,S2203,reference,9.95,1,20484
elcentro,2018-12-03,S2203,reference,8.29,1,20484
elcentro,2018-12-04,S2203,reference,6.63,1,20484
elcentro,2018-12-05,S2203,reference,5.96,1,20484
elcentro,2018-12-06,S2203,reference,8.86,1,20484
elcentro,2018-12-07,S2203,reference,7.04,1,20484
elcentro,2018-12-08,S2203,reference,9.82,1,20484
elcentro,2018-12-09,S2203,reference,8.14,1,20484
elcentro,2018-12-10,S2203,reference,7.78,1,20484
elcentro,2018-12-11,S2203,reference,9.43,1,20484
elcentro,2018-12-12,S2203,reference,16.0,1,20484
elcentro,2018-12-17,S2203,reference,23.6,1,20484
elcentro,2018-12-18,S2203,reference,16.9,1,20484
elcentro,2018-12-19,S2203,reference,10.2,1,20484
elcentro,2018-12-20,S2203,reference,18.4,1,20484
elcentro,2018-12-21,S2203,reference,19.0,1,20484
elcentro,2018-12-22,S2203,reference,18.9,1,20484
elcentro,2018-12-23,S2203,reference,14.7,1,20484
elcentro,2018-12-24,S2203,reference,24.0,1,20484
elcentro,2018-12-25,S2203,reference,6.76,1,20484
elcentro,2018-12-26,S2203,reference,6.79,1,20484
elcentro,2018-12-27,S2203,reference,8.95,1,20484
elcentro,2018-12-28,S2203,reference,7.29,1,20484
elcentro,2018-12-29,S2203,reference,8.46,1,20484
elcentro,2018-12-30,S2203,reference,12.5,1,20484
elcentro,2018-12-31,S2203,reference,13.3,1,20484
elcentro,2019-01-01,S2203,reference,11.0,1,20484
elcentro,2019-01-02,S2203,reference,8.96,1,20484
elcentro,2019-01-03,S2203,reference,9.96,1,20484
elcentro,2019-01-04,S2203,reference,8.63,1,20484
elcentro,2019-01-05,S2203,reference,9.33,1,20484
elcentro,2019-01-06,S2203,reference,20.3,1,20484
elcentro,2019-01-07,S2203,reference,17.7,1,20484
elcentro,2019-01-08,S2203,reference,9.76,1,20484
elcentro,2019-01-09,S2203,reference,7.61,1,20484
elcentro,2019-01-10,S2203,reference,12.3,1,20484
elcentro,2019-01-11,S2203,reference,23.7,1,20484
elcentro,2019-01-14,S2203,reference,8.71,1,20484
elcentro,2019-01-15,S2203,reference,11.8,1,20484
elcentro,2019-01-17,S2203,reference,22.9,1,20484
elcentro,2019-01-18,S2203,reference,8.17,1,20484
elcentro,2019-01-19,S2203,reference,8.79,1,20484
elcentro,2019-01-20,S2203,reference,8.96,1,20484
elcentro,2019-01-21,S2203,reference,7.38,1,20484
elcentro,2019-01-22,S2203,reference,5.06,1,20484
elcentro,2019-01-26,S2203,reference,7.0,1,20484
elcentro,2019-01-27,S2203,reference,6.87,1,20484
elcentro,2019-01-28,S2203,reference,8.42,1,20484
elcentro,2019-01-29,S2203,reference,13.7,1,20484
elcentro,2019-01-30,S2203,reference,10.1,1,20484
elcentro,2019-01-31,S2203,reference,16.8,1,20484
elcentro,2019-02-01,S2203,reference,13.6,1,20484
elcentro,2019-02-02,S2203,reference,10.3,1,20484
elcentro,2019-02-03,S2203,reference,5.48,1,20484
elcentro,2019-02-04,S2203,reference,7.35,1,20484
elcentro,2019-02-05,S2203,reference,6.38,1,20484
elcentro,2019-02-06,S2203,reference,4.63,1,20484
elcentro,2019-02-07,S2203,reference,6.31,1,20484
elcentro,2019-02-08,S2203,reference,1.11,1,20484
elcentro,2019-02-09,S2203,reference,0.0,1,20484
elcentro,2019-02-10,S2203,reference,0.75,1,20484
elcentro,2019-02-13,S2203,reference,11.1,1,20484
elcentro,2019-02-14,S2203,reference,8.52,1,20484
elcentro,2019-02-15,S2203,reference,5.42,1,20484
elcentro,2019-02-16,S2203,reference,3.79,1,20484
elcentro,2019-02-17,S2203,reference,4.59,1,20484
elcentro,2019-02-18,S2203,reference,3.87,1,20484
elcentro,2019-02-19,S2203,reference,4.52,1,20484
elcentro,2019-02-20,S2203,reference,7.74,1,20484
elcentro,2019-02-21,S2203,reference,2.55,1,20484
elcentro,2019-02-22,S2203,reference,4.65,1,20484
elcentro,2019-02-23,S2203,reference,9.92,1,20484
elcentro,2019-02-24,S2203,reference,7.75,1,20484
elcentro,2019-02-25,S2203,reference,10.0,1,20484
elcentro,2019-02-26,S2203,reference,17.5,1,20484
elcentro,2019-02-27,S2203,reference,22.1,1,20484
elcentro,2019-02-28,S2203,reference,5.3,1,20484
elcentro,2019-03-01,S2203,reference,6.33,1,20484
elcentro,2019-03-02,S2203,reference,6.5,1,20484
elcentro,2019-03-03,S2203,reference,3.42,1,20484
elcentro,2019-03-04,S2203,reference,6.21,1,20484
elcentro,2019-03-05,S2203,reference,7.43,1,20484
elcentro,2019-03-06,S2203,reference,8.08,1,20484
elcentro,2019-03-07,S2203,reference,4.58,1,20484
elcentro,2019-03-08,S2203,reference,4.08,1,20484
elcentro,2019-03-09,S2203,reference,5.22,1,20484
elcentro,2019-03-10,S2203,reference,4.13,1,20484
elcentro,2019-03-11,S2203,reference,5.0,1,20484
elcentro,2019-03-12,S2203,reference,5.7,1,20484
elcentro,2019-03-13,S2203,reference,6.72,1,20484
elcentro,2019-03-15,S2203,reference,5.04,1,20484
elcentro,2019-03-16,S2203,reference,9.46,1,20484
elcentro,2019-03-17,S2203,reference,7.08,1,20484
elcentro,2019-03-18,S2203,reference,6.5,1,20484
elcentro,2019-03-19,S2203,reference,9.88,1,20484
elcentro,2019-03-20,S2203,reference,5.83,1,20484
elcentro,2019-03-21,S2203,reference,4.17,1,20484
elcentro,2019-03-22,S2203,reference,5.67,1,20484
elcentro,2019-03-23,S2203,reference,6.63,1,20484
elcentro,2019-03-24,S2203,reference,10.0,1,20484
elcentro,2019-03-25,S2203,reference,11.8,1,20484
elcentro,2019-03-26,S2203,reference,15.4,1,20484
elcentro,2019-03-28,S2203,reference,4.58,1,20484
elcentro,2019-03-29,S2203,reference,7.54,1,20484
elcentro,2019-03-30,S2203,reference,6.43,1,20484
elcentro,2019-03-31,S2203,reference,4.5,1,20484
elcentro,2019-04-01,S2203,reference,6.83,1,20484
elcentro,2019-04-02,S2203,reference,10.3,1,20484
elcentro,2019-04-03,S2203,reference,5.17,1,20484
elcentro,2019-04-06,S2203,reference,4.3,1,20484
elcentro,2019-04-07,S2203,reference,6.87,1,20484
elcentro,2019-04-08,S2203,reference,8.0,1,20484
elcentro,2019-04-09,S2203,reference,14.8,1,20484
elcentro,2019-04-10,S2203,reference,8.38,1,20484
elcentro,2019-04-11,S2203,reference,6.79,1,20484
elcentro,2019-04-12,S2203,reference,10.8,1,20484
elcentro,2019-04-14,S2203,reference,11.3,1,20484
elcentro,2019-04-15,S2203,reference,6.74,1,20484
elcentro,2019-04-16,S2203,reference,8.1,1,20484
elcentro,2019-04-17,S2203,reference,4.78,1,20484
elcentro,2019-04-18,S2203,reference,5.61,1,20484
elcentro,2019-04-19,S2203,reference,5.57,1,20484
elcentro,2019-04-20,S2203,reference,6.36,1,20484
elcentro,2019-04-21,S2203,reference,6.39,1,20484
elcentro,2019-04-22,S2203,reference,7.29,1,20484
elcentro,2019-04-23,S2203,reference,5.42,1,20484
elcentro,2019-04-24,S2203,reference,9.67,1,20484
elcentro,2019-04-25,S2203,reference,10.0,1,20484
elcentro,2019-04-26,S2203,reference,13.5,1,20484
elcentro,2019-04-27,S2203,reference,9.32,1,20484
elcentro,2019-04-28,S2203,reference,9.13,1,20484
elcentro,2019-04-29,S2203,reference,7.96,1,20484
elcentro,2019-04-30,S2203,reference,5.3,1,20484
elcentro,2019-05-01,S2203,reference,6.88,1,20484
elcentro,2019-05-02,S2203,reference,9.05,1,20484
elcentro,2019-05-03,S2203,reference,9.64,1,20484
elcentro,2019-05-04,S2203,reference,9.42,1,20484
elcentro,2019-05-05,S2203,reference,6.43,1,20484
elcentro,2019-05-06,S2203,reference,5.0,1,20484
elcentro,2019-05-07,S2203,reference,12.4,1,20484
elcentro,2019-05-08,S2203,reference,12.0,1,20484
elcentro,2019-05-11,S2203,reference,8.0,1,20484
elcentro,2019-05-14,S2203,reference,11.8,1,20484
elcentro,2019-05-15,S2203,reference,10.3,1,20484
elcentro,2019-05-16,S2203,reference,10.9,1,20484
elcentro,2019-05-16,S6898,reference,5.8,1,19850
elcentro,2019-05-17,S2203,reference,7.26,1,20484
elcentro,2019-05-17,S6898,reference,4.56,2,19837; 19850
elcentro,2019-05-18,S2203,reference,9.3,1,20484
elcentro,2019-05-18,S6898,reference,5.95,1,19837
elcentro,2019-05-19,S2203,reference,10.8,1,20484
elcentro,2019-05-20,S2203,reference,5.5,1,20484
elcentro,2019-05-20,S6898,reference,3.57,2,19837; 19850
elcentro,2019-05-21,S2203,reference,13.4,1,20484
elcentro,2019-05-21,S6898,reference,3.47,2,19837; 19850
elcentro,2019-05-22,S2203,reference,6.32,1,20484
elcentro,2019-05-22,S6898,reference,2.94,2,19837; 19850
elcentro,2019-05-23,S2203,reference,5.95,1,20484
elcentro,2019-05-23,S6898,reference,3.07,2,19837; 19850
elcentro,2019-05-24,S2203,reference,6.92,1,20484
elcentro,2019-05-24,S6898,reference,4.33,2,19837; 19850
elcentro,2019-05-25,S2203,reference,9.17,1,20484
elcentro,2019-05-25,S6898,reference,5.62,2,19837; 19850
elcentro,2019-05-26,S2203,reference,9.33,1,20484
elcentro,2019-05-26,S6898,reference,3.58,2,19837; 19850
elcentro,2019-05-27,S2203,reference,6.71,1,20484
elcentro,2019-05-27,S6898,reference,2.94,2,19837; 19850
elcentro,2019-05-28,S2203,reference,7.78,1,20484
elcentro,2019-05-30,S2203,reference,12.5,1,20484
elcentro,2019-05-31,S2203,reference,9.88,1,20484
elcentro,2019-06-01,S2203,reference,12.0,1,20484
elcentro,2019-06-02,S2203,reference,10.5,1,20484
elcentro,2019-06-03,S2203,reference,13.0,1,20484
elcentro,2019-06-04,S2203,reference,11.3,1,20484
elcentro,2019-06-07,S2203,reference,13.2,1,20484
elcentro,2019-06-08,S2203,reference,12.0,1,20484
elcentro,2019-06-09,S2203,reference,13.9,1,20484
elcentro,2019-06-10,S2203,reference,8.04,1,20484
elcentro,2019-06-11,S2203,reference,8.5,1,20484
elcentro,2019-06-13,S2203,reference,11.8,1,20484
elcentro,2019-06-14,S2203,reference,16.1,1,20484
elcentro,2019-06-15,S2203,reference,17.2,1,20484
elcentro,2019-06-16,S2203,reference,15.5,1,20484
elcentro,2019-06-17,S2203,reference,14.0,1,20484
elcentro,2019-06-21,S2203,reference,17.0,1,20484
elcentro,2019-06-22,S2203,reference,10.4,1,20484
elcentro,2019-06-23,S2203,reference,12.3,1,20484
elcentro,2019-06-24,S2203,reference,19.0,1,20484
elcentro,2019-06-25,S2203,reference,13.5,1,20484
elcentro,2019-06-26,S2203,reference,15.3,1,20484
elcentro,2019-06-27,S2203,reference,13.7,1,20484
elcentro,2019-06-28,S2203,reference,15.9,1,20484
elcentro,2019-06-29,S2203,reference,10.8,1,20484
elcentro,2019-06-30,S2203,reference,8.65,1,20484
elcentro,2019-07-01,S2203,reference,8.0,1,20484
elcentro,2019-07-02,S2203,reference,15.2,1,20484
elcentro,2019-07-03,S2203,reference,15.0,1,20484
elcentro,2019-07-04,S2203,reference,14.1,1,20484
elcentro,2019-07-05,S2203,reference,15.5,1,20484
elcentro,2019-07-07,S2203,reference,15.3,1,20484
elcentro,2019-07-08,S2203,reference,13.8,1,20484
elcentro,2019-07-09,S2203,reference,10.8,1,20484
elcentro,2019-07-10,S2203,reference,11.3,1,20484
elcentro,2019-07-11,S2203,reference,11.1,1,20484
elcentro,2019-07-13,S2203,reference,20.0,1,20484
elcentro,2019-07-14,S2203,reference,14.7,1,20484
elcentro,2019-07-15,S2203,reference,9.42,1,20484
elcentro,2019-07-16,S2203,reference,7.25,1,20484
elcentro,2019-07-17,S2203,reference,13.5,1,20484
elcentro,2019-07-18,S2203,reference,10.5,1,20484
elcentro,2019-07-19,S2203,reference,7.08,1,20484
elcentro,2019-07-20,S2203,reference,10.3,1,20484
elcentro,2019-07-21,S2203,reference,11.5,1,20484
elcentro,2019-07-22,S2203,reference,13.0,1,20484
elcentro,2019-07-23,S2203,reference,10.0,1,20484
elcentro,2019-07-24,S2203,reference,12.7,1,20484
elcentro,2019-07-25,S2203,reference,11.1,1,20484
elcentro,2019-07-26,S2203,reference,11.0,1,20484
elcentro,2019-07-27,S2203,reference,11.6,1,20484
elcentro,2019-07-28,S2203,reference,11.6,1,20484
elcentro,2019-07-29,S2203,reference,14.5,1,20484
elcentro,2019-07-30,S2203,reference,12.8,1,20484
elcentro,2019-07-31,S2203,reference,11.3,1,20484
elcentro,2019-08-01,S2203,reference,10.5,1,20484
elcentro,2019-08-02,S2203,reference,7.04,1,20484
elcentro,2019-08-03,S2203,reference,10.9,1,20484
elcentro,2019-08-04,S2203,reference,11.3,1,20484
elcentro,2019-08-05,S2203,reference,12.1,1,20484
elcentro,2019-08-06,S2203,reference,13.3,1,20484
elcentro,2019-08-07,S2203,reference,12.9,1,20484
elcentro,2019-08-08,S2203,reference,10.6,1,20484
elcentro,2019-08-09,S2203,reference,13.0,1,20484
elcentro,2019-08-10,S2203,reference,10.2,1,20484
elcentro,2019-08-12,S2203,reference,9.48,1,20484
elcentro,2019-08-13,S2203,reference,11.4,1,20484
elcentro,2019-08-14,S2203,reference,8.92,1,20484
elcentro,2019-08-15,S2203,reference,9.08,1,20484
elcentro,2019-08-16,S2203,reference,9.71,1,20484
elcentro,2019-08-17,S2203,reference,9.79,1,20484
elcentro,2019-08-18,S2203,reference,7.5,1,20484
elcentro,2019-08-19,S2203,reference,8.05,1,20484
elcentro,2019-08-20,S2203,reference,5.75,1,20484
elcentro,2019-08-21,S2203,reference,10.2,1,20484
elcentro,2019-08-22,S2203,reference,14.8,1,20484
elcentro,2019-08-23,S2203,reference,13.0,1,20484
elcentro,2019-08-24,S2203,reference,9.21,1,20484
elcentro,2019-08-25,S2203,reference,7.0,1,20484
elcentro,2019-08-26,S2203,reference,8.52,1,20484
elcentro,2019-08-27,S2203,reference,13.6,1,20484
elcentro,2019-08-28,S2203,reference,10.4,1,20484
elcentro,2019-08-29,S2203,reference,11.9,1,20484
elcentro,2019-08-30,S2203,reference,10.1,1,20484
elcentro,2019-08-31,S2203,reference,10.8,1,20484
elcentro,2019-09-01,S2203,reference,11.2,1,20484
elcentro,2019-09-02,S2203,reference,12.4,1,20484
elcentro,2019-09-03,S2203,reference,10.3,1,20484
elcentro,2019-09-04,S2203,reference,11.5,1,20484
elcentro,2019-09-05,S2203,reference,13.0,1,20484
elcentro,2019-09-06,S2203,reference,9.75,1,20484
elcentro,2019-09-07,S2203,reference,7.42,1,20484
elcentro,2019-09-08,S2203,reference,5.58,1,20484
elcentro,2019-09-09,S2203,reference,15.1,1,20484
elcentro,2019-09-11,S2203,reference,9.22,1,20484
elcentro,2019-09-14,S2203,reference,12.5,1,20484
elcentro,2019-09-15,S2203,reference,9.92,1,20484
elcentro,2019-09-16,S2203,reference,8.29,1,20484
elcentro,2019-09-17,S2203,reference,8.08,1,20484
elcentro,2019-09-18,S2203,reference,6.42,1,20484
elcentro,2019-09-19,S2203,reference,7.21,1,20484
elcentro,2019-09-20,S2203,reference,7.67,1,20484
elcentro,2019-09-21,S2203,reference,8.96,1,20484
elcentro,2019-09-22,S2203,reference,8.71,1,20484
elcentro,2019-09-23,S2203,reference,10.5,1,20484
elcentro,2019-09-24,S2203,reference,12.4,1,20484
elcentro,2019-09-25,S2203,reference,10.1,1,20484
elcentro,2019-09-26,S2203,reference,5.83,1,20484
elcentro,2019-09-27,S2203,reference,8.79,1,20484
elcentro,2019-09-28,S2203,reference,8.54,1,20484
elcentro,2019-09-29,S2203,reference,7.96,1,20484
elcentro,2019-09-30,S2203,reference,7.13,1,20484
elcentro,2019-10-01,S2203,reference,7.75,1,20484
elcentro,2019-10-02,S2203,reference,8.54,1,20484
elcentro,2019-10-03,S2203,reference,9.63,1,20484
elcentro,2019-10-04,S2203,reference,12.3,1,20484
elcentro,2019-10-05,S2203,reference,8.0,1,20484
elcentro,2019-10-06,S2203,reference,7.08,1,20484
elcentro,2019-10-07,S2203,reference,7.83,1,20484
elcentro,2019-10-08,S2203,reference,8.77,1,20484
elcentro,2019-10-11,S2203,reference,6.0,1,20484
elcentro,2019-10-12,S2203,reference,7.29,1,20484
elcentro,2019-10-13,S2203,reference,10.8,1,20484
elcentro,2019-10-14,S2203,reference,11.7,1,20484
elcentro,2019-10-15,S2203,reference,10.8,1,20484
elcentro,2019-10-16,S2203,reference,8.92,1,20484
elcentro,2019-10-17,S2203,reference,8.96,1,20484
elcentro,2019-10-18,S2203,reference,9.83,1,20484
elcentro,2019-10-19,S2203,reference,10.5,1,20484
elcentro,2019-10-20,S2203,reference,9.63,1,20484
elcentro,2019-10-21,S2203,reference,7.5,1,20484
elcentro,2019-10-22,S2203,reference,5.59,1,20484
elcentro,2019-10-23,S2203,reference,7.29,1,20484
elcentro,2019-10-24,S2203,reference,13.6,1,20484
elcentro,2019-10-25,S2203,reference,7.14,1,20484
elcentro,2019-10-26,S2203,reference,13.0,1,20484
elcentro,2019-10-27,S2203,reference,14.4,1,20484
elcentro,2019-10-28,S2203,reference,11.1,1,20484
elcentro,2019-10-29,S2203,reference,19.3,1,20484
elcentro,2019-10-30,S2203,reference,20.0,1,20484
elcentro,2022-07-15,S2203,reference,12.5,1,20484
elcentro,2022-07-16,S2203,reference,10.8,1,20484
elcentro,2022-07-17,S2203,reference,12.4,1,20484
elcentro,2022-07-18,S2203,reference,9.83,1,20484
elcentro,2022-07-19,S2203,reference,13.1,1,20484
elcentro,2022-07-20,S2203,reference,10.4,1,20484
elcentro,2022-07-21,S2203,reference,9.19,1,20484
elcentro,2022-07-22,S2203,reference,13.4,1,20484
elcentro,2022-07-23,S2203,reference,12.6,1,20484
elcentro,2022-07-24,S2203,reference,11.6,1,20484
elcentro,2022-07-25,S2203,reference,9.88,1,20484
elcentro,2022-07-27,S2203,reference,10.9,1,20484
elcentro,2022-07-28,S2203,reference,10.0,1,20484
elcentro,2022-07-29,S2203,reference,8.85,1,20484
elcentro,2022-07-30,S2203,reference,10.3,1,20484
elcentro,2022-07-31,S2203,reference,8.12,1,20484
elcentro,2022-08-01,S2203,reference,8.63,1,20484
elcentro,2022-08-02,S2203,reference,8.15,1,20484
elcentro,2022-08-03,S2203,reference,8.23,1,20484
elcentro,2022-08-04,S2203,reference,12.2,1,20484
elcentro,2022-08-05,S2203,reference,10.8,1,20484
elcentro,2022-08-06,S2203,reference,6.02,1,20484
elcentro,2022-08-07,S2203,reference,12.4,1,20484
elcentro,2022-08-08,S2203,reference,8.67,1,20484
elcentro,2022-08-09,S2203,reference,9.26,1,20484
elcentro,2022-08-10,S2203,reference,12.1,1,20484
elcentro,2022-08-11,S2203,reference,17.8,1,20484
elcentro,2022-08-12,S2203,reference,10.2,1,20484
elcentro,2022-08-13,S2203,reference,11.5,1,20484
elcentro,2022-08-14,S2203,reference,9.9,1,20484
elcentro,2022-08-15,S2203,reference,20.5,1,20484
elcentro,2022-08-16,S2203,reference,11.2,1,20484
elcentro,2022-08-17,S2203,reference,9.0,1,20484
elcentro,2022-08-18,S2203,reference,11.5,1,20484
elcentro,2022-08-19,S2203,reference,13.3,1,20484
elcentro,2022-08-20,S2203,reference,11.5,1,20484
elcentro,2022-08-21,S2203,reference,7.68,1,20484
elcentro,2022-08-22,S2203,reference,16.2,1,20484
elcentro,2022-08-23,S2203,reference,8.29,1,20484
elcentro,2022-08-24,S2203,reference,7.54,1,20484
elcentro,2022-08-26,S2203,reference,9.0,1,20484
elcentro,2022-08-27,S2203,reference,7.63,1,20484
elcentro,2022-08-28,S2203,reference,8.66,1,20484
elcentro,2022-08-29,S2203,reference,9.52,1,20484
elcentro,2022-08-30,S2203,reference,7.8,1,20484
elcentro,2022-08-31,S2203,reference,10.1,1,20484
elcentro,2022-09-01,S2203,reference,9.36,1,20484
elcentro,2022-09-02,S2203,reference,6.6,1,20484
elcentro,2022-09-03,S2203,reference,5.58,1,20484
elcentro,2022-09-04,S2203,reference,5.07,1,20484
elcentro,2022-09-05,S2203,reference,8.0,1,20484
elcentro,2022-09-06,S2203,reference,10.5,1,20484
elcentro,2022-09-07,S2203,reference,8.48,1,20484
elcentro,2022-09-08,S2203,reference,7.47,1,20484
elcentro,2022-09-09,S2203,reference,5.73,1,20484
elcentro,2022-09-10,S2203,reference,8.06,1,20484
elcentro,2022-09-11,S2203,reference,5.92,1,20484
elcentro,2022-09-12,S2203,reference,5.33,1,20484
elcentro,2022-09-13,S2203,reference,7.66,1,20484
elcentro,2022-09-14,S2203,reference,9.43,1,20484
elcentro,2022-09-15,S2203,reference,7.03,1,20484
elcentro,2022-09-16,S2203,reference,9.33,1,20484
elcentro,2022-09-17,S2203,reference,8.28,1,20484
elcentro,2022-09-18,S2203,reference,6.76,1,20484
elcentro,2022-09-19,S2203,reference,8.73,1,20484
elcentro,2022-09-20,S2203,reference,7.51,1,20484
elcentro,2022-09-21,S2203,reference,6.0,1,20484
elcentro,2022-09-22,S2203,reference,6.74,1,20484
elcentro,2022-09-23,S2203,reference,6.9,1,20484
elcentro,2022-09-25,S2203,reference,4.89,1,20484
elcentro,2022-09-26,S2203,reference,5.74,1,20484
elcentro,2022-09-27,S2203,reference,7.43,1,20484
elcentro,2022-09-28,S2203,reference,9.54,1,20484
elcentro,2022-09-29,S2203,reference,7.99,1,20484
elcentro,2022-09-30,S2203,reference,9.34,1,20484
elcentro,2022-10-01,S2203,reference,8.01,1,20484
elcentro,2022-10-02,S2203,reference,6.57,1,20484
elcentro,2022-10-03,S2203,reference,8.07,1,20484
elcentro,2022-10-04,S2203,reference,12.8,1,20484
elcentro,2022-10-05,S2203,reference,10.5,1,20484
elcentro,2022-10-06,S2203,reference,12.2,1,20484
elcentro,2022-10-07,S2203,reference,16.2,1,20484
elcentro,2022-10-08,S2203,reference,12.8,1,20484
elcentro,2022-10-09,S2203,reference,6.59,1,20484
elcentro,2022-10-10,S2203,reference,8.64,1,20484
elcentro,2022-10-11,S2203,reference,10.0,1,20484
elcentro,2022-10-12,S2203,reference,9.57,1,20484
elcentro,2022-10-13,S2203,reference,7.79,1,20484
elcentro,2022-10-14,S2203,reference,6.33,1,20484
elcentro,2022-10-18,S2203,reference,3.51,1,20484
elcentro,2022-10-19,S2203,reference,5.33,1,20484
elcentro,2022-10-20,S2203,reference,4.08,1,20484
elcentro,2022-10-21,S2203,reference,7.17,1,20484
elcentro,2022-10-22,S2203,reference,22.8,1,20484
elcentro,2022-10-23,S2203,reference,4.81,1,20484
elcentro,2022-10-25,S2203,reference,5.12,1,20484
elcentro,2022-10-26,S2203,reference,14.1,1,20484
elcentro,2022-10-27,S2203,reference,7.57,1,20484
elcentro,2022-10-28,S2203,reference,4.39,1,20484
elcentro,2022-10-29,S2203,reference,4.1,1,20484
elcentro,2022-10-30,S2203,reference,3.21,1,20484
elcentro,2022-10-31,S2203,reference,8.37,1,20484
elcentro,2022-11-01,S2203,reference,15.0,1,20484
elcentro,2022-11-02,S2203,reference,7.06,1,20484
elcentro,2022-11-03,S2203,reference,3.04,1,20484
elcentro,2022-11-04,S2203,reference,5.52,1,20484
elcentro,2022-11-05,S2203,reference,9.74,1,20484
elcentro,2022-11-06,S2203,reference,13.2,1,20484
elcentro,2022-11-07,S2203,reference,10.7,1,20484
elcentro,2022-11-08,S2203,reference,3.99,1,20484
elcentro,2022-11-09,S2203,reference,2.22,1,20484
elcentro,2022-11-10,S2203,reference,2.88,1,20484
elcentro,2022-11-11,S2203,reference,1.58,1,20484
elcentro,2022-11-12,S2203,reference,1.85,1,20484
elcentro,2022-11-13,S2203,reference,1.13,1,20484
elcentro,2022-11-14,S2203,reference,3.46,1,20484
elcentro,2022-11-15,S2203,reference,2.93,1,20484
elcentro,2022-11-16,S2203,reference,4.88,1,20484
elcentro,2022-11-17,S2203,reference,4.03,1,20484
elcentro,2022-11-18,S2203,reference,5.44,1,20484
elcentro,2022-11-19,S2203,reference,3.74,1,20484
elcentro,2022-11-20,S2203,reference,5.48,1,20484
elcentro,2022-11-21,S2203,reference,4.11,1,20484
elcentro,2022-11-24,S2203,reference,6.2,1,20484
elcentro,2022-11-25,S2203,reference,7.85,1,20484
elcentro,2022-11-26,S2203,reference,10.4,1,20484
elcentro,2022-11-27,S2203,reference,15.0,1,20484
elcentro,2022-11-28,S2203,reference,23.9,1,20484
elcentro,2022-11-29,S2203,reference,8.22,1,20484
elcentro,2022-11-30,S2203,reference,9.45,1,20484
elcentro,2022-12-01,S2203,reference,6.11,1,20484
elcentro,2022-12-02,S2203,reference,9.36,1,20484
elcentro,2022-12-03,S2203,reference,11.0,1,20484
elcentro,2022-12-04,S2203,reference,17.8,1,20484
elcentro,2022-12-05,S2203,reference,12.8,1,20484
elcentro,2022-12-06,S2203,reference,3.27,1,20484
elcentro,2022-12-07,S2203,reference,2.69,1,20484
elcentro,2022-12-08,S2203,reference,4.9,1,20484
elcentro,2022-12-09,S2203,reference,7.48,1,20484
elcentro,2022-12-10,S2203,reference,17.5,1,20484
elcentro,2022-12-11,S2203,reference,23.0,1,20484
elcentro,2022-12-12,S2203,reference,3.21,1,20484
elcentro,2022-12-13,S2203,reference,5.11,1,20484
elcentro,2022-12-14,S2203,reference,5.01,1,20484
elcentro,2022-12-15,S2203,reference,5.22,1,20484
elcentro,2022-12-16,S2203,reference,4.96,1,20484
elcentro,2022-12-17,S2203,reference,5.83,1,20484
elcentro,2022-12-18,S2203,reference,8.61,1,20484
elcentro,2022-12-19,S2203,reference,7.16,1,20484
elcentro,2022-12-20,S2203,reference,5.77,1,20484
elcentro,2022-12-21,S2203,reference,7.58,1,20484
elcentro,2022-12-28,S2203,reference,8.15,1,20484
elcentro,2022-12-29,S2203,reference,9.91,1,20484
elcentro,2022-12-30,S2203,reference,14.9,1,20484
elcentro,2022-12-31,S2203,reference,14.0,1,20484
elcentro,2023-01-01,S2203,reference,8.06,1,20484
elcentro,2023-01-02,S2203,reference,4.09,1,20484
elcentro,2023-01-03,S2203,reference,6.94,1,20484
elcentro,2023-01-04,S2203,reference,8.14,1,20484
elcentro,2023-01-05,S2203,reference,9.66,1,20484
elcentro,2023-01-06,S2203,reference,4.37,1,20484
elcentro,2023-01-07,S2203,reference,4.64,1,20484
elcentro,2023-01-18,S2203,reference,3.95,1,20484
elcentro,2023-01-19,S2203,reference,5.71,1,20484
elcentro,2023-01-20,S2203,reference,4.39,1,20484
elcentro,2023-01-23,S2203,reference,5.64,1,20484
elcentro,2023-01-24,S2203,reference,3.36,1,20484
elcentro,2023-01-25,S2203,reference,2.03,1,20484
elcentro,2023-01-26,S2203,reference,3.69,1,20484
elcentro,2023-01-27,S2203,reference,8.93,1,20484
elcentro,2023-01-28,S2203,reference,17.6,1,20484
elcentro,2023-01-29,S2203,reference,9.58,1,20484
elcentro,2023-01-30,S2203,reference,9.05,1,20484
elcentro,2023-01-31,S2203,reference,3.09,1,20484
elcentro,2023-02-14,S2203,reference,9.16,1,20484
elcentro,2023-06-15,S2203,reference,6.92,1,20484
elcentro,2023-06-16,S2203,reference,8.03,1,20484
elcentro,2023-06-17,S2203,reference,10.8,1,20484
elcentro,2023-06-18,S2203,reference,8.88,1,20484
elcentro,2023-06-19,S2203,reference,6.4,1,20484
elcentro,2023-06-20,S2203,reference,3.9,1,20484
elcentro,2023-06-21,S2203,reference,8.33,1,20484
elcentro,2023-06-22,S2203,reference,15.8,1,20484
elcentro,2023-06-23,S2203,reference,8.52,1,20484
elcentro,2023-06-24,S2203,reference,7.83,1,20484
elcentro,2023-06-25,S2203,reference,5.38,1,20484
elcentro,2023-06-26,S2203,reference,6.93,1,20484
elcentro,2023-06-27,S2203,reference,6.22,1,20484
elcentro,2023-06-28,S2203,reference,9.74,1,20484
elcentro,2023-06-29,S2203,reference,6.9,1,20484
elcentro,2023-06-30,S2203,reference,14.6,1,20484
elcentro,2023-07-01,S2203,reference,16.3,1,20484
elcentro,2023-07-02,S2203,reference,14.3,1,20484
elcentro,2023-07-03,S2203,reference,13.1,1,20484
elcentro,2023-07-04,S2203,reference,11.3,1,20484
elcentro,2023-07-05,S2203,reference,26.2,1,20484
elcentro,2023-07-06,S2203,reference,10.0,1,20484
elcentro,2023-07-07,S2203,reference,9.03,1,20484
elcentro,2023-07-08,S2203,reference,13.5,1,20484
elcentro,2023-07-09,S2203,reference,18.5,1,20484
elcentro,2023-07-10,S2203,reference,17.7,1,20484
elcentro,2023-07-11,S2203,reference,14.4,1,20484
elcentro,2023-07-12,S2203,reference,5.99,1,20484
elcentro,2023-07-13,S2203,reference,5.86,1,20484
elcentro,2023-07-15,S2203,reference,13.7,1,20484
elcentro,2023-07-16,S2203,reference,14.0,1,20484
elcentro,2023-07-17,S2203,reference,11.5,1,20484
elcentro,2023-07-18,S2203,reference,7.7,1,20484
elcentro,2023-07-19,S2203,reference,9.4,1,20484
elcentro,2023-07-20,S2203,reference,12.4,1,20484
elcentro,2023-07-21,S2203,reference,18.0,1,20484
elcentro,2023-07-22,S2203,reference,14.6,1,20484
elcentro,2023-07-23,S2203,reference,42.3,1,20484
elcentro,2023-07-24,S2203,reference,12.9,1,20484
elcentro,2023-07-25,S2203,reference,10.6,1,20484
elcentro,2023-07-26,S2203,reference,12.1,1,20484
elcentro,2023-07-27,S2203,reference,13.2,1,20484
elcentro,2023-07-28,S2203,reference,13.6,1,20484
elcentro,2023-07-29,S2203,reference,11.9,1,20484
elcentro,2023-07-30,S2203,reference,13.0,1,20484
elcentro,2023-07-31,S2203,reference,17.8,1,20484
elcentro,2023-08-01,S2203,reference,12.9,1,20484
elcentro,2023-08-02,S2203,reference,7.36,1,20484
elcentro,2023-08-03,S2203,reference,5.82,1,20484
elcentro,2023-08-04,S2203,reference,5.61,1,20484
elcentro,2023-08-05,S2203,reference,13.0,1,20484
elcentro,2023-08-06,S2203,reference,11.9,1,20484
elcentro,2023-08-07,S2203,reference,16.8,1,20484
elcentro,2023-08-08,S2203,reference,9.14,1,20484
elcentro,2023-08-09,S2203,reference,7.11,1,20484
elcentro,2023-08-10,S2203,reference,7.35,1,20484
elcentro,2023-08-11,S2203,reference,3.63,1,20484
elcentro,2023-08-12,S2203,reference,5.99,1,20484
elcentro,2023-08-13,S2203,reference,8.16,1,20484
elcentro,2023-08-14,S2203,reference,8.29,1,20484
elcentro,2023-08-15,S2203,reference,6.52,1,20484
elcentro,2023-08-16,S2203,reference,7.32,1,20484
elcentro,2023-08-17,S2203,reference,9.18,1,20484
elcentro,2023-08-18,S2203,reference,13.2,1,20484
elcentro,2023-08-19,S2203,reference,7.48,1,20484
elcentro,2023-08-20,S2203,reference,5.83,1,20484
elcentro,2023-08-21,S2203,reference,5.77,1,20484
elcentro,2023-08-22,S2203,reference,4.99,1,20484
elcentro,2023-08-23,S2203,reference,4.68,1,20484
elcentro,2023-08-24,S2203,reference,8.4,1,20484
elcentro,2023-08-25,S2203,reference,7.14,1,20484
elcentro,2023-08-26,S2203,reference,6.72,1,20484
elcentro,2023-08-27,S2203,reference,4.01,1,20484
elcentro,2023-08-28,S2203,reference,5.83,1,20484
elcentro,2023-08-29,S2203,reference,8.76,1,20484
elcentro,2023-08-30,S2203,reference,14.0,1,20484
elcentro,2023-08-31,S2203,reference,12.0,1,20484
elcentro,2023-09-01,S2203,reference,19.5,1,20484
elcentro,2023-09-02,S2203,reference,7.63,1,20484
elcentro,2023-09-03,S2203,reference,7.63,1,20484
elcentro,2023-09-04,S2203,reference,6.48,1,20484
elcentro,2023-09-05,S2203,reference,9.16,1,20484
elcentro,2023-09-06,S2203,reference,8.83,1,20484
elcentro,2023-09-07,S2203,reference,10.4,1,20484
elcentro,2023-09-08,S2203,reference,8.86,1,20484
elcentro,2023-09-09,S2203,reference,8.86,1,20484
elcentro,2023-09-10,S2203,reference,11.6,1,20484
elcentro,2023-09-11,S2203,reference,7.39,1,20484
elcentro,2023-09-12,S2203,reference,6.64,1,20484
elcentro,2023-09-13,S2203,reference,6.98,1,20484
elcentro,2023-09-14,S2203,reference,6.65,1,20484
elcentro,2023-09-15,S2203,reference,10.6,1,20484
elcentro,2023-09-16,S2203,reference,12.1,1,20484
elcentro,2023-09-17,S2203,reference,8.13,1,20484
elcentro,2023-09-18,S2203,reference,11.8,1,20484
elcentro,2023-09-19,S2203,reference,11.0,1,20484
elcentro,2023-09-20,S2203,reference,9.37,1,20484
elcentro,2023-09-21,S2203,reference,11.7,1,20484
elcentro,2023-09-22,S2203,reference,11.9,1,20484
elcentro,2023-09-23,S2203,reference,6.83,1,20484
elcentro,2023-09-24,S2203,reference,5.78,1,20484
elcentro,2023-09-25,S2203,reference,6.7,1,20484
elcentro,2023-09-26,S2203,reference,7.69,1,20484
elcentro,2023-09-27,S2203,reference,9.16,1,20484
elcentro,2023-09-28,S2203,reference,15.8,1,20484
elcentro,2023-09-29,S2203,reference,11.3,1,20484
elcentro,2023-09-30,S2203,reference,14.5,1,20484
elcentro,2023-10-01,S2203,reference,4.53,1,20484
elcentro,2023-10-02,S2203,reference,5.28,1,20484
elcentro,2023-10-03,S2203,reference,3.96,1,20484
elcentro,2023-10-04,S2203,reference,4.2,1,20484
elcentro,2023-10-05,S2203,reference,5.69,1,20484
elcentro,2023-10-06,S2203,reference,4.96,1,20484
elcentro,2023-10-07,S2203,reference,5.61,1,20484
elcentro,2023-10-08,S2203,reference,8.1,1,20484
elcentro,2023-10-09,S2203,reference,8.67,1,20484
elcentro,2023-10-10,S2203,reference,8.82,1,20484
elcentro,2023-10-11,S2203,reference,9.07,1,20484
elcentro,2023-10-12,S2203,reference,7.08,1,20484
elcentro,2023-10-13,S2203,reference,7.23,1,20484
elcentro,2023-10-14,S2203,reference,4.23,1,20484
elcentro,2023-10-15,S2203,reference,4.91,1,20484
elcentro,2023-10-16,S2203,reference,6.84,1,20484
elcentro,2023-10-17,S2203,reference,8.11,1,20484
elcentro,2023-10-18,S2203,reference,9.67,1,20484
elcentro,2023-10-19,S2203,reference,9.91,1,20484
elcentro,2023-10-20,S2203,reference,7.38,1,20484
elcentro,2023-10-21,S2203,reference,7.68,1,20484
elcentro,2023-10-22,S2203,reference,12.6,1,20484
elcentro,2023-10-23,S2203,reference,9.62,1,20484
elcentro,2023-10-24,S2203,reference,13.1,1,20484
elcentro,2023-10-25,S2203,reference,10.9,1,20484
elcentro,2023-10-26,S2203,reference,7.4,1,20484
elcentro,2023-10-27,S2203,reference,10.3,1,20484
elcentro,2023-10-28,S2203,reference,7.46,1,20484
elcentro,2023-10-29,S2203,reference,11.1,1,20484
elcentro,2023-10-30,S2203,reference,8.41,1,20484
elcentro,2023-10-31,S2203,reference,4.58,1,20484
elcentro,2023-11-01,S2203,reference,4.13,1,20484
elcentro,2023-11-02,S2203,reference,6.08,1,20484
elcentro,2023-11-03,S2203,reference,7.41,1,20484
elcentro,2023-11-04,S2203,reference,8.19,1,20484
elcentro,2023-11-05,S2203,reference,8.16,1,20484
elcentro,2023-11-06,S2203,reference,16.4,1,20484
elcentro,2023-11-07,S2203,reference,7.05,1,20484
elcentro,2023-11-08,S2203,reference,4.66,1,20484
elcentro,2023-11-09,S2203,reference,4.17,1,20484
elcentro,2023-11-10,S2203,reference,4.81,1,20484
elcentro,2023-11-11,S2203,reference,5.9,1,20484
elcentro,2023-11-12,S2203,reference,7.55,1,20484
elcentro,2023-11-13,S2203,reference,7.29,1,20484
elcentro,2023-11-14,S2203,reference,7.75,1,20484
elcentro,2023-11-15,S2203,reference,8.81,1,20484
elcentro,2023-11-16,S2203,reference,9.92,1,20484
elcentro,2023-11-17,S2203,reference,8.32,1,20484
elcentro,2023-11-18,S2203,reference,7.42,1,20484
elcentro,2023-11-19,S2203,reference,3.65,1,20484
elcentro,2023-11-20,S2203,reference,8.07,1,20484
elcentro,2023-11-21,S2203,reference,3.63,1,20484
elcentro,2023-11-22,S2203,reference,3.39,1,20484
elcentro,2023-11-23,S2203,reference,8.53,1,20484
elcentro,2023-11-24,S2203,reference,3.6,1,20484
elcentro,2023-11-25,S2203,reference,4.23,1,20484
elcentro,2023-11-26,S2203,reference,2.42,1,20484
elcentro,2023-11-27,S2203,reference,2.96,1,20484
elcentro,2023-11-28,S2203,reference,4.43,1,20484
elcentro,2023-11-29,S2203,reference,2.73,1,20484
elcentro,2023-11-30,S2203,reference,4.64,1,20484
elcentro,2023-12-01,S2203,reference,4.02,1,20484
elcentro,2023-12-02,S2203,reference,11.9,1,20484
elcentro,2023-12-03,S2203,reference,8.06,1,20484
elcentro,2023-12-04,S2203,reference,6.66,1,20484
elcentro,2023-12-05,S2203,reference,3.25,1,20484
elcentro,2023-12-06,S2203,reference,6.18,1,20484
elcentro,2023-12-07,S2203,reference,11.9,1,20484
elcentro,2023-12-08,S2203,reference,8.19,1,20484
elcentro,2023-12-09,S2203,reference,7.32,1,20484
elcentro,2023-12-10,S2203,reference,4.08,1,20484
elcentro,2023-12-11,S2203,reference,5.47,1,20484
elcentro,2023-12-12,S2203,reference,4.49,1,20484
elcentro,2023-12-13,S2203,reference,5.68,1,20484
elcentro,2023-12-14,S2203,reference,5.2,1,20484
elcentro,2023-12-15,S2203,reference,4.02,1,20484
elcentro,2023-12-16,S2203,reference,8.36,1,20484
elcentro,2023-12-17,S2203,reference,6.18,1,20484
elcentro,2023-12-18,S2203,reference,6.4,1,20484
elcentro,2023-12-19,S2203,reference,12.6,1,20484
elcentro,2023-12-20,S2203,reference,18.8,1,20484
elcentro,2023-12-21,S2203,reference,16.4,1,20484
elcentro,2023-12-22,S2203,reference,5.59,1,20484
elcentro,2023-12-23,S2203,reference,9.95,1,20484
elcentro,2023-12-24,S2203,reference,19.2,1,20484
elcentro,2023-12-25,S2203,reference,12.1,1,20484
elcentro,2023-12-26,S2203,reference,7.87,1,20484
elcentro,2023-12-27,S2203,reference,8.82,1,20484
elcentro,2023-12-28,S2203,reference,8.1,1,20484
elcentro,2023-12-29,S2203,reference,7.83,1,20484
elcentro,2023-12-30,S2203,reference,3.84,1,20484
elcentro,2023-12-31,S2203,reference,10.3,1,20484
elcentro,2024-01-01,S2203,reference,9.62,1,20484
elcentro,2024-01-02,S2203,reference,6.67,1,20484
elcentro,2024-01-03,S2203,reference,14.0,1,20484
elcentro,2024-01-04,S2203,reference,2.97,1,20484
elcentro,2024-01-05,S2203,reference,6.04,1,20484
elcentro,2024-01-06,S2203,reference,4.57,1,20484
elcentro,2024-01-07,S2203,reference,4.18,1,20484
elcentro,2024-01-08,S2203,reference,3.69,1,20484
elcentro,2024-01-09,S2203,reference,8.73,1,20484
elcentro,2024-01-10,S2203,reference,15.7,1,20484
elcentro,2024-01-11,S2203,reference,9.85,1,20484
elcentro,2024-01-12,S2203,reference,23.6,1,20484
elcentro,2024-01-13,S2203,reference,10.7,1,20484
elcentro,2024-01-17,S2203,reference,22.0,1,20484
elcentro,2024-01-18,S2203,reference,13.8,1,20484
elcentro,2024-01-19,S2203,reference,7.78,1,20484
elcentro,2024-01-20,S2203,reference,12.7,1,20484
elcentro,2024-01-21,S2203,reference,19.3,1,20484
elcentro,2024-01-22,S2203,reference,6.38,1,20484
elcentro,2024-01-23,S2203,reference,5.74,1,20484
elcentro,2024-01-24,S2203,reference,8.1,1,20484
elcentro,2024-01-25,S2203,reference,12.8,1,20484
elcentro,2024-01-26,S2203,reference,3.33,1,20484
elcentro,2024-01-27,S2203,reference,3.13,1,20484
elcentro,2024-01-28,S2203,reference,2.67,1,20484
elcentro,2024-01-29,S2203,reference,3.03,1,20484
elcentro,2024-01-30,S2203,reference,5.27,1,20484
elcentro,2024-02-02,S2203,reference,2.41,1,20484
elcentro,2024-02-03,S2203,reference,3.6,1,20484
elcentro,2024-02-04,S2203,reference,5.63,1,20484
elcentro,2024-02-05,S2203,reference,7.76,1,20484
elcentro,2024-02-06,S2203,reference,4.13,1,20484
elcentro,2024-02-07,S2203,reference,3.21,1,20484
elcentro,2024-02-08,S2203,reference,3.24,1,20484
elcentro,2024-02-09,S2203,reference,2.88,1,20484
elcentro,2024-02-10,S2203,reference,2.71,1,20484
elcentro,2024-02-11,S2203,reference,4.29,1,20484
elcentro,2024-02-12,S2203,reference,4.7,1,20484
elcentro,2024-02-14,S2203,reference,14.9,1,20484
elcentro,2024-02-15,S2203,reference,8.69,1,20484
elcentro,2024-02-16,S2203,reference,6.1,1,20484
elcentro,2024-02-17,S2203,reference,6.31,1,20484
elcentro,2024-02-18,S2203,reference,6.76,1,20484
elcentro,2024-02-19,S2203,reference,7.51,1,20484
elcentro,2024-02-20,S2203,reference,6.44,1,20484
elcentro,2024-02-21,S2203,reference,2.38,1,20484
elcentro,2024-02-22,S2203,reference,3.38,1,20484
elcentro,2024-02-23,S2203,reference,2.51,1,20484
elcentro,2024-02-24,S2203,reference,4.63,1,20484
elcentro,2024-02-25,S2203,reference,4.54,1,20484
elcentro,2024-02-26,S2203,reference,11.3,1,20484
elcentro,2024-02-27,S2203,reference,3.42,1,20484
elcentro,2024-02-28,S2203,reference,5.16,1,20484
elcentro,2024-02-29,S2203,reference,7.87,1,20484
elcentro,2024-03-01,S2203,reference,6.98,1,20484
elcentro,2024-03-02,S2203,reference,3.85,1,20484
elcentro,2024-03-03,S2203,reference,2.55,1,20484
elcentro,2024-03-04,S2203,reference,3.61,1,20484
elcentro,2024-03-05,S2203,reference,5.17,1,20484
elcentro,2024-03-06,S2203,reference,2.98,1,20484
elcentro,2024-03-07,S2203,reference,2.81,1,20484
elcentro,2024-03-08,S2203,reference,3.32,1,20484
elcentro,2024-03-12,S2203,reference,3.65,1,20484
elcentro,2024-03-13,S2203,reference,4.65,1,20484
elcentro,2024-03-14,S2203,reference,5.11,1,20484
elcentro,2024-03-15,S2203,reference,2.45,1,20484
elcentro,2024-03-16,S2203,reference,3.34,1,20484
elcentro,2024-03-17,S2203,reference,4.64,1,20484
elcentro,2024-03-23,S2203,reference,4.7,1,20484
elcentro,2024-03-24,S2203,reference,4.15,1,20484
elcentro,2024-03-25,S2203,reference,4.0,1,20484
elcentro,2024-03-26,S2203,reference,4.67,1,20484
elcentro,2024-03-27,S2203,reference,8.55,1,20484
elcentro,2024-03-28,S2203,reference,10.9,1,20484
elcentro,2024-03-29,S2203,reference,4.78,1,20484
elcentro,2024-03-30,S2203,reference,3.85,1,20484
elcentro,2024-03-31,S2203,reference,3.8,1,20484
elcentro,2024-04-01,S2203,reference,2.75,1,20484
elcentro,2024-04-02,S2203,reference,4.39,1,20484
elcentro,2024-04-03,S2203,reference,3.79,1,20484
elcentro,2024-04-04,S2203,reference,6.09,1,20484
elcentro,2024-04-05,S2203,reference,3.82,1,20484
elcentro,2024-04-06,S2203,reference,3.78,1,20484
elcentro,2024-04-07,S2203,reference,4.0,1,20484
elcentro,2024-04-08,S2203,reference,4.01,1,20484
elcentro,2024-04-09,S2203,reference,3.29,1,20484
elcentro,2024-04-10,S2203,reference,4.25,1,20484
elcentro,2024-04-11,S2203,reference,5.33,1,20484
elcentro,2024-04-12,S2203,reference,8.11,1,20484
elcentro,2024-04-13,S2203,reference,5.97,1,20484
elcentro,2024-04-14,S2203,reference,3.06,1,20484
elcentro,2024-04-15,S2203,reference,3.8,1,20484
elcentro,2024-04-16,S2203,reference,3.55,1,20484
elcentro,2024-04-17,S2203,reference,5.94,1,20484
elcentro,2024-04-18,S2203,reference,8.86,1,20484
elcentro,2024-04-19,S2203,reference,11.5,1,20484
elcentro,2024-04-20,S2203,reference,9.29,1,20484
elcentro,2024-04-21,S2203,reference,12.0,1,20484
elcentro,2024-04-22,S2203,reference,10.5,1,20484
elcentro,2024-04-23,S2203,reference,7.52,1,20484
elcentro,2024-04-24,S2203,reference,7.66,1,20484
elcentro,2024-04-25,S2203,reference,4.62,1,20484
elcentro,2024-04-26,S2203,reference,12.5,1,20484
elcentro,2024-04-27,S2203,reference,4.96,1,20484
elcentro,2024-04-28,S2203,reference,7.42,1,20484
elcentro,2024-04-29,S2203,reference,9.65,1,20484
elcentro,2024-04-30,S2203,reference,8.67,1,20484
elcentro,2024-05-01,S2203,reference,11.4,1,20484
elcentro,2024-05-02,S2203,reference,11.3,1,20484
elcentro,2024-05-03,S2203,reference,10.5,1,20484
elcentro,2024-05-04,S2203,reference,9.43,1,20484
elcentro,2024-05-05,S2203,reference,7.58,1,20484
elcentro,2024-05-06,S2203,reference,5.58,1,20484
elcentro,2024-05-07,S2203,reference,8.8,1,20484
elcentro,2024-05-08,S2203,reference,7.83,1,20484
elcentro,2024-05-09,S2203,reference,9.1,1,20484
elcentro,2024-05-10,S2203,reference,7.23,1,20484
elcentro,2024-05-11,S2203,reference,7.88,1,20484
elcentro,2024-05-12,S2203,reference,8.28,1,20484
elcentro,2024-05-13,S2203,reference,6.19,1,20484
elcentro,2024-05-14,S2203,reference,6.35,1,20484
elcentro,2024-05-15,S2203,reference,7.98,1,20484
elcentro,2024-05-16,S2203,reference,10.8,1,20484
elcentro,2024-05-17,S2203,reference,12.0,1,20484
elcentro,2024-05-18,S2203,reference,6.22,1,20484
elcentro,2024-05-19,S2203,reference,5.02,1,20484
elcentro,2024-05-20,S2203,reference,6.82,1,20484
elcentro,2024-05-21,S2203,reference,8.68,1,20484
elcentro,2024-05-22,S2203,reference,11.4,1,20484
elcentro,2024-05-23,S2203,reference,10.6,1,20484
elcentro,2024-05-24,S2203,reference,9.5,1,20484
elcentro,2024-05-25,S2203,reference,5.45,1,20484
elcentro,2024-05-26,S2203,reference,7.57,1,20484
elcentro,2024-05-27,S2203,reference,10.2,1,20484
elcentro,2024-05-28,S2203,reference,7.78,1,20484
elcentro,2024-05-29,S2203,reference,8.78,1,20484
elcentro,2024-05-30,S2203,reference,10.8,1,20484
elcentro,2024-05-31,S2203,reference,11.1,1,20484
elcentro,2024-06-01,S2203,reference,10.9,1,20484
elcentro,2024-06-02,S2203,reference,8.72,1,20484
elcentro,2024-06-03,S2203,reference,7.85,1,20484
elcentro,2024-06-04,S2203,reference,9.89,1,20484
elcentro,2024-06-05,S2203,reference,10.1,1,20484
elcentro,2024-06-06,S2203,reference,13.5,1,20484
elcentro,2024-06-07,S2203,reference,16.1,1,20484
elcentro,2024-06-08,S2203,reference,9.76,1,20484
elcentro,2024-06-09,S2203,reference,8.78,1,20484
elcentro,2024-06-10,S2203,reference,8.39,1,20484
elcentro,2024-06-11,S2203,reference,8.27,1,20484
elcentro,2024-06-12,S2203,reference,9.18,1,20484
elcentro,2024-06-13,S2203,reference,6.87,1,20484
elcentro,2024-06-14,S2203,reference,8.45,1,20484
elcentro,2024-06-15,S2203,reference,14.6,1,20484
elcentro,2024-06-16,S2203,reference,9.6,1,20484
elcentro,2024-06-17,S2203,reference,18.1,1,20484
elcentro,2024-06-18,S2203,reference,18.1,1,20484
elcentro,2024-06-19,S2203,reference,15.6,1,20484
elcentro,2024-06-20,S2203,reference,9.08,1,20484
elcentro,2024-06-21,S2203,reference,10.3,1,20484
elcentro,2024-06-22,S2203,reference,14.3,1,20484
elcentro,2024-06-23,S2203,reference,10.0,1,20484
elcentro,2024-06-24,S2203,reference,11.7,1,20484
elcentro,2024-06-25,S2203,reference,13.0,1,20484
elcentro,2024-06-26,S2203,reference,14.4,1,20484
elcentro,2024-06-27,S2203,reference,11.4,1,20484
elcentro,2024-06-28,S2203,reference,10.2,1,20484
elcentro,2024-06-29,S2203,reference,10.4,1,20484
elcentro,2024-06-30,S2203,reference,10.7,1,20484
elcentro,2024-07-01,S2203,reference,10.8,1,20484
elcentro,2024-07-02,S2203,reference,13.4,1,20484
elcentro,2024-07-03,S2203,reference,15.7,1,20484
elcentro,2024-07-04,S2203,reference,19.0,1,20484
elcentro,2024-07-05,S2203,reference,15.7,1,20484
elcentro,2024-07-06,S2203,reference,13.5,1,20484
elcentro,2024-07-07,S2203,reference,12.9,1,20484
elcentro,2024-07-08,S2203,reference,15.2,1,20484
elcentro,2024-07-09,S2203,reference,12.7,1,20484
elcentro,2024-07-10,S2203,reference,14.6,1,20484
elcentro,2024-07-11,S2203,reference,13.0,1,20484
elcentro,2024-07-12,S2203,reference,16.7,1,20484
elcentro,2024-07-13,S2203,reference,11.7,1,20484
elcentro,2024-07-14,S2203,reference,12.9,1,20484
elcentro,2024-07-15,S2203,reference,10.8,1,20484
elcentro,2024-07-16,S2203,reference,9.85,1,20484
elcentro,2024-07-17,S2203,reference,15.6,1,20484
elcentro,2024-07-18,S2203,reference,12.5,1,20484
elcentro,2024-07-19,S2203,reference,11.8,1,20484
elcentro,2024-07-20,S2203,reference,10.1,1,20484
elcentro,2024-07-21,S2203,reference,11.6,1,20484
elcentro,2024-07-22,S2203,reference,11.9,1,20484
elcentro,2024-07-23,S2203,reference,13.0,1,20484
elcentro,2024-07-24,S2203,reference,12.8,1,20484
elcentro,2024-07-25,S2203,reference,13.0,1,20484
elcentro,2024-07-26,S2203,reference,9.64,1,20484
elcentro,2024-07-27,S2203,reference,7.77,1,20484
elcentro,2024-07-28,S2203,reference,5.38,1,20484
elcentro,2024-07-29,S2203,reference,10.9,1,20484
elcentro,2024-07-30,S2203,reference,5.6,1,20484
elcentro,2024-07-31,S2203,reference,3.9,1,20484
elcentro,2024-08-01,S2203,reference,6.15,1,20484
elcentro,2024-08-02,S2203,reference,9.06,1,20484
elcentro,2024-08-03,S2203,reference,5.33,1,20484
elcentro,2024-08-04,S2203,reference,6.39,1,20484
elcentro,2024-08-05,S2203,reference,8.25,1,20484
elcentro,2024-08-06,S2203,reference,13.7,1,20484
elcentro,2024-08-07,S2203,reference,8.51,1,20484
elcentro,2024-08-08,S2203,reference,6.56,1,20484
elcentro,2024-08-09,S2203,reference,6.65,1,20484
elcentro,2024-08-10,S2203,reference,7.37,1,20484
elcentro,2024-08-11,S2203,reference,7.19,1,20484
elcentro,2024-08-12,S2203,reference,11.5,1,20484
elcentro,2024-08-13,S2203,reference,6.65,1,20484
elcentro,2024-08-14,S2203,reference,5.66,1,20484
elcentro,2024-08-15,S2203,reference,7.69,1,20484
elcentro,2024-08-16,S2203,reference,9.13,1,20484
elcentro,2024-08-17,S2203,reference,6.07,1,20484
elcentro,2024-08-18,S2203,reference,8.84,1,20484
elcentro,2024-08-19,S2203,reference,9.28,1,20484
elcentro,2024-08-20,S2203,reference,14.1,1,20484
elcentro,2024-08-21,S2203,reference,7.28,1,20484
elcentro,2024-08-22,S2203,reference,4.71,1,20484
elcentro,2024-08-23,S2203,reference,6.87,1,20484
elcentro,2024-08-24,S2203,reference,7.79,1,20484
elcentro,2024-08-25,S2203,reference,4.43,1,20484
elcentro,2024-08-26,S2203,reference,4.96,1,20484
elcentro,2024-08-27,S2203,reference,5.34,1,20484
elcentro,2024-08-28,S2203,reference,8.29,1,20484
elcentro,2024-08-29,S2203,reference,4.2,1,20484
elcentro,2024-08-30,S2203,reference,7.79,1,20484
elcentro,2024-08-31,S2203,reference,6.55,1,20484
elcentro,2024-09-01,S2203,reference,4.48,1,20484
elcentro,2024-09-02,S2203,reference,10.0,1,20484
elcentro,2024-09-03,S2203,reference,10.4,1,20484
elcentro,2024-09-04,S2203,reference,5.1,1,20484
elcentro,2024-09-05,S2203,reference,4.83,1,20484
elcentro,2024-09-06,S2203,reference,21.8,1,20484
elcentro,2024-09-07,S2203,reference,6.77,1,20484
elcentro,2024-09-08,S2203,reference,10.8,1,20484
elcentro,2024-09-09,S2203,reference,4.7,1,20484
elcentro,2024-09-10,S2203,reference,12.7,1,20484
elcentro,2024-09-11,S2203,reference,4.16,1,20484
elcentro,2024-09-12,S2203,reference,6.85,1,20484
elcentro,2024-09-13,S2203,reference,9.44,1,20484
elcentro,2024-09-14,S2203,reference,15.2,1,20484
elcentro,2024-09-15,S2203,reference,9.91,1,20484
elcentro,2024-09-16,S2203,reference,13.7,1,20484
elcentro,2024-09-17,S2203,reference,1.94,1,20484
elcentro,2024-09-18,S2203,reference,6.51,1,20484
elcentro,2024-09-19,S2203,reference,4.75,1,20484
elcentro,2024-09-20,S2203,reference,4.1,1,20484
elcentro,2024-09-21,S2203,reference,4.9,1,20484
elcentro,2024-09-22,S2203,reference,7.56,1,20484
elcentro,2024-09-23,S2203,reference,3.46,1,20484
elcentro,2024-09-24,S2203,reference,4.07,1,20484
elcentro,2024-09-25,S2203,reference,4.75,1,20484
elcentro,2024-09-26,S2203,reference,9.51,1,20484
elcentro,2024-09-27,S2203,reference,6.18,1,20484
elcentro,2024-09-28,S2203,reference,4.73,1,20484
elcentro,2024-09-29,S2203,reference,3.55,1,20484
elcentro,2024-09-30,S2203,reference,12.3,1,20484
elcentro,2024-10-01,S2203,reference,6.67,1,20484
elcentro,2024-10-02,S2203,reference,11.2,1,20484
elcentro,2024-10-03,S2203,reference,17.7,1,20484
elcentro,2024-10-04,S2203,reference,11.5,1,20484
elcentro,2024-10-05,S2203,reference,6.63,1,20484
elcentro,2024-10-06,S2203,reference,3.32,1,20484
elcentro,2024-10-07,S2203,reference,5.72,1,20484
elcentro,2024-10-08,S2203,reference,6.47,1,20484
elcentro,2024-10-09,S2203,reference,10.0,1,20484
elcentro,2024-10-10,S2203,reference,5.34,1,20484
elcentro,2024-10-11,S2203,reference,12.0,1,20484
elcentro,2024-10-12,S2203,reference,4.7,1,20484
elcentro,2024-10-13,S2203,reference,4.67,1,20484
elcentro,2024-10-14,S2203,reference,3.88,1,20484
elcentro,2024-10-15,S2203,reference,11.6,1,20484
elcentro,2024-10-16,S2203,reference,8.36,1,20484
elcentro,2024-10-17,S2203,reference,5.04,1,20484
elcentro,2024-10-18,S2203,reference,14.6,1,20484
elcentro,2024-10-19,S2203,reference,9.41,1,20484
elcentro,2024-10-20,S2203,reference,6.93,1,20484
elcentro,2024-10-21,S2203,reference,4.06,1,20484
elcentro,2024-10-22,S2203,reference,2.18,1,20484
elcentro,2024-10-23,S2203,reference,5.11,1,20484
elcentro,2024-10-24,S2203,reference,13.1,1,20484
elcentro,2024-10-25,S2203,reference,7.23,1,20484
elcentro,2024-10-26,S2203,reference,5.32,1,20484
elcentro,2024-10-27,S2203,reference,5.45,1,20484
elcentro,2024-10-28,S2203,reference,12.1,1,20484
elcentro,2024-10-29,S2203,reference,2.86,1,20484
elcentro,2024-10-30,S2203,reference,2.41,1,20484
elcentro,2024-10-31,S2203,reference,4.37,1,20484
elcentro,2024-11-01,S2203,reference,6.4,1,20484
elcentro,2024-11-02,S2203,reference,10.4,1,20484
elcentro,2024-11-03,S2203,reference,0.8,1,20484
elcentro,2024-11-04,S2203,reference,2.36,1,20484
elcentro,2024-11-05,S2203,reference,8.18,1,20484
elcentro,2024-11-06,S2203,reference,5.71,1,20484
elcentro,2024-11-07,S2203,reference,2.04,1,20484
elcentro,2024-11-08,S2203,reference,10.6,1,20484
elcentro,2024-11-09,S2203,reference,12.2,1,20484
elcentro,2024-11-10,S2203,reference,7.9,1,20484
elcentro,2024-11-11,S2203,reference,10.5,1,20484
elcentro,2024-11-12,S2203,reference,3.07,1,20484
elcentro,2024-11-13,S2203,reference,3.21,1,20484
elcentro,2024-11-14,S2203,reference,9.06,1,20484
elcentro,2024-11-15,S2203,reference,11.2,1,20484
elcentro,2024-11-16,S2203,reference,0.289,1,20484
elcentro,2024-11-18,S2203,reference,9.64,1,20484
elcentro,2024-11-19,S2203,reference,5.44,1,20484
elcentro,2024-11-20,S2203,reference,5.29,1,20484
elcentro,2024-11-21,S2203,reference,4.57,1,20484
elcentro,2024-11-22,S2203,reference,5.74,1,20484
elcentro,2024-11-23,S2203,reference,15.9,1,20484
elcentro,2024-11-24,S2203,reference,2.38,1,20484
elcentro,2024-11-25,S2203,reference,6.89,1,20484
elcentro,2024-11-26,S2203,reference,19.9,1,20484
elcentro,2024-11-27,S2203,reference,4.08,1,20484
elcentro,2024-11-28,S2203,reference,8.69,1,20484
elcentro,2024-11-29,S2203,reference,9.83,1,20484
elcentro,2024-11-30,S2203,reference,9.38,1,20484
elcentro,2024-12-01,S2203,reference,6.76,1,20484
elcentro,2024-12-02,S2203,reference,4.74,1,20484
elcentro,2024-12-03,S2203,reference,5.93,1,20484
elcentro,2024-12-04,S2203,reference,4.73,1,20484
elcentro,2024-12-05,S2203,reference,4.35,1,20484
elcentro,2024-12-06,S2203,reference,3.23,1,20484
elcentro,2024-12-07,S2203,reference,8.87,1,20484
elcentro,2024-12-08,S2203,reference,9.64,1,20484
elcentro,2024-12-09,S2203,reference,8.77,1,20484
elcentro,2024-12-10,S2203,reference,5.51,1,20484
elcentro,2024-12-11,S2203,reference,2.56,1,20484
elcentro,2024-12-12,S2203,reference,7.07,1,20484
elcentro,2024-12-13,S2203,reference,4.51,1,20484
elcentro,2024-12-14,S2203,reference,5.73,1,20484
elcentro,2024-12-16,S2203,reference,5.55,1,20484
elcentro,2024-12-17,S2203,reference,7.27,1,20484
elcentro,2024-12-18,S2203,reference,3.69,1,20484
elcentro,2024-12-19,S2203,reference,6.28,1,20484
elcentro,2024-12-20,S2203,reference,7.38,1,20484
elcentro,2024-12-21,S2203,reference,11.4,1,20484
elcentro,2024-12-22,S2203,reference,6.69,1,20484
elcentro,2024-12-23,S2203,reference,5.8,1,20484
elcentro,2024-12-24,S2203,reference,9.05,1,20484
elcentro,2024-12-25,S2203,reference,5.39,1,20484
elcentro,2024-12-26,S2203,reference,10.9,1,20484
elcentro,2024-12-27,S2203,reference,16.8,1,20484
elcentro,2024-12-28,S2203,reference,10.9,1,20484
elcentro,2024-12-29,S2203,reference,6.24,1,20484
elcentro,2024-12-30,S2203,reference,8.65,1,20484
elcentro,2024-12-31,S2203,reference,17.6,1,20484
elcentro,2025-01-01,S2203,reference,11.0,1,20484
elcentro,2025-01-02,S2203,reference,4.98,1,20484
elcentro,2025-01-03,S2203,reference,5.41,1,20484
elcentro,2025-01-04,S2203,reference,9.08,1,20484
elcentro,2025-01-05,S2203,reference,4.96,1,20484
elcentro,2025-01-06,S2203,reference,4.35,1,20484
elcentro,2025-01-07,S2203,reference,4.78,1,20484
elcentro,2025-01-08,S2203,reference,11.0,1,20484
elcentro,2025-01-09,S2203,reference,1.33,1,20484
elcentro,2025-01-10,S2203,reference,6.58,1,20484
elcentro,2025-01-11,S2203,reference,7.95,1,20484
elcentro,2025-01-12,S2203,reference,0.94,1,20484
elcentro,2025-01-13,S2203,reference,1.63,1,20484
elcentro,2025-01-14,S2203,reference,4.58,1,20484
elcentro,2025-01-15,S2203,reference,4.89,1,20484
elcentro,2025-01-16,S2203,reference,3.38,1,20484
elcentro,2025-01-17,S2203,reference,8.96,1,20484
elcentro,2025-01-18,S2203,reference,9.57,1,20484
elcentro,2025-01-21,S2203,reference,4.16,1,20484
elcentro,2025-01-22,S2203,reference,2.33,1,20484
elcentro,2025-01-23,S2203,reference,3.38,1,20484
elcentro,2025-01-24,S2203,reference,6.75,1,20484
elcentro,2025-01-25,S2203,reference,17.4,1,20484
elcentro,2025-01-26,S2203,reference,14.5,1,20484
elcentro,2025-01-27,S2203,reference,2.4,1,20484
elcentro,2025-01-28,S2203,reference,3.33,1,20484
elcentro,2025-01-29,S2203,reference,2.42,1,20484
elcentro,2025-01-30,S2203,reference,7.28,1,20484
elcentro,2025-01-31,S2203,reference,6.27,1,20484
elcentro,2025-02-01,S2203,reference,7.43,1,20484
elcentro,2025-02-02,S2203,reference,8.52,1,20484
elcentro,2025-02-03,S2203,reference,10.7,1,20484
elcentro,2025-02-04,S2203,reference,7.64,1,20484
elcentro,2025-02-05,S2203,reference,4.58,1,20484
elcentro,2025-02-06,S2203,reference,3.45,1,20484
elcentro,2025-02-07,S2203,reference,2.58,1,20484
elcentro,2025-02-08,S2203,reference,4.75,1,20484
elcentro,2025-02-09,S2203,reference,4.41,1,20484
elcentro,2025-02-10,S2203,reference,6.08,1,20484
elcentro,2025-02-11,S2203,reference,5.06,1,20484
elcentro,2025-02-12,S2203,reference,6.99,1,20484
elcentro,2025-02-13,S2203,reference,4.14,1,20484
elcentro,2025-02-14,S2203,reference,3.28,1,20484
elcentro,2025-02-15,S2203,reference,1.54,1,20484
elcentro,2025-02-16,S2203,reference,3.4,1,20484
elcentro,2025-02-17,S2203,reference,5.43,1,20484
elcentro,2025-02-18,S2203,reference,3.52,1,20484
elcentro,2025-02-19,S2203,reference,4.65,1,20484
elcentro,2025-02-20,S2203,reference,11.8,1,20484
elcentro,2025-02-21,S2203,reference,2.83,1,20484
elcentro,2025-02-22,S2203,reference,4.58,1,20484
elcentro,2025-02-23,S2203,reference,5.27,1,20484
elcentro,2025-02-24,S2203,reference,5.25,1,20484
elcentro,2025-02-25,S2203,reference,5.3,1,20484
elcentro,2025-02-26,S2203,reference,3.86,1,20484
elcentro,2025-02-27,S2203,reference,2.45,1,20484
elcentro,2025-02-28,S2203,reference,6.91,1,20484
elcentro,2025-03-01,S2203,reference,10.3,1,20484
elcentro,2025-03-02,S2203,reference,5.74,1,20484
elcentro,2025-03-04,S2203,reference,6.13,1,20484
elcentro,2025-03-05,S2203,reference,6.77,1,20484
elcentro,2025-03-06,S2203,reference,2.02,1,20484
elcentro,2025-03-07,S2203,reference,0.933,1,20484
elcentro,2025-03-08,S2203,reference,2.32,1,20484
elcentro,2025-03-09,S2203,reference,1.15,1,20484
elcentro,2025-03-10,S2203,reference,2.18,1,20484
elcentro,2025-03-11,S2203,reference,3.27,1,20484
elcentro,2025-03-12,S2203,reference,4.25,1,20484
elcentro,2025-03-13,S2203,reference,2.58,1,20484
elcentro,2025-03-14,S2203,reference,1.1,1,20484
elcentro,2025-03-15,S2203,reference,7.63,1,20484
elcentro,2025-03-16,S2203,reference,4.67,1,20484
elcentro,2025-03-17,S2203,reference,4.64,1,20484
elcentro,2025-03-18,S2203,reference,4.11,1,20484
elcentro,2025-03-19,S2203,reference,1.31,1,20484
elcentro,2025-03-20,S2203,reference,1.44,1,20484
elcentro,2025-03-21,S2203,reference,3.59,1,20484
elcentro,2025-03-22,S2203,reference,6.04,1,20484
elcentro,2025-03-23,S2203,reference,4.42,1,20484
elcentro,2025-03-24,S2203,reference,1.95,1,20484
elcentro,2025-03-25,S2203,reference,2.56,1,20484
elcentro,2025-03-26,S2203,reference,2.22,1,20484
elcentro,2025-03-27,S2203,reference,4.06,1,20484
elcentro,2025-03-28,S2203,reference,3.93,1,20484
elcentro,2025-03-29,S2203,reference,3.31,1,20484
elcentro,2025-03-30,S2203,reference,2.97,1,20484
elcentro,2025-03-31,S2203,reference,3.55,1,20484
elcentro,2025-04-01,S2203,reference,3.52,1,20484
elcentro,2025-04-02,S2203,reference,1.6,1,20484
elcentro,2025-04-03,S2203,reference,1.76,1,20484
elcentro,2025-04-04,S2203,reference,1.95,1,20484
elcentro,2025-04-05,S2203,reference,1.5,1,20484
elcentro,2025-04-06,S2203,reference,2.47,1,20484
elcentro,2025-04-07,S2203,reference,3.62,1,20484
elcentro,2025-04-08,S2203,reference,8.78,1,20484
elcentro,2025-04-09,S2203,reference,10.2,1,20484
elcentro,2025-04-10,S2203,reference,10.8,1,20484
elcentro,2025-04-11,S2203,reference,5.2,1,20484
elcentro,2025-04-12,S2203,reference,5.8,1,20484
elcentro,2025-04-13,S2203,reference,2.43,1,20484
elcentro,2025-04-14,S2203,reference,8.59,1,20484
elcentro,2025-04-15,S2203,reference,4.77,1,20484
elcentro,2025-04-16,S2203,reference,6.27,1,20484
elcentro,2025-04-17,S2203,reference,0.882,1,20484
elcentro,2025-04-18,S2203,reference,3.16,1,20484
elcentro,2025-04-19,S2203,reference,2.66,1,20484
elcentro,2025-04-20,S2203,reference,3.31,1,20484
elcentro,2025-04-21,S2203,reference,3.9,1,20484
elcentro,2025-04-22,S2203,reference,5.24,1,20484
elcentro,2025-04-23,S2203,reference,4.66,1,20484
elcentro,2025-04-24,S2203,reference,4.79,1,20484
elcentro,2025-04-25,S2203,reference,9.0,1,20484
elcentro,2025-04-26,S2203,reference,1.79,1,20484
elcentro,2025-04-27,S2203,reference,0.5,1,20484
elcentro,2025-04-28,S2203,reference,2.63,1,20484
elcentro,2025-04-29,S2203,reference,1.22,1,20484
elcentro,2025-05-02,S2203,reference,5.52,1,20484
elcentro,2025-05-03,S2203,reference,5.87,1,20484
elcentro,2025-05-04,S2203,reference,3.0,1,20484
elcentro,2025-05-05,S2203,reference,1.47,1,20484
elcentro,2025-05-06,S2203,reference,3.96,1,20484
elcentro,2025-05-07,S2203,reference,1.63,1,20484
elcentro,2025-05-08,S2203,reference,1.13,1,20484
elcentro,2025-05-09,S2203,reference,2.25,1,20484
elcentro,2025-05-10,S2203,reference,3.55,1,20484
elcentro,2025-05-11,S2203,reference,5.25,1,20484
elcentro,2025-05-12,S2203,reference,9.53,1,20484
elcentro,2025-05-13,S2203,reference,15.1,1,20484
elcentro,2025-05-14,S2203,reference,6.19,1,20484
elcentro,2025-05-15,S2203,reference,5.2,1,20484
elcentro,2025-05-16,S2203,reference,6.25,1,20484
elcentro,2025-05-17,S2203,reference,19.5,1,20484
elcentro,2025-05-18,S2203,reference,7.97,1,20484
elcentro,2025-05-19,S2203,reference,6.46,1,20484
elcentro,2025-05-20,S2203,reference,6.8,1,20484
elcentro,2025-05-21,S2203,reference,6.03,1,20484
elcentro,2025-05-22,S2203,reference,10.2,1,20484
elcentro,2025-05-23,S2203,reference,10.5,1,20484
elcentro,2025-05-24,S2203,reference,5.43,1,20484
elcentro,2025-05-25,S2203,reference,5.86,1,20484
elcentro,2025-05-26,S2203,reference,7.58,1,20484
elcentro,2025-05-27,S2203,reference,5.69,1,20484
elcentro,2025-05-28,S2203,reference,11.3,1,20484
elcentro,2025-05-29,S2203,reference,5.95,1,20484
elcentro,2025-05-30,S2203,reference,7.52,1,20484
elcentro,2025-05-31,S2203,reference,11.7,1,20484
elcentro,2025-06-01,S2203,reference,6.42,1,20484
elcentro,2025-06-04,S2203,reference,5.29,1,20484
elcentro,2025-06-05,S2203,reference,4.87,1,20484
elcentro,2025-06-06,S2203,reference,4.81,1,20484
elcentro,2025-06-07,S2203,reference,7.08,1,20484
elcentro,2025-06-08,S2203,reference,8.36,1,20484
elcentro,2025-06-09,S2203,reference,8.59,1,20484
elcentro,2025-06-10,S2203,reference,9.61,1,20484
elcentro,2025-06-11,S2203,reference,8.13,1,20484
elcentro,2025-06-12,S2203,reference,7.02,1,20484
elcentro,2025-06-13,S2203,reference,7.77,1,20484
elcentro,2025-06-14,S2203,reference,8.91,1,20484
elcentro,2025-06-15,S2203,reference,6.34,1,20484
elcentro,2025-06-16,S2203,reference,12.0,1,20484
elcentro,2025-06-17,S2203,reference,12.8,1,20484
elcentro,2025-06-18,S2203,reference,16.1,1,20484
elcentro,2025-06-19,S2203,reference,15.9,1,20484
elcentro,2025-06-20,S2203,reference,10.7,1,20484
elcentro,2025-06-21,S2203,reference,9.69,1,20484
elcentro,2025-06-22,S2203,reference,11.1,1,20484
elcentro,2025-06-23,S2203,reference,14.2,1,20484
elcentro,2025-06-24,S2203,reference,7.1,1,20484
elcentro,2025-06-25,S2203,reference,14.4,1,20484
elcentro,2025-06-26,S2203,reference,7.64,1,20484
elcentro,2025-06-27,S2203,reference,6.6,1,20484
elcentro,2025-06-28,S2203,reference,6.41,1,20484
elcentro,2025-06-29,S2203,reference,2.41,1,20484
elcentro,2025-06-30,S2203,reference,3.91,1,20484
elcentro,2025-07-01,S2203,reference,4.64,1,20484
elcentro,2025-07-02,S2203,reference,7.18,1,20484
elcentro,2025-07-03,S2203,reference,8.46,1,20484
elcentro,2025-07-04,S2203,reference,11.6,1,20484
elcentro,2025-07-05,S2203,reference,10.2,1,20484
elcentro,2025-07-06,S2203,reference,5.15,1,20484
elcentro,2025-07-07,S2203,reference,9.92,1,20484
elcentro,2025-07-08,S2203,reference,8.37,1,20484
elcentro,2025-07-09,S2203,reference,5.1,1,20484
elcentro,2025-07-10,S2203,reference,11.2,1,20484
elcentro,2025-07-11,S2203,reference,8.26,1,20484
elcentro,2025-07-12,S2203,reference,6.05,1,20484
elcentro,2025-07-13,S2203,reference,5.57,1,20484
elcentro,2025-07-14,S2203,reference,5.29,1,20484
elcentro,2025-07-15,S2203,reference,7.43,1,20484
elcentro,2025-07-16,S2203,reference,4.58,1,20484
elcentro,2025-07-17,S2203,reference,4.89,1,20484
elcentro,2025-07-18,S2203,reference,3.86,1,20484
elcentro,2025-07-19,S2203,reference,6.47,1,20484
elcentro,2025-07-20,S2203,reference,6.22,1,20484
elcentro,2025-07-21,S2203,reference,5.68,1,20484
elcentro,2025-07-22,S2203,reference,2.85,1,20484
elcentro,2025-07-23,S2203,reference,3.17,1,20484
elcentro,2025-07-24,S2203,reference,2.75,1,20484
elcentro,2025-07-25,S2203,reference,6.56,1,20484
elcentro,2025-07-26,S2203,reference,1.68,1,20484
elcentro,2025-07-27,S2203,reference,2.48,1,20484
elcentro,2025-07-28,S2203,reference,1.8,1,20484
elcentro,2025-07-29,S2203,reference,2.04,1,20484
elcentro,2025-07-31,S2203,reference,1.64,1,20484
elcentro,2025-08-01,S2203,reference,4.42,1,20484
elcentro,2025-08-02,S2203,reference,4.43,1,20484
elcentro,2025-08-03,S2203,reference,14.7,1,20484
elcentro,2025-08-04,S2203,reference,22.3,1,20484
elcentro,2025-08-05,S2203,reference,28.2,1,20484
elcentro,2025-08-06,S2203,reference,10.6,1,20484
elcentro,2025-08-07,S2203,reference,14.1,1,20484
elcentro,2025-08-08,S2203,reference,16.4,1,20484
elcentro,2025-08-09,S2203,reference,13.2,1,20484
elcentro,2025-08-10,S2203,reference,18.6,1,20484
elcentro,2025-08-11,S2203,reference,12.5,1,20484
elcentro,2025-08-12,S2203,reference,15.3,1,20484
elcentro,2025-08-13,S2203,reference,14.6,1,20484
elcentro,2025-08-14,S2203,reference,9.27,1,20484
elcentro,2025-08-15,S2203,reference,13.7,1,20484
elcentro,2025-08-16,S2203,reference,7.5,1,20484
elcentro,2025-08-17,S2203,reference,5.8,1,20484
elcentro,2025-08-18,S2203,reference,5.69,1,20484
elcentro,2025-08-19,S2203,reference,7.0,1,20484
elcentro,2025-08-20,S2203,reference,7.0,1,20484
elcentro,2025-08-22,S2203,reference,12.0,1,20484
elcentro,2025-08-23,S2203,reference,11.0,1,20484
elcentro,2025-08-24,S2203,reference,14.1,1,20484
elcentro,2025-08-25,S2203,reference,11.3,1,20484
elcentro,2025-08-26,S2203,reference,12.4,1,20484
elcentro,2025-08-27,S2203,reference,11.2,1,20484
elcentro,2025-08-28,S2203,reference,11.3,1,20484
elcentro,2025-08-29,S2203,reference,3.99,1,20484
elcentro,2025-08-30,S2203,reference,5.4,1,20484
elcentro,2025-08-31,S2203,reference,4.33,1,20484
elcentro,2025-09-01,S2203,reference,8.85,1,20484
elcentro,2025-09-02,S2203,reference,6.25,1,20484
elcentro,2025-09-03,S2203,reference,6.11,1,20484
elcentro,2025-09-04,S2203,reference,11.9,1,20484
elcentro,2025-09-05,S2203,reference,6.17,1,20484
elcentro,2025-09-06,S2203,reference,4.14,1,20484
elcentro,2025-09-07,S2203,reference,4.79,1,20484
elcentro,2025-09-08,S2203,reference,4.79,1,20484
elcentro,2025-09-09,S2203,reference,4.35,1,20484
elcentro,2025-09-10,S2203,reference,7.52,1,20484
elcentro,2025-09-11,S2203,reference,8.06,1,20484
elcentro,2025-09-12,S2203,reference,3.1,1,20484
elcentro,2025-09-13,S2203,reference,5.18,1,20484
elcentro,2025-09-14,S2203,reference,8.78,1,20484
elcentro,2025-09-15,S2203,reference,7.46,1,20484
elcentro,2025-09-16,S2203,reference,10.6,1,20484
elcentro,2025-09-17,S2203,reference,6.7,1,20484
elcentro,2025-09-20,S2203,reference,3.59,1,20484
elcentro,2025-09-21,S2203,reference,4.08,1,20484
elcentro,2025-09-22,S2203,reference,5.23,1,20484
elcentro,2025-09-23,S2203,reference,4.64,1,20484
elcentro,2025-09-24,S2203,reference,5.82,1,20484
elcentro,2025-09-25,S2203,reference,5.14,1,20484
elcentro,2025-09-26,S2203,reference,4.23,1,20484
elcentro,2025-09-27,S2203,reference,3.4,1,20484
elcentro,2025-09-28,S2203,reference,4.3,1,20484
elcentro,2025-09-29,S2203,reference,7.3,1,20484
elcentro,2025-09-30,S2203,reference,5.64,1,20484
elcentro,2025-10-01,S2203,reference,5.21,1,20484
elcentro,2025-10-02,S2203,reference,5.99,1,20484
elcentro,2025-10-03,S2203,reference,6.07,1,20484
elcentro,2025-10-04,S2203,reference,4.01,1,20484
elcentro,2025-10-05,S2203,reference,4.11,1,20484
elcentro,2025-10-06,S2203,reference,4.3,1,20484
elcentro,2025-10-07,S2203,reference,4.72,1,20484
elcentro,2025-10-08,S2203,reference,10.5,1,20484
elcentro,2025-10-09,S2203,reference,11.2,1,20484
elcentro,2025-10-10,S2203,reference,5.75,1,20484
elcentro,2025-10-11,S2203,reference,7.67,1,20484
elcentro,2025-10-12,S2203,reference,4.23,1,20484
elcentro,2025-10-13,S2203,reference,6.52,1,20484
elcentro,2025-10-14,S2203,reference,5.35,1,20484
elcentro,2025-10-15,S2203,reference,2.16,1,20484
elcentro,2025-10-16,S2203,reference,2.52,1,20484
elcentro,2025-10-17,S2203,reference,3.29,1,20484
elcentro,2025-10-18,S2203,reference,3.19,1,20484
elcentro,2025-10-19,S2203,reference,3.5,1,20484
elcentro,2025-10-20,S2203,reference,6.48,1,20484
elcentro,2025-10-21,S2203,reference,7.4,1,20484
elcentro,2025-10-22,S2203,reference,5.02,1,20484
elcentro,2025-10-23,S2203,reference,3.5,1,20484
elcentro,2025-10-24,S2203,reference,4.81,1,20484
elcentro,2025-10-25,S2203,reference,11.1,1,20484
elcentro,2025-10-26,S2203,reference,8.46,1,20484
elcentro,2025-10-27,S2203,reference,5.7,1,20484
elcentro,2025-10-28,S2203,reference,4.19,1,20484
elcentro,2025-10-29,S2203,reference,2.41,1,20484
elcentro,2025-10-30,S2203,reference,4.15,1,20484
elcentro,2025-10-31,S2203,reference,12.1,1,20484
elcentro,2025-11-01,S2203,reference,9.17,1,20484
elcentro,2025-11-02,S2203,reference,9.33,1,20484
elcentro,2025-11-03,S2203,reference,9.9,1,20484
elcentro,2025-11-04,S2203,reference,15.6,1,20484
elcentro,2025-11-05,S2203,reference,6.39,1,20484
elcentro,2025-11-06,S2203,reference,5.93,1,20484
elcentro,2025-11-07,S2203,reference,4.33,1,20484
elcentro,2025-11-08,S2203,reference,5.24,1,20484
elcentro,2025-11-09,S2203,reference,4.58,1,20484
elcentro,2025-11-10,S2203,reference,5.25,1,20484
elcentro,2025-11-11,S2203,reference,7.56,1,20484
elcentro,2025-11-12,S2203,reference,13.4,1,20484
elcentro,2025-11-13,S2203,reference,9.37,1,20484
elcentro,2025-11-14,S2203,reference,5.61,1,20484
elcentro,2025-11-15,S2203,reference,4.8,1,20484
elcentro,2025-11-16,S2203,reference,2.64,1,20484
elcentro,2025-11-17,S2203,reference,3.59,1,20484
elcentro,2025-11-18,S2203,reference,2.79,1,20484
elcentro,2025-11-20,S2203,reference,3.14,1,20484
elcentro,2025-11-21,S2203,reference,1.6,1,20484
elcentro,2025-11-22,S2203,reference,0.817,1,20484
elcentro,2025-11-23,S2203,reference,7.96,1,20484
elcentro,2025-11-24,S2203,reference,10.4,1,20484
elcentro,2025-11-25,S2203,reference,3.58,1,20484
elcentro,2025-11-26,S2203,reference,1.49,1,20484
elcentro,2025-11-27,S2203,reference,5.3,1,20484
elcentro,2025-11-28,S2203,reference,5.39,1,20484
elcentro,2025-11-29,S2203,reference,9.48,1,20484
elcentro,2025-11-30,S2203,reference,11.8,1,20484
elcentro,2025-12-01,S2203,reference,4.77,1,20484
elcentro,2025-12-02,S2203,reference,8.37,1,20484
elcentro,2025-12-03,S2203,reference,5.8,1,20484
elcentro,2025-12-04,S2203,reference,2.66,1,20484
elcentro,2025-12-05,S2203,reference,7.69,1,20484
elcentro,2025-12-06,S2203,reference,8.8,1,20484
elcentro,2025-12-07,S2203,reference,3.73,1,20484
elcentro,2025-12-08,S2203,reference,1.88,1,20484
elcentro,2025-12-09,S2203,reference,4.37,1,20484
elcentro,2025-12-10,S2203,reference,6.37,1,20484
elcentro,2025-12-11,S2203,reference,3.79,1,20484
elcentro,2025-12-12,S2203,reference,4.17,1,20484
elcentro,2025-12-13,S2203,reference,8.36,1,20484
elcentro,2025-12-14,S2203,reference,3.83,1,20484
elcentro,2025-12-15,S2203,reference,4.61,1,20484
elcentro,2025-12-16,S2203,reference,5.31,1,20484
elcentro,2025-12-17,S2203,reference,18.9,1,20484
elcentro,2025-12-18,S2203,reference,8.36,1,20484
elcentro,2025-12-19,S2203,reference,8.63,1,20484
elcentro,2025-12-20,S2203,reference,13.0,1,20484
elcentro,2025-12-21,S2203,reference,12.8,1,20484
elcentro,2025-12-22,S2203,reference,6.77,1,20484
elcentro,2025-12-23,S2203,reference,13.0,1,20484
elcentro,2025-12-24,S2203,reference,13.7,1,20484
elcentro,2025-12-25,S2203,reference,3.9,1,20484
elcentro,2025-12-26,S2203,reference,3.89,1,20484
elcentro,2025-12-27,S2203,reference,2.49,1,20484
elcentro,2025-12-28,S2203,reference,2.39,1,20484
elcentro,2025-12-29,S2203,reference,1.55,1,20484
elcentro,2025-12-30,S2203,reference,2.26,1,20484
elcentro,2025-12-31,S2203,reference,2.93,1,20484
elcentro,2026-01-01,S2203,reference,6.27,1,20484
elcentro,2026-01-02,S2203,reference,4.59,1,20484
elcentro,2026-01-03,S2203,reference,8.04,1,20484
elcentro,2026-01-04,S2203,reference,11.7,1,20484
elcentro,2026-01-05,S2203,reference,3.79,1,20484
elcentro,2026-01-06,S2203,reference,2.21,1,20484
elcentro,2026-01-07,S2203,reference,3.06,1,20484
elcentro,2026-01-08,S2203,reference,3.97,1,20484
elcentro,2026-01-09,S2203,reference,3.14,1,20484
elcentro,2026-01-10,S2203,reference,3.25,1,20484
elcentro,2026-01-11,S2203,reference,2.85,1,20484
elcentro,2026-01-12,S2203,reference,2.03,1,20484
elcentro,2026-01-13,S2203,reference,2.74,1,20484
elcentro,2026-01-14,S2203,reference,1.82,1,20484
elcentro,2026-01-15,S2203,reference,3.11,1,20484
elcentro,2026-01-16,S2203,reference,3.35,1,20484
elcentro,2026-01-17,S2203,reference,3.96,1,20484
elcentro,2026-01-18,S2203,reference,4.88,1,20484
elcentro,2026-01-19,S2203,reference,3.95,1,20484
elcentro,2026-01-20,S2203,reference,5.11,1,20484
elcentro,2026-01-21,S2203,reference,4.94,1,20484
elcentro,2026-01-22,S2203,reference,3.75,1,20484
elcentro,2026-01-23,S2203,reference,10.9,1,20484
elcentro,2026-01-24,S2203,reference,11.5,1,20484
elcentro,2026-01-25,S2203,reference,4.16,1,20484
elcentro,2026-01-26,S2203,reference,4.94,1,20484
elcentro,2026-01-27,S2203,reference,3.99,1,20484
elcentro,2026-01-28,S2203,reference,3.65,1,20484
elcentro,2026-01-29,S2203,reference,2.48,1,20484
elcentro,2026-01-30,S2203,reference,3.83,1,20484
elcentro,2026-01-31,S2203,reference,3.35,1,20484
elcentro,2026-02-01,S2203,reference,4.45,1,20484
elcentro,2026-02-02,S2203,reference,10.3,1,20484
elcentro,2026-02-03,S2203,reference,5.39,1,20484
elcentro,2026-02-04,S2203,reference,3.47,1,20484
elcentro,2026-02-05,S2203,reference,5.76,1,20484
elcentro,2026-02-06,S2203,reference,18.2,1,20484
elcentro,2026-02-07,S2203,reference,5.59,1,20484
elcentro,2026-02-08,S2203,reference,3.77,1,20484
elcentro,2026-02-09,S2203,reference,5.91,1,20484
elcentro,2026-02-10,S2203,reference,12.3,1,20484
elcentro,2026-02-11,S2203,reference,9.05,1,20484
elcentro,2026-02-12,S2203,reference,2.85,1,20484
elcentro,2026-02-13,S2203,reference,3.67,1,20484
elcentro,2026-02-14,S2203,reference,5.9,1,20484
elcentro,2026-02-15,S2203,reference,5.84,1,20484
elcentro,2026-02-16,S2203,reference,5.28,1,20484
elcentro,2026-02-17,S2203,reference,1.44,1,20484
elcentro,2026-02-18,S2203,reference,2.96,1,20484
elcentro,2026-02-19,S2203,reference,2.45,1,20484
elcentro,2026-02-20,S2203,reference,2.96,1,20484
elcentro,2026-02-21,S2203,reference,3.34,1,20484
elcentro,2026-02-22,S2203,reference,2.37,1,20484
elcentro,2026-02-23,S2203,reference,3.83,1,20484
elcentro,2026-02-24,S2203,reference,6.02,1,20484
elcentro,2026-02-25,S2203,reference,7.07,1,20484
elcentro,2026-02-26,S2203,reference,6.81,1,20484
elcentro,2026-02-27,S2203,reference,4.49,1,20484
elcentro,2026-02-28,S2203,reference,4.66,1,20484
elcentro,2026-03-01,S2203,reference,3.59,1,20484
elcentro,2026-03-02,S2203,reference,4.45,1,20484
elcentro,2026-03-03,S2203,reference,3.55,1,20484
elcentro,2026-03-04,S2203,reference,3.88,1,20484
elcentro,2026-03-05,S2203,reference,3.82,1,20484
elcentro,2026-03-06,S2203,reference,2.3,1,20484
elcentro,2026-03-07,S2203,reference,4.28,1,20484
elcentro,2026-03-08,S2203,reference,5.0,1,20484
elcentro,2026-03-09,S2203,reference,5.0,1,20484
elcentro,2026-03-10,S2203,reference,6.76,1,20484
elcentro,2026-03-11,S2203,reference,6.15,1,20484
elcentro,2026-03-12,S2203,reference,3.85,1,20484
elcentro,2026-03-13,S2203,reference,3.74,1,20484
elcentro,2026-03-14,S2203,reference,10.9,1,20484
elcentro,2026-03-15,S2203,reference,9.13,1,20484
elcentro,2026-03-16,S2203,reference,4.21,1,20484
elcentro,2026-03-17,S2203,reference,5.01,1,20484
elcentro,2026-03-18,S2203,reference,5.45,1,20484
elcentro,2026-03-19,S2203,reference,5.75,1,20484
elcentro,2026-03-20,S2203,reference,6.07,1,20484
elcentro,2026-03-21,S2203,reference,5.83,1,20484
elcentro,2026-03-22,S2203,reference,3.82,1,20484
elcentro,2026-03-23,S2203,reference,8.66,1,20484
elcentro,2026-03-24,S2203,reference,12.3,1,20484
elcentro,2026-03-25,S2203,reference,10.0,1,20484
elcentro,2026-03-26,S2203,reference,6.52,1,20484
elcentro,2026-03-27,S2203,reference,7.83,1,20484
elcentro,2026-03-28,S2203,reference,4.83,1,20484
elcentro,2026-03-29,S2203,reference,6.81,1,20484
elcentro,2026-03-30,S2203,reference,19.2,1,20484
elcentro,2026-03-31,S2203,reference,10.6,1,20484
elcentro,2026-04-01,S2203,reference,4.87,1,20484
elcentro,2026-04-02,S2203,reference,3.73,1,20484
elcentro,2026-04-03,S2203,reference,4.51,1,20484
elcentro,2026-04-04,S2203,reference,2.63,1,20484
elcentro,2026-04-05,S2203,reference,2.19,1,20484
elcentro,2026-04-06,S2203,reference,4.34,1,20484
elcentro,2026-04-07,S2203,reference,7.08,1,20484
elcentro,2026-04-08,S2203,reference,7.15,1,20484
elcentro,2026-04-09,S2203,reference,5.07,1,20484
elcentro,2026-04-10,S2203,reference,2.15,1,20484
elcentro,2026-04-11,S2203,reference,3.87,1,20484
elcentro,2026-04-12,S2203,reference,3.38,1,20484
elcentro,2026-04-13,S2203,reference,3.53,1,20484
elcentro,2026-04-14,S2203,reference,2.72,1,20484
elcentro,2026-04-15,S2203,reference,5.28,1,20484
elcentro,2026-04-16,S2203,reference,7.18,1,20484
elcentro,2026-04-17,S2203,reference,7.58,1,20484
elcentro,2026-04-18,S2203,reference,5.3,1,20484
elcentro,2026-04-19,S2203,reference,7.1,1,20484
elcentro,2026-04-20,S2203,reference,10.4,1,20484
elcentro,2026-04-21,S2203,reference,10.2,1,20484
elcentro,2026-04-22,S2203,reference,2.72,1,20484
elcentro,2026-04-23,S2203,reference,8.09,1,20484
elcentro,2026-04-24,S2203,reference,7.57,1,20484
elcentro,2026-04-25,S2203,reference,16.3,1,20484
elcentro,2026-04-26,S2203,reference,4.23,1,20484
elcentro,2026-04-27,S2203,reference,4.05,1,20484
elcentro,2026-04-28,S2203,reference,5.93,1,20484
elcentro,2026-04-29,S2203,reference,5.91,1,20484
elcentro,2026-04-30,S2203,reference,9.95,1,20484
elcentro,2026-05-01,S2203,reference,11.6,1,20484
elcentro,2026-05-02,S2203,reference,11.4,1,20484
elcentro,2026-05-03,S2203,reference,11.6,1,20484
elcentro,2026-05-04,S2203,reference,10.1,1,20484
elcentro,2026-05-05,S2203,reference,0.875,1,20484
elcentro,2026-05-06,S2203,reference,3.3,1,20484
elcentro,2026-05-07,S2203,reference,5.53,1,20484
elcentro,2026-05-08,S2203,reference,6.88,1,20484
elcentro,2026-05-09,S2203,reference,10.7,1,20484
elcentro,2026-05-10,S2203,reference,8.42,1,20484
elcentro,2026-05-11,S2203,reference,8.36,1,20484
elcentro,2026-05-12,S2203,reference,11.9,1,20484
elcentro,2026-05-13,S2203,reference,10.2,1,20484
elcentro,2026-05-14,S2203,reference,6.49,1,20484
elcentro,2026-05-15,S2203,reference,9.15,1,20484
elcentro,2026-05-16,S2203,reference,12.0,1,20484
elcentro,2026-05-17,S2203,reference,12.1,1,20484
elcentro,2026-05-18,S2203,reference,8.98,1,20484
elcentro,2026-05-19,S2203,reference,3.57,1,20484
elcentro,2026-05-20,S2203,reference,5.14,1,20484
elcentro,2026-05-21,S2203,reference,9.24,1,20484
elcentro,2026-05-22,S2203,reference,12.5,1,20484
elcentro,2026-05-23,S2203,reference,9.15,1,20484
elcentro,2026-05-24,S2203,reference,10.2,1,20484
elcentro,2026-05-25,S2203,reference,12.3,1,20484
elcentro,2026-05-26,S2203,reference,12.1,1,20484
elcentro,2026-05-27,S2203,reference,7.65,1,20484
elcentro,2026-05-28,S2203,reference,4.03,1,20484
elcentro,2026-05-29,S2203,reference,1.87,1,20484
elcentro,2026-05-30,S2203,reference,3.67,1,20484
elcentro,2026-05-31,S2203,reference,5.57,1,20484
elcentro,2026-06-01,S2203,reference,8.69,1,20484
elcentro,2026-06-02,S2203,reference,14.7,1,20484
elcentro,2026-06-03,S2203,reference,18.4,1,20484
elcentro,2026-06-04,S2203,reference,10.6,1,20484
elcentro,2026-06-05,S2203,reference,8.89,1,20484
elcentro,2026-06-06,S2203,reference,9.4,1,20484
elcentro,2026-06-07,S2203,reference,8.5,1,20484
elcentro,2026-06-08,S2203,reference,8.83,1,20484
elcentro,2026-06-09,S2203,reference,8.2,1,20484
elcentro,2026-06-10,S2203,reference,11.3,1,20484
elcentro,2026-06-11,S2203,reference,12.7,1,20484
elcentro,2026-06-12,S2203,reference,9.64,1,20484
elcentro,2026-06-13,S2203,reference,9.18,1,20484
elcentro,2026-06-14,S2203,reference,9.05,1,20484
elcentro,2026-06-15,S2203,reference,10.4,1,20484
elcentro,2026-06-16,S2203,reference,18.7,1,20484
elcentro,2026-06-17,S2203,reference,12.7,1,20484
elcentro,2026-06-18,S2203,reference,7.63,1,20484
elcentro,2026-06-19,S2203,reference,4.98,1,20484
elcentro,2026-06-20,S2203,reference,5.2,1,20484
elcentro,2026-06-21,S2203,reference,5.78,1,20484
elcentro,2026-06-22,S2203,reference,9.28,1,20484
elcentro,2026-06-23,S2203,reference,16.4,1,20484
elcentro,2026-06-24,S2203,reference,9.88,1,20484
elcentro,2026-06-25,S2203,reference,6.58,1,20484
elcentro,2026-06-26,S2203,reference,9.6,1,20484
elcentro,2026-06-27,S2203,reference,6.95,1,20484
elcentro,2026-06-28,S2203,reference,7.04,1,20484
elcentro,2026-06-29,S2203,reference,6.57,1,20484
elcentro,2026-06-30,S2203,reference,6.21,1,20484
elcentro,2026-07-01,S2203,reference,7.92,1,20484
elcentro,2026-07-02,S2203,reference,7.21,1,20484
elcentro,2026-07-03,S2203,reference,7.32,1,20484
elcentro,2026-07-04,S2203,reference,9.09,1,20484
elcentro,2026-07-05,S2203,reference,5.13,1,20484
elcentro,2026-07-06,S2203,reference,8.14,1,20484
elcentro,2026-07-07,S2203,reference,10.6,1,20484
elcentro,2026-07-08,S2203,reference,10.4,1,20484
elcentro,2026-07-09,S2203,reference,10.5,1,20484
elcentro,2026-07-10,S2203,reference,13.6,1,20484
elcentro,2026-07-11,S2203,reference,9.76,1,20484
elcentro,2026-07-12,S2203,reference,6.56,1,20484
elcentro,2026-07-13,S2203,reference,7.26,1,20484
elcentro,2026-07-14,S2203,reference,8.89,1,20484
elcentro,2026-07-15,S2203,reference,8.6,1,20484
elcentro,2026-07-16,S2203,reference,8.55,1,20484
elcentro,2026-07-17,S2203,reference,9.66,1,20484
elcentro,2026-07-18,S2203,reference,9.16,1,20484
elcentro,2026-07-19,S2203,reference,7.18,1,20484
elcentro,2026-07-20,S2203,reference,8.21,1,20484
elcentro,2026-07-21,S2203,reference,4.42,1,20484
elcentro,2026-07-22,S2203,reference,9.25,1,20484
elcentro,2026-07-23,S2203,reference,8.72,1,20484
elcentro,2026-07-24,S2203,reference,8.82,1,20484
elcentro,2026-07-25,S2203,reference,9.68,1,20484
elcentro,2026-07-26,S2203,reference,7.35,1,20484
elcentro,2026-07-27,S2203,reference,9.5,1,20484
elcentro,2026-07-28,S2203,reference,5.6,1,20484
elcentro,2026-07-29,S2203,reference,1.81,1,20484
elcentro,2026-07-30,S2203,reference,0.979,1,20484
elcentro,2026-07-31,S2203,reference,1.57,1,20484
elcentro,2026-08-01,S2203,reference,1.69,1,20484
elcentro,2026-08-02,S2203,reference,1.02,1,20484
elcentro,2026-08-03,S2203,reference,4.49,1,20484
elcentro,2026-08-04,S2203,reference,9.66,1,20484
elcentro,2026-08-05,S2203,reference,9.39,1,20484
elcentro,2026-08-06,S2203,reference,11.3,1,20484
elcentro,2026-08-07,S2203,reference,6.9,1,20484
elcentro,2026-08-08,S2203,reference,8.49,1,20484
elcentro,2026-08-09,S2203,reference,8.35,1,20484
elcentro,2026-08-10,S2203,reference,10.5,1,20484
elcentro,2026-08-11,S2203,reference,12.0,1,20484
elcentro,2026-08-12,S2203,reference,10.7,1,20484
elcentro,2026-08-13,S2203,reference,5.45,1,20484
elcentro,2026-08-14,S2203,reference,5.3,1,20484
elcentro,2026-08-15,S2203,reference,4.75,1,20484
elcentro,2026-08-16,S2203,reference,3.07,1,20484
elcentro,2026-08-17,S2203,reference,4.19,1,20484
elcentro,2026-08-18,S2203,reference,7.25,1,20484
elcentro,2026-08-19,S2203,reference,8.01,1,20484
elcentro,2026-08-20,S2203,reference,6.09,1,20484
elcentro,2026-08-21,S2203,reference,10.1,1,20484
elcentro,2026-08-22,S2203,reference,6.13,1,20484
elcentro,2026-08-23,S2203,reference,7.9,1,20484
elcentro,2026-08-24,S2203,reference,9.06,1,20484
elcentro,2026-08-25,S2203,reference,8.02,1,20484
elcentro,2026-08-26,S2203,reference,7.28,1,20484
elcentro,2026-08-27,S2203,reference,8.15,1,20484
elcentro,2026-08-28,S2203,reference,8.64,1,20484
elcentro,2026-08-29,S2203,reference,7.08,1,20484
elcentro,2026-08-30,S2203,reference,4.56,1,20484
elcentro,2026-08-31,S2203,reference,4.42,1,20484
elcentro,2026-09-01,S2203,reference,4.21,1,20484
elcentro,2026-09-02,S2203,reference,3.35,1,20484
elcentro,2026-09-03,S2203,reference,4.13,1,20484
elcentro,2026-09-04,S2203,reference,3.94,1,20484
elcentro,2026-09-05,S2203,reference,6.95,1,20484
elcentro,2026-09-06,S2203,reference,4.53,1,20484
elcentro,2026-09-07,S2203,reference,1.13,1,20484
elcentro,2026-09-08,S2203,reference,1.65,1,20484
elcentro,2026-09-09,S2203,reference,17.6,1,20484
elcentro,2026-09-10,S2203,reference,11.4,1,20484
elcentro,2026-09-11,S2203,reference,7.43,1,20484
elcentro,2026-09-12,S2203,reference,5.59,1,20484
elcentro,2026-09-13,S2203,reference,4.76,1,20484
elcentro,2026-09-14,S2203,reference,6.04,1,20484
elcentro,2026-09-15,S2203,reference,7.76,1,20484
elcentro,2026-09-16,S2203,reference,6.85,1,20484
elcentro,2026-09-17,S2203,reference,5.01,1,20484
elcentro,2026-09-18,S2203,reference,4.2,1,20484
elcentro,2026-09-22,S2203,reference,5.36,1,20484
elcentro,2026-09-23,S2203,reference,4.24,1,20484
elcentro,2026-09-24,S2203,reference,8.38,1,20484
elcentro,2026-09-25,S2203,reference,7.83,1,20484
