window,city,pronoun,left,word,right
bakersfield_event_2024-12-02,Bakersfield,I,,I,have asthma.
bakersfield_event_2024-12-02,Bakersfield,I,"Being communicative about allergies/preferences is important with food,",I,would much rather you be a Karen than
bakersfield_event_2024-12-02,Bakersfield,I,,I,'ve been congested all week.
bakersfield_event_2024-12-02,Bakersfield,I,,I,'ve never had allergy issues or anything.
bakersfield_event_2024-12-02,Bakersfield,I,,I,grew up there after the age of 8
bakersfield_event_2024-12-02,Bakersfield,I,,I,got a friend who got the Valley Fever
bakersfield_event_2024-12-02,Bakersfield,I,a lot of people,I,know and grew up with have asthma
bakersfield_event_2024-12-02,Bakersfield,I,"This makes me feel better,",I,'ve been dealing with congestion and sneezing all
bakersfield_event_2024-12-02,Bakersfield,I,,I,wonder if this will effect our air quality
bakersfield_event_2024-12-02,Bakersfield,I,,I,have severe asthma even after moving due to
bakersfield_event_2024-12-02,Bakersfield,I,of 8 and it didn't affect me much,I,did know a lot of people who had
bakersfield_event_2024-12-02,Bakersfield,I,My brother and,I,have had severe allergies since we were teens.
bakersfield_event_2024-12-02,Bakersfield,I,Waking up at night feeling like,I,have pneumonia and can't breathe
bakersfield_event_2024-12-02,Bakersfield,I,Since moving here,I,'ve gone on a daily asthma control it's
bakersfield_event_2024-12-02,Bakersfield,I,the mix for the masa/dough :( so sad,I,just always have to wait for my mom
bakersfield_event_2024-12-02,Bakersfield,I,,I,'m not saying the air isn't gross but
bakersfield_event_2024-12-02,Bakersfield,I,,I,developed allergies.
bakersfield_event_2024-12-02,Bakersfield,I,,I,had asthma as a kid.
bakersfield_event_2024-12-02,Bakersfield,I,bother me but the air is so bad,I,'m feeling it.
bakersfield_event_2024-12-02,Bakersfield,I,I grew out of my asthma when,I,was a teen.
bakersfield_event_2024-12-02,Bakersfield,I,I was thinking,I,had anxiety but now I'm wondering if it's
bakersfield_event_2024-12-02,Bakersfield,I,,I,'ve been using a mask all week
bakersfield_event_2024-12-02,Bakersfield,I,,I,cough a lot when the air is bad.
bakersfield_event_2024-12-02,Bakersfield,I,,I,have changes in my lungs that look like
bakersfield_event_2024-12-02,Bakersfield,I,have changes in my lungs that look like,I,smoked though never have.
bakersfield_event_2024-12-02,Bakersfield,I,,I,'m allergic to pork all the people on
bakersfield_event_2024-12-02,Bakersfield,I,,I,hope to one day move to a state
bakersfield_event_2024-12-02,Bakersfield,I,I was thinking I had anxiety but now,I,'m wondering if it's just the bad air
bakersfield_event_2024-12-02,Bakersfield,I,,I,was thinking I had anxiety but now I'm
bakersfield_event_2024-12-02,Bakersfield,I,,I,'ve lived here my whole life (minus college)
bakersfield_event_2024-12-02,Bakersfield,I,,I,grew out of my asthma when I was
bakersfield_event_2024-12-02,Bakersfield,I,A lot of people,I,know (myself included) have asthma from the bad
bakersfield_event_2024-12-02,Bakersfield,I,,My,aunt got valley fever in the 80's and
bakersfield_event_2024-12-02,Bakersfield,I,,My,allergies have been killing me the past few
bakersfield_event_2024-12-02,Bakersfield,I,,My,friend got valley fever this year.
bakersfield_event_2024-12-02,Bakersfield,I,,My,brother and I have had severe allergies since
bakersfield_event_2024-12-02,Bakersfield,I,,My,husband is a paving foreman and got valley
bakersfield_event_2024-12-02,Bakersfield,I,,My,son was on 7 medications for asthma when
bakersfield_event_2024-12-02,Bakersfield,I,,My,mom on the other hand moved here in
bakersfield_event_2024-12-02,Bakersfield,I,,My,mom has had an awful cough too.
bakersfield_event_2024-12-02,Bakersfield,I,week and really congested ☹️ Usually doesn't bother,me,but the air is so bad I'm feeling
bakersfield_event_2024-12-02,Bakersfield,I,Most of the people around,me,don't suffer from asthma or other related health
bakersfield_event_2024-12-02,Bakersfield,I,the age of 8 and it didn't affect,me,much I did know a lot of people
bakersfield_event_2024-12-02,Bakersfield,I,My allergies have been killing,me,the past few days.
bakersfield_event_2024-12-02,Bakersfield,I,This makes,me,"feel better, I've been dealing with congestion and"
bakersfield_event_2024-12-02,Bakersfield,I,Same here no issues at all for,me,or my kids but my nephew had asthma
bakersfield_event_2024-12-02,Bakersfield,I,here no issues at all for me or,my,kids but my nephew had asthma attacks constantly
bakersfield_event_2024-12-02,Bakersfield,I,at all for me or my kids but,my,nephew had asthma attacks constantly as a toddler
bakersfield_event_2024-12-02,Bakersfield,I,32 F have lived here,my,whole life - so has my fiance -
bakersfield_event_2024-12-02,Bakersfield,I,I grew out of,my,asthma when I was a teen.
bakersfield_event_2024-12-02,Bakersfield,I,I've lived here,my,whole life (minus college) and only have minor
bakersfield_event_2024-12-02,Bakersfield,I,lived here my whole life - so has,my,fiance - we don't have any health issues
bakersfield_event_2024-12-02,Bakersfield,I,Air purifier and humidifier combo in,my,bedroom at night is helping a bit.
bakersfield_event_2024-12-02,Bakersfield,I,I have changes in,my,lungs that look like I smoked though never
bakersfield_event_2024-12-02,Bakersfield,I,sad I just always have to wait for,my,mom to make some she makes em spicy
bakersfield_event_2024-12-02,Bakersfield,I,It had been about 14 years since,my,last asthma attack until this week.
bakersfield_event_2024-12-02,Bakersfield,I,Allergies,my,whole life.
bakersfield_event_2024-12-02,Bakersfield,I,A lot of people I know (,myself,included) have asthma from the bad air quality.
bakersfield_event_2024-12-02,Bakersfield,they,nephew had asthma attacks constantly as a toddler,they,moved and he has only had.
bakersfield_event_2024-12-02,Bakersfield,we,Our pediatrician at the time told,our,mom the only things we could do was
bakersfield_event_2024-12-02,Bakersfield,we,I wonder if this will effect,our,air quality .
bakersfield_event_2024-12-02,Bakersfield,we,any health issues from the air quality as,our,2 daughters don't either.
bakersfield_event_2024-12-02,Bakersfield,we,I'm not saying the air isn't gross but,we,haven't had any health issues as a result.
bakersfield_event_2024-12-02,Bakersfield,we,the time told our mom the only things,we,could do was to move or take allergy
bakersfield_event_2024-12-02,Bakersfield,we,whole life - so has my fiance -,we,don't have any health issues from the air
bakersfield_event_2024-12-02,Bakersfield,we,brother and I have had severe allergies since,we,were teens.
bakersfield_event_2024-12-02,Bakersfield,we,son was on 7 medications for asthma when,we,moved here from Texas.
bakersfield_event_2024-12-02,Bakersfield,you,"Bakersfield, how bad did the air quality affect",you,or your little ones growing up?
bakersfield_event_2024-12-02,Bakersfield,you,of year to break the “thermal belt“ which,you,"can google, so all the smog in the"
bakersfield_event_2024-12-02,Bakersfield,you,and about 100 other critical issues don't worry,you,but this does?
bakersfield_event_2024-12-02,Bakersfield,you,fever from the “rock plant” which is what,you,'re talking about.
bakersfield_event_2024-12-02,Bakersfield,you,"is important with food, I would much rather",you,be a Karen than have a complication with
bakersfield_event_2024-12-02,Bakersfield,you,Air Quality For those of,you,who grew up in Bakersfield or raised kids
bakersfield_event_2024-12-02,Bakersfield,you,Get a good air purifier if,you,can.
bakersfield_event_2024-12-02,Bakersfield,you,be a Karen than have a complication with,your,party.
bakersfield_event_2024-12-02,Bakersfield,you,bad did the air quality affect you or,your,little ones growing up?
eugene_event_2026-08-03,Eugene,I,,I,HAVE ALLERGIES AND ASTHMA AND THIS FUCKING SMOKE
eugene_event_2026-08-03,Eugene,I,"Thanks for the tip,",I,'ll wear a mask and a ghillie suit
eugene_event_2026-08-03,Eugene,I,,I,"am elderly, have asthma, am coughing a little,"
eugene_event_2026-08-03,Eugene,I,,I,certainly couldn't handle sitting in an air conditioned
eugene_event_2026-08-03,Eugene,I,"The coast really isn't bad,",I,was in Waldport/Yachats from Sunday until yesterday evening
eugene_event_2026-08-03,Eugene,I,,I,feel worse about all those poor track and
eugene_event_2026-08-03,Eugene,I,,I,don't remember wildfire smoke in the valley being
eugene_event_2026-08-03,Eugene,I,,I,"wonder if it's up to code, I have"
eugene_event_2026-08-03,Eugene,I,,I,was in Portland at the time and I
eugene_event_2026-08-03,Eugene,I,,I,like IQAirVisual for just tracking air quality.
eugene_event_2026-08-03,Eugene,I,,I,'ll come with AQI graphs based on day
eugene_event_2026-08-03,Eugene,I,,I,"went to Waldo lake today to get away,"
eugene_event_2026-08-03,Eugene,I,smoke coming in with a ac unit but,I,'ve always had a split ac or window
eugene_event_2026-08-03,Eugene,I,Every year,I,get so excited about the upcoming meteor shower
eugene_event_2026-08-03,Eugene,I,now a yearly thing in my city where,I,'ve lived for 50 years.
eugene_event_2026-08-03,Eugene,I,"doubts that it is very bad today, but",I,"would guess, knowing the lack of public consciousness"
eugene_event_2026-08-03,Eugene,I,"When it comes to brain fog, honestly,",I,"threw a lot at, stacked a lot of"
eugene_event_2026-08-03,Eugene,I,,I,was wearing a powered air filter hood and
eugene_event_2026-08-03,Eugene,I,"I'm not exactly sure where, but",I,saw the smoke while going north on the
eugene_event_2026-08-03,Eugene,I,"I already have asthma and chronic bronchitis,",I,'m trying to avoid going outside as much
eugene_event_2026-08-03,Eugene,I,,I,'m greatly affected by allergies.
eugene_event_2026-08-03,Eugene,I,,I,live in an RV and my AC has
eugene_event_2026-08-03,Eugene,I,For what it's worth,I,remember in the 80s a week or 2
eugene_event_2026-08-03,Eugene,I,I have to find a spot indoors where,I,can remove the mask to wipe the sweat
eugene_event_2026-08-03,Eugene,I,I don't have A/C and now,I,cant open the windows at night cuz of
eugene_event_2026-08-03,Eugene,I,,I,"remember coughing from the bad air quality indoors,"
eugene_event_2026-08-03,Eugene,I,,I,use Purple Air for the smoke weather and
eugene_event_2026-08-03,Eugene,I,a powered air filter hood and the looks,I,got while driving were strange.
eugene_event_2026-08-03,Eugene,I,,I,HAVE TO SPEND MY FRIDAY AT WORK GRINDING
eugene_event_2026-08-03,Eugene,I,,I,especially like when I have to find a
eugene_event_2026-08-03,Eugene,I,,I,"was,listening to KLCC and the local weather report"
eugene_event_2026-08-03,Eugene,I,,I,'m north of the river and it rained
eugene_event_2026-08-03,Eugene,I,,I,use portable ac units in my apartment and
eugene_event_2026-08-03,Eugene,I,,I,grew up in the heyday of unrestricted grass
eugene_event_2026-08-03,Eugene,I,MISTAKE THAT SOMEONE ELSE MADE TO BE FAIR,I,SHOULDVE CAUGHT IT EARLIER BUT I DIDNT SO
eugene_event_2026-08-03,Eugene,I,,I,'m wearing a KN94 mask if AQI is
eugene_event_2026-08-03,Eugene,I,,I,"already have asthma and chronic bronchitis, I'm trying"
eugene_event_2026-08-03,Eugene,I,,I,'m not an absolutist until it comes to
eugene_event_2026-08-03,Eugene,I,,I,have asthma so I can hardly go outside.
eugene_event_2026-08-03,Eugene,I,WHY DID PEOPLE AT,MY,APARTMENTS LET THEIR KIDS SWIM OUTSIDE WHEN IT
eugene_event_2026-08-03,Eugene,I,HATE HAVING SHIT THAT ISN'T MY GLASSES ON,MY,FACE.
eugene_event_2026-08-03,Eugene,I,This sucks,My,"windows are shut, my air purifier is on,"
eugene_event_2026-08-03,Eugene,I,,My,downstairs neighbors decided to grill food in front
eugene_event_2026-08-03,Eugene,I,"that, plus age, has the smoke is affecting",me,for the first time.
eugene_event_2026-08-03,Eugene,I,a few days of suboptimal air quality makes,me,cringe.
eugene_event_2026-08-03,Eugene,I,You know what really gives,me,the joie de vivre is strapping on a
eugene_event_2026-08-03,Eugene,I,be around people and wipe their asses with,my,sweaty gloves!
eugene_event_2026-08-03,Eugene,I,Air purifier and masking tape combo has saved,my,air quality in some crummy housing situations.
eugene_event_2026-08-03,Eugene,I,View from,my,flight coming in yesterday It doesn't come out
eugene_event_2026-08-03,Eugene,I,I'm in,my,"70's, a native Oregonian, and I can tell"
eugene_event_2026-08-03,Eugene,I,time and I remember seeing ash accumulate on,my,"car, and thought to myself, ""this is not"
eugene_event_2026-08-03,Eugene,I,"This sucks My windows are shut,",my,"air purifier is on, but it's still getting"
eugene_event_2026-08-03,Eugene,I,I use portable ac units in,my,apartment and the air inside feels clear.
eugene_event_2026-08-03,Eugene,I,i remember waking up to ash covering,my,car and the sun was a very deep
eugene_event_2026-08-03,Eugene,I,This is,my,"go-to on heat waves, snow days and poor"
eugene_event_2026-08-03,Eugene,I,I live in an RV and,my,AC has gaps around it (it's an unusual
eugene_event_2026-08-03,Eugene,I,of the apartment in this air quality while,my,portable AC in/output is over there.
eugene_event_2026-08-03,Eugene,I,"with an air filter, that just wouldn't fulfill",my,gregarious need to be around people and wipe
eugene_event_2026-08-03,Eugene,I,"about the sky, I'm too busy breathing through",my,nose without a mask.
eugene_event_2026-08-03,Eugene,I,got the mental fog gone completely and balanced,myself,well but there's just some lingering physical neurological
eugene_event_2026-08-03,Eugene,they,WHY DID PEOPLE AT MY APARTMENTS LET,THEIR,KIDS SWIM OUTSIDE WHEN IT WAS A BILLION
eugene_event_2026-08-03,Eugene,they,,They,were closed today for swim lessons and said
eugene_event_2026-08-03,Eugene,they,smoke will just be a normal part of,their,summer.
eugene_event_2026-08-03,Eugene,they,The amount of people I've seen going about,their,day with no masks on is really bothering
eugene_event_2026-08-03,Eugene,they,2020 the VFW in Springfield was out cooking,their,chicken in level 500 aqi lmao
eugene_event_2026-08-03,Eugene,they,gregarious need to be around people and wipe,their,asses with my sweaty gloves!
eugene_event_2026-08-03,Eugene,they,"Bar burger, smoked jojos, extra apple katsup, and",their,kale ceasar
eugene_event_2026-08-03,Eugene,they,two cats and I really want to get,them,out of town until the smoke chills out.
eugene_event_2026-08-03,Eugene,they,"going with a mask on, just don't want",them,to can the show after I make it
eugene_event_2026-08-03,Eugene,they,I have five of,them,"going in my house right now, and the"
eugene_event_2026-08-03,Eugene,they,can still get in through the vents on,them,.
eugene_event_2026-08-03,Eugene,they,"Everyone was wearing masks, distancing",themselves,"6 feet apart, and sheltering in place!"
eugene_event_2026-08-03,Eugene,they,were closed today for swim lessons and said,they,'d only reopen if the AQI got better.
eugene_event_2026-08-03,Eugene,they,was AFTER I said the exact location once,they,put on the lift and were in the
eugene_event_2026-08-03,Eugene,they,Do you think there's any chance,they,reschedule or cancel the show due to the
eugene_event_2026-08-03,Eugene,we,Turning on the AC makes,our,entire apartment smell like smoke
eugene_event_2026-08-03,Eugene,we,"Also, I really feel for",our,unhoused neighbors who do not have many options
eugene_event_2026-08-03,Eugene,we,air is toxic and there are bodies in,our,storm drains!?
eugene_event_2026-08-03,Eugene,we,"burrito the entire 5 hours we were open,",our,breakfast burritos usually sold out within a hour
eugene_event_2026-08-03,Eugene,we,sold 1 breakfast burrito the entire 5 hours,we,"were open, our breakfast burritos usually sold out"
eugene_event_2026-08-03,Eugene,we,Heck,we,had haze and smoke yesterday even.
eugene_event_2026-08-03,Eugene,we,"after the ash coming in, the smoke etc,",we,sold 1 breakfast burrito the entire 5 hours
eugene_event_2026-08-03,Eugene,we,"fires \ 80% contained to the East, and",we,get smoke that blows in and sits stagnant
eugene_event_2026-08-03,Eugene,we,"Hi all,",we,moved to Eugene from the East Coast in
eugene_event_2026-08-03,Eugene,we,the smoke was way worse than this and,we,had ash raining down during the holiday farm
eugene_event_2026-08-03,Eugene,we,We were so lucky last year that,we,barely had any smoke
eugene_event_2026-08-03,Eugene,we,It's hot and,we,all just got done breathing smoke for a
eugene_event_2026-08-03,Eugene,we,down the road and it's on fire then,we,get evacuated to eugene from mckenzie bridge and
eugene_event_2026-08-03,Eugene,we,I think,we,should be reducing pollution in general (not just
eugene_event_2026-08-03,Eugene,we,and there were lots of days with what,we,'d now call unhealthy smoke levels.
eugene_event_2026-08-03,Eugene,we,day and time this same time tomorrow and,we,will see where the chips land.
eugene_event_2026-08-03,Eugene,we,"burning for weeks, this isn't the first day",we,'ve gotten smoke.
eugene_event_2026-08-03,Eugene,we,least my current job is providing N95s that,we,get to wear in the heat all day
eugene_event_2026-08-03,Eugene,you,AT LEAST,YOU,ARE NOT ALLERGIC TO IT
eugene_event_2026-08-03,Eugene,you,,You,can play the forecasts across the screen a
eugene_event_2026-08-03,Eugene,you,,You,can see that it's a little smoggy but
eugene_event_2026-08-03,Eugene,you,,You,know what really gives me the joie de
eugene_event_2026-08-03,Eugene,you,,You,know who else isn't wearing a mask during
eugene_event_2026-08-03,Eugene,you,,You,could replace it with a HEPA filter that
eugene_event_2026-08-03,Eugene,you,Put on a face mask,Your,dog is probably breathing this stuff indoors already
eugene_event_2026-08-03,Eugene,you,In the layers,you,"can turn on NOAA smoke plumes, and see"
eugene_event_2026-08-03,Eugene,you,the 2.5 and 10 are still over 100…,you,really don't want to be taking that s
eugene_event_2026-08-03,Eugene,you,Wet towels catch smoke pretty well if,you,can get air blowing through it.
eugene_event_2026-08-03,Eugene,you,real time satellite images that,you,can see smoke direction and fires
eugene_event_2026-08-03,Eugene,you,or something Wear a high quality mask if,you,'re worried
eugene_event_2026-08-03,Eugene,you,How do,you,exercise your doggo when it's smoky like this?
eugene_event_2026-08-03,Eugene,you,an app (?) that you use most when,you,just quickly want to know/see what the closest
eugene_event_2026-08-03,Eugene,you,quality and just general depression that hovers as,you,try to swim your favorite swimming hole while
eugene_event_2026-08-03,Eugene,you,can see that it's a little smoggy but,you,can't smell the smoke.
eugene_event_2026-08-03,Eugene,you,"I'm curious, how did",you,heal your brain fog?
eugene_event_2026-08-03,Eugene,you,I can guarantee,you,that the dogs don't give a shit about
eugene_event_2026-08-03,Eugene,you,to be guinea pigs for what happens when,you,run this hard and this much in dangerous
eugene_event_2026-08-03,Eugene,you,"yourself with the wildfire and smoke tracking sites,",you,might want to put some go-bags together.
eugene_event_2026-08-03,Eugene,you,"70's, a native Oregonian, and I can tell",you,for a fact that wildfires and smoke intrusion
eugene_event_2026-08-03,Eugene,you,Once,you,familiarize yourself with the wildfire and smoke tracking
eugene_event_2026-08-03,Eugene,you,In case nobody has told,you,"about this, taping a furnace filter to the"
eugene_event_2026-08-03,Eugene,you,Do,you,have any N-95 masks left over?
eugene_event_2026-08-03,Eugene,you,This is when,you,need a literal fog horn!
eugene_event_2026-08-03,Eugene,you,get a fancier one specifically for particulates if,you,feel an upgrade is called for.
eugene_event_2026-08-03,Eugene,you,"large your front room (or other room) is,",you,can possibly clear enough stuff to walk your
eugene_event_2026-08-03,Eugene,you,Note that these are voluntary monitoring stations so,you,'ll always find one or two that's giving
eugene_event_2026-08-03,Eugene,you,If AQI stays where it is,you,wont find me out there.
eugene_event_2026-08-03,Eugene,you,Can,you,just smoke it inside?
eugene_event_2026-08-03,Eugene,you,,you,can see smoke traveling east for the first
eugene_event_2026-08-03,Eugene,you,If,you,"go look at EPA data for that year,"
eugene_event_2026-08-03,Eugene,you,come out as well in the pictures but,you,can just see all the smoke.
eugene_event_2026-08-03,Eugene,you,Would,you,like a couple of n95 masks?
eugene_event_2026-08-03,Eugene,you,If,you,"are sensitive it might be, but most healthy"
eugene_event_2026-08-03,Eugene,you,If,you,"have any one of these, smoke can still"
eugene_event_2026-08-03,Eugene,you,Do,you,think there's any chance they reschedule or cancel
eugene_event_2026-08-03,Eugene,you,bar - or even an app (?) that,you,use most when you just quickly want to
eugene_event_2026-08-03,Eugene,you,If,you,smoke out of it once you are stricken
eugene_event_2026-08-03,Eugene,you,I hope your employer gave,you,masks.
eugene_event_2026-08-03,Eugene,you,If you smoke out of it once,you,are stricken with unimaginable pain until someone else
eugene_event_2026-08-03,Eugene,you,to work in 2020 in 500 aqi so,you,aren't wrong
eugene_event_2026-08-03,Eugene,you,"For the future,",you,can monitor air quality here: Note that these
eugene_event_2026-08-03,Eugene,you,If,you,"don't feel safe going out in the smoke,"
eugene_event_2026-08-03,Eugene,you,Could,you,guys let me know the best website to
eugene_event_2026-08-03,Eugene,you,to be taking that s \ t into,your,lungs and bloodstream… seriously bad news for your
eugene_event_2026-08-03,Eugene,you,your lungs and bloodstream… seriously bad news for,your,body
eugene_event_2026-08-03,Eugene,you,"This sounds silly, but depending on how large",your,"front room (or other room) is, you can"
eugene_event_2026-08-03,Eugene,you,I hope,your,employer gave you masks.
eugene_event_2026-08-03,Eugene,you,I'm talking about,your,(incorrect) assertion that it's better to walk your
eugene_event_2026-08-03,Eugene,you,probably breathing this stuff indoors already depending on,your,setup
eugene_event_2026-08-03,Eugene,you,your (incorrect) assertion that it's better to walk,your,"dog and avoid smoke when it's cooler out,"
eugene_event_2026-08-03,Eugene,you,How do you exercise,your,doggo when it's smoky like this?
eugene_event_2026-08-03,Eugene,you,you can possibly clear enough stuff to walk,your,dog in basically a circle if you have
eugene_event_2026-08-03,Eugene,you,Get some blue painters tape and seal off,your,windows and doors then crank the air purifier.
eugene_event_2026-08-03,Eugene,you,depression that hovers as you try to swim,your,favorite swimming hole while the beautiful nature is
eugene_event_2026-08-03,Eugene,you,The Great Smoke Out Keep,your,doors and windows shut tight and animals inside.
eugene_event_2026-08-03,Eugene,you,"I'm curious, how did you heal",your,brain fog?
eugene_event_2026-08-03,Eugene,you,Once you familiarize,yourself,"with the wildfire and smoke tracking sites, you"
