site_id,city_slug,sensor_class,site_name,n_sensors,sensor_ids,location_ids,lat,lon,max_spread_m,first_measurement_utc,last_measurement_utc,assignment,distance_km_to_limits
S2913749,annarbor,low-cost,"Farmers Market, Ann Arbor MI",1,10141042,2913749,42.28397,-83.74651,0.0,2024-07-29T00:00:00Z,2025-09-02T13:58:22Z,in city limits,0.0
S2913750,annarbor,low-cost,"Veterans Memorial Park, Ann Arbor MI",1,10141081,2913750,42.28117,-83.77783,0.0,2024-07-29T00:00:00Z,2026-09-27T13:05:48Z,in city limits,0.0
S4043198,annarbor,low-cost,The Dog House,1,12770469,4043198,42.312503,-83.767261,0.0,2025-04-13T20:00:00Z,2026-09-27T14:00:00Z,in city limits,0.0
S5167050,annarbor,low-cost,Northside Community Center,2,13667132; 14133320,5167050; 5809987,42.29834,-83.734825,20.7,2025-07-22T13:12:41Z,2026-09-27T13:00:10Z,in city limits,0.0
S5167051,annarbor,low-cost,Water Treatment Plant,1,13667127,5167051,42.29631,-83.76228,0.0,2025-07-22T13:10:32Z,2026-09-27T13:05:12Z,in city limits,0.0
S5167052,annarbor,low-cost,Sugarbush Park,1,13667128,5167052,42.31476,-83.69755,0.0,2025-07-22T13:09:48Z,2026-09-27T13:00:26Z,in city limits,0.0
S5167053,annarbor,low-cost,Buhr Park,1,13667129,5167053,42.24609,-83.71161,0.0,2025-07-22T13:06:29Z,2026-09-27T04:12:15Z,in city limits,0.0
S5167054,annarbor,low-cost,Fire Station 6,1,13667130,5167054,42.24309,-83.75129,0.0,2025-07-22T13:04:52Z,2026-09-27T13:00:31Z,in city limits,0.0
S5167055,annarbor,low-cost,Ann Arbor Senior Center,2,13667125; 17463705,5167055; 6518335,42.265265,-83.727185,23.0,2025-07-22T13:04:32Z,2026-09-27T12:52:57Z,in city limits,0.0
S5167056,annarbor,low-cost,Bryant Community Center,1,13667126,5167056,42.23392,-83.71255,0.0,2025-07-22T13:00:54Z,2026-09-27T12:51:55Z,in city limits,0.0
S5740894,annarbor,low-cost,Ann Arbor City Hall,1,14086471,5740894,42.28177,-83.74537,0.0,2025-09-10T19:06:22Z,2026-09-27T12:57:17Z,in city limits,0.0
S6461784,annarbor,low-cost,Eberwhite Area,1,17049099,6461784,42.274837,-83.765404,0.0,2026-07-26T21:00:00Z,2026-09-27T14:00:00Z,in city limits,0.0
S6465776,annarbor,low-cost,Espy Cafe,1,17078146,6465776,42.282732,-83.75249,0.0,2026-07-29T16:00:00Z,2026-09-27T14:00:00Z,in city limits,0.0
S6479781,annarbor,low-cost,"Allen, Ann Arbor, MI",1,17180479,6479781,42.248829,-83.702709,0.0,2026-08-08T13:00:00Z,2026-09-27T14:00:00Z,in city limits,0.0
S1359,annarbor,reference,Ypsilanti,1,2436,1359,42.24,-83.5997,0.0,2016-03-06T20:00:00Z,2026-09-27T14:00:00Z,fallback within 10 km of city limits,6.88
S5956914,bakersfield,low-cost,Bakersfield,1,14244951,5956914,35.37032,-119.02999,0.0,2025-09-29T18:11:51Z,2026-09-27T12:54:47Z,in city limits,0.0
S6316359,bakersfield,low-cost,Jesus Home,1,16016881,6316359,35.32543,-119.019699,0.0,2026-04-21T19:00:00Z,2026-05-18T21:00:00Z,in city limits,0.0
S230814,bakersfield,reference,Bakersfield - Golden,1,1328938,230814,35.3853,-119.014702,0.0,2021-08-03T19:00:00Z,2026-09-27T13:00:00Z,in city limits,0.0
S6883,bakersfield,reference,Bakersfield - Califo,3,19786; 19790; 5077547,6883; 6885; 28777,35.356632,-119.062668,16.0,2017-05-15T19:00:00Z,2026-09-27T13:00:00Z,in city limits,0.0
S887,bakersfield,reference,Bakersfield - Califo,1,1613,887,35.3561,-119.0403,0.0,2016-03-06T20:00:00Z,2017-05-15T18:00:00Z,in city limits,0.0
S1235987,boston,low-cost,"Roxbury, Boston, MA",1,6530161,1235987,42.32719,-71.08677,0.0,2023-07-15T13:00:00Z,2026-08-03T13:00:00Z,in city limits,0.0
S3339950,boston,low-cost,Jamaica Plain,1,11821904,3339950,42.311344,-71.109269,0.0,2024-12-28T21:00:00Z,2026-09-27T14:00:00Z,in city limits,0.0
S5179638,boston,low-cost,Ruggles,1,13675962,5179638,42.3357,-71.0873,0.0,2025-07-23T14:02:41Z,2025-11-18T15:03:31Z,in city limits,0.0
S5179639,boston,low-cost,Roxbury Intersection / Roxbury Plaza,2,13675961; 13675965,5179639; 5179644,42.33133,-71.09487,47.0,2025-07-23T14:02:18Z,2025-12-17T14:54:33Z,in city limits,0.0
S5179640,boston,low-cost,Cedar St,1,13675960,5179640,42.32806,-71.09698,0.0,2025-07-23T14:12:01Z,2025-09-03T16:06:25Z,in city limits,0.0
S5179641,boston,low-cost,Albert St Park (control),1,13675964,5179641,42.33463,-71.09199,0.0,2025-07-23T14:01:32Z,2025-11-18T14:59:28Z,in city limits,0.0
S5179642,boston,low-cost,Jackson Square,1,13675966,5179642,42.32424,-71.09835,0.0,2025-07-23T14:12:27Z,2025-11-18T14:42:57Z,in city limits,0.0
S5179643,boston,low-cost,Nubian Square - DEP Station,1,13675963,5179643,42.32951,-71.08264,0.0,2025-07-23T14:00:23Z,2026-08-31T20:03:26Z,in city limits,0.0
S5179645,boston,low-cost,Prentiss St ,1,13675967,5179645,42.33297,-71.09274,0.0,2025-07-23T14:16:43Z,2025-11-18T14:44:28Z,in city limits,0.0
S6516883,boston,low-cost,"Jamaica Plain,MA",1,17453092,6516883,42.31233,-71.10246,0.0,2026-08-31T18:00:00Z,2026-09-27T14:00:00Z,in city limits,0.0
S396,boston,reference,Boston - North End,1,688,396,42.3631,-71.0542,0.0,2016-03-10T08:00:00Z,2018-04-04T15:00:00Z,in city limits,0.0
S448,boston,reference,Boston - Roxbury,1,783,448,42.329399,-71.082497,0.0,2016-03-11T18:00:00Z,2026-09-27T14:00:00Z,in city limits,0.0
S452,boston,reference,Boston - Von Hillern,1,786,452,42.325197,-71.056056,0.0,2016-03-10T08:00:00Z,2026-09-27T14:00:00Z,in city limits,0.0
S521,boston,reference,Boston - Kenmore Sq,1,25772,521,42.3489,-71.097702,0.0,2020-10-13T13:00:00Z,2026-09-27T14:00:00Z,in city limits,0.0
S788805,boston,reference,Boston - Chinatown,1,4302520,788805,42.349954,-71.059194,0.0,2023-03-31T06:00:00Z,2026-09-27T14:00:00Z,in city limits,0.0
S6533712,brownsville,low-cost,Brownsville Sensor #2,1,17576526,6533712,25.97887,-97.51765,0.0,2026-09-10T18:14:41Z,2026-09-27T12:57:46Z,in city limits,0.0
S6533713,brownsville,low-cost,Brownsville Sensor #5,1,17576522,6533713,25.90735,-97.49778,0.0,2026-09-10T18:09:59Z,2026-09-27T12:58:25Z,in city limits,0.0
S6533714,brownsville,low-cost,Brownsville Sensor #4,1,17576528,6533714,25.93709,-97.52057,0.0,2026-09-10T18:07:49Z,2026-09-27T12:57:14Z,in city limits,0.0
S6533715,brownsville,low-cost,Brownsville Sensor #10,1,17576525,6533715,25.93675,-97.39255,0.0,2026-09-10T18:07:20Z,2026-09-27T12:50:35Z,in city limits,0.0
S6533716,brownsville,low-cost,Brownsville Sensor #7,1,17576527,6533716,25.93287,-97.47463,0.0,2026-09-10T18:05:23Z,2026-09-27T13:05:24Z,in city limits,0.0
S6533717,brownsville,low-cost,Brownsville Sensor #3,1,17576529,6533717,25.96309,-97.53959,0.0,2026-09-10T18:05:36Z,2026-09-27T13:02:08Z,in city limits,0.0
S6533718,brownsville,low-cost,Brownsville Sensor #6,1,17576524,6533718,25.89002,-97.48231,0.0,2026-09-10T18:02:57Z,2026-09-27T13:03:52Z,in city limits,0.0
S6533719,brownsville,low-cost,Brownsville Sensor #1,1,17576530,6533719,26.00436,-97.51581,0.0,2026-09-10T18:17:20Z,2026-09-27T13:04:09Z,in city limits,0.0
S6533720,brownsville,low-cost,Brownsville Sensor #8,1,17576531,6533720,25.8953,-97.45058,0.0,2026-09-10T18:01:06Z,2026-09-27T13:03:41Z,in city limits,0.0
S6533721,brownsville,low-cost,Brownsville Sensor #9,1,17576523,6533721,25.86647,-97.40981,0.0,2026-09-10T18:11:00Z,2026-09-27T13:04:03Z,in city limits,0.0
S2360514,brownsville,reference,Brownsville East 6th,1,7798853,2360514,25.900911,-97.507784,0.0,2024-02-01T19:00:00Z,2026-09-25T16:00:00Z,in city limits,0.0
S833,brownsville,reference,Brownsville C80,1,1481,833,25.8925,-97.4936,0.0,2016-03-06T20:00:00Z,2023-04-04T13:00:00Z,in city limits,0.0
S4069042,delano,low-cost,Cecil Ave (DUESD) / Cecil Avenue - Colocated (SJVAir),2,12799544; 14486256,4069042; 6110247,35.775086,-119.238598,16.2,2025-04-16T20:00:00Z,2026-09-27T14:00:00Z,in city limits,0.0
S5123080,delano,low-cost,Delano West,1,14153806,5123080,35.775837,-119.294303,0.0,2025-09-19T00:00:00Z,2026-09-27T14:00:00Z,in city limits,0.0
S6110246,delano,low-cost,Harvest & La Vina (DUESD),1,14486251,6110246,35.77413,-119.227249,0.0,2025-10-27T20:00:00Z,2026-09-27T14:00:00Z,in city limits,0.0
S6110282,delano,low-cost,Princeton Street (DUESD),1,14486506,6110282,35.781561,-119.237238,0.0,2025-10-27T21:00:00Z,2026-09-27T14:00:00Z,in city limits,0.0
S6110283,delano,low-cost,Terrace (DUESD),1,14486511,6110283,35.782268,-119.241158,0.0,2025-10-27T21:00:00Z,2026-09-27T14:00:00Z,in city limits,0.0
S6110284,delano,low-cost,Morningside (DUESD),1,14486516,6110284,35.786216,-119.227379,0.0,2025-10-27T21:00:00Z,2026-09-27T14:00:00Z,in city limits,0.0
S6110320,delano,low-cost,Del Vista (DUESD),1,14486766,6110320,35.767037,-119.233907,0.0,2025-10-27T22:00:00Z,2026-09-27T14:00:00Z,in city limits,0.0
S6110321,delano,low-cost,Almond Tree (DUESD),1,14487510,6110321,35.773558,-119.262019,0.0,2025-10-27T23:00:00Z,2026-09-27T14:00:00Z,in city limits,0.0
S6110322,delano,low-cost,Pioneer (DUESD),1,14486771,6110322,35.766219,-119.268163,0.0,2025-10-27T22:00:00Z,2026-09-27T14:00:00Z,in city limits,0.0
S6110323,delano,low-cost,Nueva Vista (DUESD),1,14486776,6110323,35.760925,-119.255108,0.0,2025-10-27T22:00:00Z,2026-09-27T14:00:00Z,in city limits,0.0
S6110423,delano,low-cost,Fremont (DUESD),1,14487515,6110423,35.772478,-119.254998,0.0,2025-10-27T23:00:00Z,2026-09-27T14:00:00Z,in city limits,0.0
S6110424,delano,low-cost,Albany Park (DUESD),1,14487520,6110424,35.783576,-119.262142,0.0,2025-10-27T23:00:00Z,2026-09-27T14:00:00Z,in city limits,0.0
S5014196,detroit,low-cost,Cheryl's Place / HFH Cures 8,2,13555753; 14863953,5014196; 6161251,42.40756,-82.96633,17.6,2025-07-09T14:05:09Z,2026-07-21T12:08:18Z,in city limits,0.0
S5014197,detroit,low-cost,Grosse Pointe Moving + Storage,1,13555752,5014197,42.36855,-82.96569,0.0,2025-07-09T14:02:13Z,2026-09-27T13:02:40Z,in city limits,0.0
S5206276,detroit,low-cost,Junction & W. Vernor,1,14152820,5206276,42.318957,-83.102502,0.0,2025-09-19T00:00:00Z,2026-09-27T14:00:00Z,in city limits,0.0
S5206750,detroit,low-cost,W. Vernor & Clark - Vamanos!,1,13696244,5206750,42.320028,-83.096759,0.0,2025-07-25T22:00:00Z,2026-09-25T22:00:00Z,in city limits,0.0
S5209153,detroit,low-cost,Campbell & Plumer,1,14152845,5209153,42.321952,-83.10707,0.0,2025-09-19T00:00:00Z,2026-09-27T14:00:00Z,in city limits,0.0
S5209154,detroit,low-cost,Lockwood & St. Hedwig,1,14152875,5209154,42.328755,-83.106926,0.0,2025-09-19T00:00:00Z,2026-09-27T14:00:00Z,in city limits,0.0
S5209155,detroit,low-cost,Campbell & Christiancy,1,14153080,5209155,42.314489,-83.10225,0.0,2025-09-19T00:00:00Z,2026-09-27T14:00:00Z,in city limits,0.0
S5209156,detroit,low-cost,Michigan & Junction,1,14153085,5209156,42.330989,-83.112095,0.0,2025-09-19T00:00:00Z,2026-09-27T14:00:00Z,in city limits,0.0
S5209626,detroit,low-cost,Clark & Brandon,1,14152830,5209626,42.323836,-83.099118,0.0,2025-09-19T00:00:00Z,2026-08-11T17:00:00Z,in city limits,0.0
S5209627,detroit,low-cost,Scotten & Brandon,1,14153100,5209627,42.324198,-83.097576,0.0,2025-09-19T00:00:00Z,2026-09-27T14:00:00Z,in city limits,0.0
S6141298,detroit,low-cost,Henry Ford Sensor 1,1,14715283,6141298,42.392461,-82.993432,0.0,2025-11-24T20:00:00Z,2026-09-06T18:00:00Z,in city limits,0.0
S6141476,detroit,low-cost,HFH CURES 30,1,14715288,6141476,42.385978,-83.13397,0.0,2025-11-24T22:00:00Z,2026-09-27T11:00:00Z,in city limits,0.0
S6153000,detroit,low-cost,HFH CURES 5,1,14801940,6153000,42.36978,-82.99977,0.0,2025-12-05T02:00:00Z,2026-05-13T18:00:00Z,in city limits,0.0
S6158805,detroit,low-cost,HFH CURES 7,1,14845837,6158805,42.38267,-82.98246,0.0,2025-12-10T00:00:00Z,2026-09-27T14:00:00Z,in city limits,0.0
S6161328,detroit,low-cost,HFH CURES 9,1,14864522,6161328,42.366406,-82.934867,0.0,2025-12-11T21:00:00Z,2026-01-22T18:00:00Z,in city limits,0.0
S6168327,detroit,low-cost,HFH CURES 11,1,14916870,6168327,42.358135,-82.943397,0.0,2025-12-17T18:00:00Z,2026-09-27T14:00:00Z,in city limits,0.0
S6191915,detroit,low-cost,HFH CURES 14,1,15092835,6191915,42.383838,-82.965354,0.0,2026-01-06T18:00:00Z,2026-06-06T21:00:00Z,in city limits,0.0
S6192817,detroit,low-cost,HFH CURES 15,1,15099658,6192817,42.403556,-82.953007,0.0,2026-01-07T14:00:00Z,2026-01-23T16:00:00Z,in city limits,0.0
S6202468,detroit,low-cost,HFH CURES 16,1,15666056,6202468,42.341808,-83.105969,0.0,2026-03-12T21:00:00Z,2026-05-12T13:00:00Z,in city limits,0.0
S6238928,detroit,low-cost,HFH CURES 19,1,15437588,6238928,42.370454,-83.032763,0.0,2026-02-13T19:00:00Z,2026-07-25T22:00:00Z,in city limits,0.0
S6244760,detroit,low-cost,HFH CURES 21,1,15480931,6244760,42.405685,-82.942146,0.0,2026-02-18T20:00:00Z,2026-02-24T15:00:00Z,in city limits,0.0
S6246805,detroit,low-cost,HFH CURES 23,1,15496012,6246805,42.397516,-82.929523,0.0,2026-02-20T15:00:00Z,2026-09-27T14:00:00Z,in city limits,0.0
S6251317,detroit,low-cost,L101AAX885,1,15529739,6251317,42.41957,-83.06516,0.0,2026-02-24T16:11:25Z,2026-07-07T16:57:19Z,in city limits,0.0
S6251318,detroit,low-cost,L101AAY190,1,15529736,6251318,42.42181,-83.06701,0.0,2026-02-24T16:10:13Z,2026-09-27T12:51:20Z,in city limits,0.0
S6251319,detroit,low-cost,L101AAY215,1,15529738,6251319,42.41848,-83.06823,0.0,2026-02-24T16:00:23Z,2026-07-15T01:34:22Z,in city limits,0.0
S6251320,detroit,low-cost,L101AAX899,1,15529737,6251320,42.41929,-83.07115,0.0,2026-02-24T16:01:26Z,2026-09-27T12:57:37Z,in city limits,0.0
S6251467,detroit,low-cost,HFH CURES 24,1,15530806,6251467,42.336632,-83.015433,0.0,2026-02-24T20:00:00Z,2026-03-22T06:00:00Z,in city limits,0.0
S6261190,detroit,low-cost,HFH CURES 26,1,15603869,6261190,42.352383,-82.99561,0.0,2026-03-05T14:00:00Z,2026-09-27T14:00:00Z,in city limits,0.0
S6269281,detroit,low-cost,HFH CURES 29,1,15664671,6269281,42.400269,-82.945695,0.0,2026-03-12T15:00:00Z,2026-06-08T13:00:00Z,in city limits,0.0
S6279875,detroit,low-cost,Muirland St.,1,15742123,6279875,42.41485,-83.133957,0.0,2026-03-21T14:00:00Z,2026-09-27T14:00:00Z,in city limits,0.0
S6330408,detroit,low-cost,AFQ104,1,16120336,6330408,42.38223,-83.19835,0.0,2026-05-01T14:06:10Z,2026-09-27T12:58:59Z,in city limits,0.0
S6330409,detroit,low-cost,L110AEE573,1,16120337,6330409,42.37991,-83.20346,0.0,2026-05-01T14:00:00Z,2026-07-26T00:54:26Z,in city limits,0.0
S6447088,detroit,low-cost,L110AEE592,1,16941195,6447088,42.37995,-83.19853,0.0,2026-07-16T16:05:08Z,2026-09-27T12:55:07Z,in city limits,0.0
S2140,detroit,reference,Detroit-E7 Mile,1,7786854,2140,42.430801,-83.000801,0.0,2024-01-30T20:00:00Z,2026-09-27T14:00:00Z,in city limits,0.0
S2143,detroit,reference,Detroit-Southwest,1,20277,2143,42.3042,-83.1072,0.0,2019-07-19T17:00:00Z,2026-09-27T14:00:00Z,in city limits,0.0
S2144,detroit,reference,DETROIT - W LAFAYETT,1,3855,2144,42.3231,-83.0689,0.0,2016-03-06T20:00:00Z,2019-01-08T15:00:00Z,in city limits,0.0
S2194,detroit,reference,Eliza Howell - Near,1,14013,2194,42.38599,-83.266319,0.0,2016-09-01T15:00:00Z,2026-09-27T14:00:00Z,in city limits,0.0
S7000,detroit,reference,Detroit-Trinity,1,20271,7000,42.295824,-83.129431,0.0,2018-11-20T17:00:00Z,2026-09-27T14:00:00Z,in city limits,0.0
S7001,detroit,reference,Detroit-DP4th,1,20275,7001,42.312158,-83.091943,0.0,2018-11-20T17:00:00Z,2026-09-27T14:00:00Z,in city limits,0.0
S7002,detroit,reference,Detroit-Military Par,1,5077836,7002,42.312078,-83.103469,0.0,2022-10-04T18:00:00Z,2026-09-27T14:00:00Z,in city limits,0.0
S7004,detroit,reference,Detroit-NMH48217,1,5077691,7004,42.261669,-83.157893,0.0,2022-10-04T18:00:00Z,2026-09-27T14:00:00Z,in city limits,0.0
S2068,eugene,reference,Eugene - Highway 99,2,3683; 5087771,2068; 26426,44.067223,-123.14135,0.0,2016-03-06T20:00:00Z,2026-09-27T14:00:00Z,in city limits,0.0
S2069,eugene,reference,Eugene - Amazon Park,1,3684,2069,44.0263,-123.08377,0.0,2016-03-06T20:00:00Z,2026-09-27T14:00:00Z,in city limits,0.0
S8576,eugene,reference,Eugene - Wilkes Dr.,1,24924,8576,44.1158,-123.12107,0.0,2018-08-08T20:00:00Z,2026-09-27T14:00:00Z,in city limits,0.0
S1880,fairbanks,reference,NCore,1,3330,1880,64.8458,-147.72727,0.0,2016-03-06T20:00:00Z,2026-09-27T14:00:00Z,in city limits,0.0
S7089,fairbanks,reference,A Street,1,20507,7089,64.845931,-147.693278,0.0,2019-06-19T12:00:00Z,2026-09-27T12:00:00Z,in city limits,0.0
S2832269,fresno,low-cost,Root Access Hackerspace / sjvair-ac7c,2,9112205; 10206363,2832269; 3009053,36.762701,-119.79872,15.1,2024-05-07T04:00:00Z,2026-05-22T00:00:00Z,in city limits,0.0
S5956915,fresno,low-cost,Fresno,1,14244950,5956915,36.70308,-119.75934,0.0,2025-09-29T18:50:32Z,2026-09-27T12:58:21Z,in city limits,0.0
S6111327,fresno,low-cost,Fresno-Garland,1,14494111,6111327,36.785189,-119.772974,0.0,2025-10-28T20:00:00Z,2026-02-18T22:00:00Z,in city limits,0.0
S6180249,fresno,low-cost,SJVAir-7740,1,15005248,6180249,36.818386,-119.76255,0.0,2025-12-27T18:00:00Z,2026-09-27T14:00:00Z,in city limits,0.0
S234614,fresno,reference,Fresno-Foundry Park,1,1349599,234614,36.71088,-119.77743,0.0,2021-09-03T19:00:00Z,2026-09-27T13:00:00Z,in city limits,0.0
S895,fresno,reference,Fresno - Garland,1,1639,895,36.78538,-119.77321,0.0,2016-03-06T20:00:00Z,2026-09-27T13:00:00Z,in city limits,0.0
S921008,fresno,reference,Fresno-Pacific,1,5077593,921008,36.72622,-119.73249,0.0,2022-10-04T18:00:00Z,2026-09-27T13:00:00Z,in city limits,0.0
S1001754,losangeles,low-cost,A424LYXV / N. Main Street Collocation,2,2001329; 10141094,1001754; 2945078,34.066389,-118.226669,0.3,2021-12-19T22:56:56Z,2026-09-27T13:03:25Z,in city limits,0.0
S1002069,losangeles,low-cost,2303 - Porter Ranch Community School,1,2000736,1002069,34.293052,-118.581285,0.0,2022-02-18T01:58:41Z,2023-09-19T13:50:19Z,in city limits,0.0
S1008670,losangeles,low-cost,103rd St.,1,2001226,1008670,33.94313,-118.24321,0.0,2021-12-19T23:00:00Z,2025-01-08T21:05:15Z,in city limits,0.0
S1037394,losangeles,low-cost,Imperial Hwy.,1,2001212,1037394,33.92907,-118.2309,0.0,2022-01-14T08:00:00Z,2026-08-28T22:31:49Z,in city limits,0.0
S1037399,losangeles,low-cost,A0VG3NY7,1,2001218,1037399,33.93129,-118.25421,0.0,2021-12-19T22:52:57Z,2022-12-30T23:06:38Z,in city limits,0.0
S1037495,losangeles,low-cost,A6CW7BPK,1,2001176,1037495,33.952,-118.23637,0.0,2021-12-19T22:53:50Z,2022-12-30T23:05:14Z,in city limits,0.0
S1285716,losangeles,low-cost,Westminster El (7699),1,2088600,1285716,33.99189,-118.47187,0.0,2022-11-15T15:00:00Z,2026-09-27T13:03:24Z,in city limits,0.0
S1314366,losangeles,low-cost,Jordan HS (8721),1,2088601,1314366,33.94582,-118.23038,0.0,2022-11-15T16:00:00Z,2026-09-27T13:05:56Z,in city limits,0.0
S1533721,losangeles,low-cost,Porter Ranch Cmty Sch (2303),1,6895828,1533721,34.29327,-118.57995,0.0,2023-09-05T19:00:00Z,2026-09-27T15:06:19Z,in city limits,0.0
S1533911,losangeles,low-cost,Estrella ES (2942) / Unnamed (DTNWP2832 → AKJWNNMC),2,6896234; 6896260,1533911; 1533917,33.99015,-118.273633,7.2,2023-09-05T18:57:48Z,2026-09-27T13:04:45Z,in city limits,0.0
S1716811,losangeles,low-cost,"Marco Triangle Park, Venice, California",1,7217298,1716811,33.991524,-118.459939,0.0,2023-10-17T04:00:00Z,2026-09-27T14:00:00Z,in city limits,0.0
S2812558,losangeles,low-cost,Terasaki Life Sciences,1,8967149,2812558,34.06739,-118.44043,0.0,2024-04-24T16:00:00Z,2026-09-27T13:06:50Z,in city limits,0.0
S2812560,losangeles,low-cost,UCLA Ronald Reagan Hospital,1,8967447,2812560,34.06624,-118.44533,0.0,2024-04-24T16:00:00Z,2026-09-27T13:06:23Z,in city limits,0.0
S2812572,losangeles,low-cost,Sycamore Court Apartments,1,8967127,2812572,34.06184,-118.44899,0.0,2024-04-24T16:00:00Z,2026-09-27T13:06:26Z,in city limits,0.0
S2812577,losangeles,low-cost,Sherman Oaks,1,8966929,2812577,34.13053,-118.45947,0.0,2024-04-24T16:00:00Z,2026-05-23T00:59:00Z,in city limits,0.0
S2812581,losangeles,low-cost,Sproul Hall,1,8967103,2812581,34.07245,-118.45012,0.0,2024-04-24T16:00:00Z,2026-09-27T13:05:12Z,in city limits,0.0
S2812720,losangeles,low-cost,Anderson,1,8967463,2812720,34.07381,-118.44365,0.0,2024-04-24T16:00:00Z,2026-09-27T13:05:10Z,in city limits,0.0
S290486,losangeles,low-cost,8544 - Roybal Lc / Roybal LC (8544),2,1654141; 2000718,290486; 947180,34.061778,-118.25487,0.4,2022-02-18T01:56:06Z,2026-09-27T13:03:01Z,in city limits,0.0
S290493,losangeles,low-cost,107th St ES (5857) / 5857 - 107Th St El,2,1654143; 2000448,290493; 947348,33.940181,-118.272492,0.4,2022-02-18T01:55:41Z,2026-09-27T13:05:53Z,in city limits,0.0
S290509,losangeles,low-cost,6192 - Ranchito El / Ranchito ES (6192),3,1654191; 2000579; 7526877,290509; 947293; 1949203,34.21473,-118.43364,48.5,2022-02-18T01:54:36Z,2026-09-27T15:02:21Z,in city limits,0.0
S290514,losangeles,low-cost,6288 - Rio Vista Elementary,1,2000869,290514,34.147433,-118.368827,0.0,2022-02-18T01:53:07Z,2023-02-15T23:55:28Z,in city limits,0.0
S290527,losangeles,low-cost,4315 - Gulf El / Gulf ES (4315),3,1654269; 1654457; 2000497,290527; 290598; 947150,33.785483,-118.272722,0.6,2022-02-28T23:42:07Z,2026-09-27T15:06:03Z,in city limits,0.0
S290539,losangeles,low-cost,5014 - Loyola Village Elementary,1,2000834,290539,33.957555,-118.421108,0.0,2022-02-18T01:52:46Z,2022-10-21T17:55:29Z,in city limits,0.0
S290548,losangeles,low-cost,4521 - Hesby Oaks / Hesby Oaks SPAN (4521),2,1654333; 2000539,290548; 947270,34.161321,-118.472591,0.3,2022-02-18T01:54:38Z,2026-09-27T13:01:46Z,in city limits,0.0
S290556,losangeles,low-cost,3959 - 42Nd St El / 42nd St ES (3959),2,1654360; 2000724,290556; 947323,34.006341,-118.322008,0.5,2022-02-18T01:57:48Z,2026-09-27T13:02:48Z,in city limits,0.0
S290562,losangeles,low-cost,7781 - Wilmington Pk El / Wilmington Pk ES (7781),2,1654355; 2000707,290562; 947320,33.786168,-118.245751,0.4,2022-02-18T01:56:30Z,2026-09-27T15:02:03Z,in city limits,0.0
S290579,losangeles,low-cost,4764 - Lanai Road Elementary,1,2000475,290579,34.149072,-118.493138,0.0,2022-02-18T01:52:40Z,2023-02-15T23:58:16Z,in city limits,0.0
S290586,losangeles,low-cost,5986 - Palms El,1,2000731,290586,34.026064,-118.40747,0.0,2022-02-18T01:54:42Z,2022-10-21T17:06:32Z,in city limits,0.0
S290592,losangeles,low-cost,6137 - Point Fermin Elementary / Point Fermin Magnet ES (6137),2,1654435; 2000472,290592; 947329,33.714258,-118.29024,0.5,2022-02-18T01:52:33Z,2026-09-27T15:02:02Z,in city limits,0.0
S290612,losangeles,low-cost,8664 - Gardena Sh / Gardena HS (8664),2,2000522; 2000674,290612; 947186,33.868398,-118.296758,0.6,2022-02-18T01:52:10Z,2026-09-27T13:01:55Z,in city limits,0.0
S290613,losangeles,low-cost,Sheridan St ES (6685),2,1654499; 2000516,290613; 947317,34.049461,-118.207988,0.5,2022-02-18T01:52:35Z,2026-09-27T13:02:41Z,in city limits,0.0
S290617,losangeles,low-cost,2383 - Esperanza El / Esperanza ES (2383),2,1654545; 2000783,290617; 947254,34.054959,-118.271681,0.3,2022-02-18T01:53:57Z,2026-09-27T13:03:30Z,in city limits,0.0
S290619,losangeles,low-cost,4790 - Lassen Es / Lassen Es (4790),2,1654532; 2000599,290619; 947184,34.247141,-118.459832,0.4,2022-02-18T01:57:39Z,2026-09-27T15:03:28Z,in city limits,0.0
S290627,losangeles,low-cost,4096 - Gates El / Gates ES (4096),2,1654577; 2000499,290627; 947168,34.07283,-118.205809,0.1,2022-02-18T01:57:28Z,2026-09-27T13:05:04Z,in city limits,0.0
S290631,losangeles,low-cost,2603 - Buchanan El / Buchanan ES (2603),2,1654556; 2000578,290631; 947264,34.119089,-118.206451,0.2,2022-02-18T01:57:06Z,2026-09-27T13:02:30Z,in city limits,0.0
S290647,losangeles,low-cost,5342 - Monlux El / Monlux ES (5342),2,1654629; 2000443,290647; 947236,34.181681,-118.409962,0.4,2022-02-18T01:56:27Z,2026-09-27T13:02:26Z,in city limits,0.0
S290676,losangeles,low-cost,7562 - Vintage Math/Sci Mag / Vintage Math/Sci Mag ES (7562),2,1654718; 2000517,290676; 947239,34.251889,-118.477298,0.4,2022-02-18T01:53:35Z,2026-09-27T15:05:43Z,in city limits,0.0
S3066056,losangeles,low-cost,Community Magnet ES (2741),1,10635291,3066056,34.08278,-118.46278,0.0,2024-09-16T17:12:07Z,2026-09-27T13:01:52Z,in city limits,0.0
S3301739,losangeles,low-cost,North Hollywood,1,11546715,3301739,34.169239,-118.379672,0.0,2024-12-06T00:00:00Z,2026-09-27T14:00:00Z,in city limits,0.0
S3390415,losangeles,low-cost,Kenter Canyon ES,1,12142828,3390415,34.07106,-118.48954,0.0,2025-02-03T20:05:26Z,2026-09-27T13:05:55Z,in city limits,0.0
S3400917,losangeles,low-cost,LA,1,12178192,3400917,34.03444,-118.422865,0.0,2025-02-11T18:00:00Z,2026-09-27T14:00:00Z,in city limits,0.0
S3400927,losangeles,low-cost,outlier,1,12178232,3400927,34.077459,-118.36045,0.0,2025-02-11T18:00:00Z,2026-09-27T14:00:00Z,in city limits,0.0
S3400944,losangeles,low-cost,Brentwood - la,1,12178292,3400944,34.051754,-118.495594,0.0,2025-02-11T18:00:00Z,2025-09-25T19:00:00Z,in city limits,0.0
S3400946,losangeles,low-cost,West Los Angeles,1,12178300,3400946,34.047699,-118.439408,0.0,2025-02-11T18:00:00Z,2026-09-27T14:00:00Z,in city limits,0.0
S3400959,losangeles,low-cost,PicWood_Malcolm_Ave_01,1,12178352,3400959,34.042457,-118.427817,0.0,2025-02-11T18:00:00Z,2026-09-27T14:00:00Z,in city limits,0.0
S3400965,losangeles,low-cost,Elysian Heights (Preston Ave),1,12178372,3400965,34.087405,-118.251968,0.0,2025-02-11T18:00:00Z,2026-09-27T14:00:00Z,in city limits,0.0
S3400983,losangeles,low-cost,Cielo Way,1,12178420,3400983,34.102587,-118.312553,0.0,2025-02-11T18:00:00Z,2026-09-27T14:00:00Z,in city limits,0.0
S3400990,losangeles,low-cost,PICOROXBURY,1,14154011,3400990,34.055409,-118.40271,0.0,2025-09-19T00:00:00Z,2026-09-27T14:00:00Z,in city limits,0.0
S3443111,losangeles,low-cost,"Los Feliz, Los Angeles",1,12265013,3443111,34.107968,-118.277197,0.0,2025-02-21T17:00:00Z,2026-08-23T23:00:00Z,in city limits,0.0
S3632602,losangeles,low-cost,Selma,1,12417715,3632602,34.09986,-118.32116,0.0,2025-03-08T21:00:00Z,2026-09-27T14:00:00Z,in city limits,0.0
S3886370,losangeles,low-cost,Van Nuys,1,12624292,3886370,34.2027,-118.49605,0.0,2025-03-29T18:00:00Z,2025-05-11T01:00:00Z,in city limits,0.0
S3903452,losangeles,low-cost,DTLA,1,14152610,3903452,34.038434,-118.262934,0.0,2025-09-19T00:00:00Z,2026-08-09T20:00:00Z,in city limits,0.0
S3910090,losangeles,low-cost,Loyola Village ES (5014),1,12643354,3910090,33.95758,-118.42044,0.0,2025-03-31T19:05:20Z,2026-09-27T13:04:20Z,in city limits,0.0
S3930632,losangeles,low-cost,Father's Office,1,12661032,3930632,34.047306,-118.23506,0.0,2025-04-02T16:00:00Z,2025-11-03T02:00:00Z,in city limits,0.0
S4011243,losangeles,low-cost,LAX,1,12744305,4011243,33.95408,-118.38475,0.0,2025-04-11T03:00:00Z,2026-01-15T06:00:00Z,in city limits,0.0
S4715689,losangeles,low-cost,Gramercy Swamp,1,14152840,4715689,34.074791,-118.31221,0.0,2025-09-19T00:00:00Z,2026-09-27T14:00:00Z,in city limits,0.0
S4869634,losangeles,low-cost,Los Angeles - Mid City,1,13437913,4869634,34.047822,-118.346382,0.0,2025-06-26T19:00:00Z,2026-09-19T02:00:00Z,in city limits,0.0
S5217366,losangeles,low-cost,York,1,13704200,5217366,34.122816,-118.21399,0.0,2025-07-26T22:00:00Z,2026-09-27T14:00:00Z,in city limits,0.0
S5276665,losangeles,low-cost,Lago Vista Drive,1,14153323,5276665,34.097234,-118.409102,0.0,2025-09-19T00:00:00Z,2026-09-27T14:00:00Z,in city limits,0.0
S5319289,losangeles,low-cost,Revere MS (8356) #1,1,13779500,5319289,34.05484,-118.49437,0.0,2025-08-04T20:02:51Z,2026-09-27T13:04:14Z,in city limits,0.0
S5319290,losangeles,low-cost,Marquez ES (5164) #3,1,13779499,5319290,34.04644,-118.54759,0.0,2025-08-04T20:01:52Z,2026-09-27T15:02:45Z,in city limits,0.0
S5319291,losangeles,low-cost,Palisades HS #3,1,13779504,5319291,34.04565,-118.53218,0.0,2025-08-04T20:05:01Z,2026-09-27T15:02:19Z,in city limits,0.0
S5319292,losangeles,low-cost,Revere MS (8356) #3,1,13779503,5319292,34.05817,-118.49526,0.0,2025-08-04T20:01:07Z,2026-09-27T13:06:27Z,in city limits,0.0
S5319294,losangeles,low-cost,Marquez ES (5164) #1,1,13779502,5319294,34.04482,-118.54927,0.0,2025-08-04T20:00:24Z,2026-09-27T15:05:53Z,in city limits,0.0
S5319296,losangeles,low-cost,Marquez ES (5164) #2,1,13779498,5319296,34.04584,-118.54742,0.0,2025-08-04T20:04:37Z,2026-09-27T15:06:29Z,in city limits,0.0
S5319297,losangeles,low-cost,Palisades ES (5959) #2,1,13779501,5319297,34.04509,-118.52661,0.0,2025-08-04T20:05:25Z,2026-09-27T15:05:28Z,in city limits,0.0
S5329272,losangeles,low-cost,Nora Sterry ES,1,13787196,5329272,34.04474,-118.44736,0.0,2025-08-05T18:04:50Z,2026-09-27T13:06:28Z,in city limits,0.0
S5329789,losangeles,low-cost,Palisades HS #2,1,13787703,5329789,34.04745,-118.53227,0.0,2025-08-05T19:00:47Z,2026-09-27T15:06:02Z,in city limits,0.0
S5341477,losangeles,low-cost,Palisades HS #4,1,13795882,5341477,34.04744,-118.53013,0.0,2025-08-06T19:05:26Z,2026-09-27T15:06:24Z,in city limits,0.0
S5342895,losangeles,low-cost,Palisades HS #1,1,13797148,5342895,34.04965,-118.53026,0.0,2025-08-06T23:01:52Z,2026-09-27T15:01:48Z,in city limits,0.0
S5351389,losangeles,low-cost,Emerson MS,1,13803131,5351389,34.05444,-118.43556,0.0,2025-08-07T16:04:15Z,2026-09-27T13:04:38Z,in city limits,0.0
S5351913,losangeles,low-cost,Mar Vista ES,1,13803638,5351913,34.01654,-118.43476,0.0,2025-08-07T17:01:02Z,2026-09-27T13:02:10Z,in city limits,0.0
S5352400,losangeles,low-cost,University HS,1,13803892,5352400,34.04565,-118.45998,0.0,2025-08-07T18:01:59Z,2026-09-27T13:04:57Z,in city limits,0.0
S5353402,losangeles,low-cost,Richland Ave ES,1,13804643,5353402,34.02783,-118.43933,0.0,2025-08-07T20:04:27Z,2026-09-27T13:05:12Z,in city limits,0.0
S5353403,losangeles,low-cost,Fairburn ES,1,13804642,5353403,34.05861,-118.43194,0.0,2025-08-07T20:03:43Z,2026-09-27T13:06:16Z,in city limits,0.0
S6200232,losangeles,low-cost,Robertson Public Library - Inside / Robertson Public Library - Outside,2,15154093; 15154342,6200232; 6200271,34.04863,-118.38592,46.2,2026-01-13T22:07:05Z,2026-09-27T13:05:05Z,in city limits,0.0
S6200266,losangeles,low-cost,Sylmar Public Library - Outside,1,15154345,6200266,34.30767,-118.45014,0.0,2026-01-13T22:13:35Z,2026-09-27T14:52:08Z,in city limits,0.0
S6200267,losangeles,low-cost,Eagle Rock Public Library - Inside,1,15154348,6200267,34.13754,-118.21847,0.0,2026-01-13T22:13:18Z,2026-09-27T12:57:35Z,in city limits,0.0
S6200268,losangeles,low-cost,Eagle Rock Public Library - Outside,1,15154344,6200268,34.13795,-118.21477,0.0,2026-01-13T22:13:00Z,2026-09-27T12:53:39Z,in city limits,0.0
S6200269,losangeles,low-cost,Chatsworth Public Library - Inside,1,15154347,6200269,34.257,-118.59465,0.0,2026-01-13T22:09:27Z,2026-09-27T14:51:29Z,in city limits,0.0
S6200270,losangeles,low-cost,Chatsworth Public Library - Outside,1,15154346,6200270,34.257,-118.59285,0.0,2026-01-13T22:08:59Z,2026-09-27T14:53:01Z,in city limits,0.0
S6200272,losangeles,low-cost,Wilmington Public Library - Inside,1,15154340,6200272,33.78915,-118.26498,0.0,2026-01-13T22:21:11Z,2026-09-27T14:49:45Z,in city limits,0.0
S6200273,losangeles,low-cost,Sylmar Public Library - Inside,1,15154343,6200273,34.30755,-118.45239,0.0,2026-01-13T22:21:56Z,2026-09-27T15:06:56Z,in city limits,0.0
S6200274,losangeles,low-cost,Wilmington Public Library - Outside,1,15154341,6200274,33.78907,-118.26315,0.0,2026-01-13T22:17:35Z,2026-09-27T14:52:01Z,in city limits,0.0
S6250571,losangeles,low-cost,MobNukem PR,1,15524164,6250571,34.291848,-118.5737,0.0,2026-02-24T01:00:00Z,2026-09-27T15:00:00Z,in city limits,0.0
S6307175,losangeles,low-cost,Watson Yard,1,15946784,6307175,33.79963,-118.25378,0.0,2026-04-14T02:12:52Z,2026-09-27T14:54:04Z,in city limits,0.0
S6400251,losangeles,low-cost,Woodbridge St (Rooftop),1,16597695,6400251,34.148791,-118.362922,0.0,2026-06-12T23:00:00Z,2026-09-27T14:00:00Z,in city limits,0.0
S6406101,losangeles,low-cost,Little Vons - North Kentwood,1,16640847,6406101,33.969474,-118.406013,0.0,2026-06-16T23:00:00Z,2026-09-27T14:00:00Z,in city limits,0.0
S6417502,losangeles,low-cost,Los Angeles: Bunker Hill,1,16725334,6417502,34.055626,-118.252981,0.0,2026-06-25T01:00:00Z,2026-06-25T01:00:00Z,in city limits,0.0
S6417503,losangeles,low-cost,Atwater Equestrian District,1,16725339,6417503,34.128064,-118.270284,0.0,2026-06-25T01:00:00Z,2026-09-27T14:00:00Z,in city limits,0.0
S6439246,losangeles,low-cost,Frogtown,1,16885839,6439246,34.090667,-118.233592,0.0,2026-07-10T04:00:00Z,2026-09-27T14:00:00Z,in city limits,0.0
S6489302,losangeles,low-cost,Levering,1,17251181,6489302,34.068362,-118.456122,0.0,2026-08-15T02:00:00Z,2026-09-27T14:00:00Z,in city limits,0.0
S923364,losangeles,low-cost,Rio Vista ES (6288),1,2088604,923364,34.14764,-118.36771,0.0,2022-11-15T15:00:00Z,2026-09-27T13:05:25Z,in city limits,0.0
S923365,losangeles,low-cost,Lanai Rd ES (4764),1,2088548,923365,34.1484,-118.49257,0.0,2022-11-15T15:00:00Z,2026-09-27T15:02:47Z,in city limits,0.0
S947151,losangeles,low-cost,South Shores Per Arts Mag ES (6870),1,2001084,947151,33.72305,-118.32231,0.0,2022-02-18T02:00:00Z,2026-09-27T15:05:46Z,in city limits,0.0
S947152,losangeles,low-cost,Arminta St ES (2205),1,2000821,947152,34.215,-118.38277,0.0,2022-02-18T02:00:00Z,2026-09-27T13:02:01Z,in city limits,0.0
S947153,losangeles,low-cost,Calvert ES (2712),1,2000779,947153,34.18177,-118.56517,0.0,2022-02-18T02:00:00Z,2026-09-27T15:03:46Z,in city limits,0.0
S947155,losangeles,low-cost,Stagg ES (6890),1,2000929,947155,34.21295,-118.50658,0.0,2022-02-18T02:00:00Z,2026-09-27T15:04:26Z,in city limits,0.0
S947156,losangeles,low-cost,Taft HS (8880),1,2000650,947156,34.16853,-118.57312,0.0,2022-02-18T02:00:00Z,2026-09-27T15:06:26Z,in city limits,0.0
S947157,losangeles,low-cost,Sharp ES (6665),1,2000645,947157,34.25229,-118.43252,0.0,2022-02-18T02:00:00Z,2026-09-27T15:03:16Z,in city limits,0.0
S947158,losangeles,low-cost,Compton ES (3205),1,2000768,947158,33.94224,-118.2471,0.0,2022-02-18T02:00:00Z,2026-09-27T13:06:48Z,in city limits,0.0
S947161,losangeles,low-cost,Weigand ES (7634),1,2000561,947161,33.94164,-118.23015,0.0,2022-02-18T02:00:00Z,2026-09-27T13:06:00Z,in city limits,0.0
S947162,losangeles,low-cost,Vinedale ES (7548),1,2000676,947162,34.23318,-118.35243,0.0,2022-02-18T02:00:00Z,2026-09-27T13:05:53Z,in city limits,0.0
S947163,losangeles,low-cost,Trinity ES (7219),1,2001076,947163,34.0124,-118.26886,0.0,2022-02-18T02:00:00Z,2026-09-27T13:07:01Z,in city limits,0.0
S947164,losangeles,low-cost,Berendo MS (8057),1,2000935,947164,34.04997,-118.29504,0.0,2022-02-18T01:56:30Z,2026-09-27T13:04:47Z,in city limits,0.0
S947165,losangeles,low-cost,Atwater ES (2233),1,2000945,947165,34.11509,-118.25456,0.0,2022-02-18T02:00:00Z,2026-09-27T13:06:24Z,in city limits,0.0
S947166,losangeles,low-cost,Valley View ES (7397),1,2000750,947166,34.12561,-118.34553,0.0,2022-02-18T02:00:00Z,2026-09-27T13:04:34Z,in city limits,0.0
S947167,losangeles,low-cost,AGVX0MF3,1,2001039,947167,33.99023,-118.272876,0.0,2022-02-18T01:55:45Z,2023-05-26T16:06:39Z,in city limits,0.0
S947169,losangeles,low-cost,Napa ES (5446),1,2000856,947169,34.22551,-118.54735,0.0,2022-02-18T02:00:00Z,2026-09-27T15:04:35Z,in city limits,0.0
S947170,losangeles,low-cost,7th St ES (6616),1,2000686,947170,33.73863,-118.31081,0.0,2022-02-18T02:00:00Z,2026-09-27T15:05:47Z,in city limits,0.0
S947171,losangeles,low-cost,Anatola ES (2110),1,2000771,947171,34.20324,-118.51409,0.0,2022-02-18T02:00:00Z,2026-09-27T15:05:51Z,in city limits,0.0
S947173,losangeles,low-cost,Rinaldi Adult Center (9365),1,2001009,947173,34.27871,-118.51388,0.0,2022-02-18T02:00:00Z,2026-09-27T15:02:19Z,in city limits,0.0
S947174,losangeles,low-cost,Encino ES (3616),1,2000553,947174,34.16235,-118.50241,0.0,2022-02-18T02:00:00Z,2026-09-27T15:04:47Z,in city limits,0.0
S947175,losangeles,low-cost,Dyer ES (3493),1,2000715,947175,34.2995,-118.44729,0.0,2022-02-18T02:00:00Z,2026-09-27T15:03:52Z,in city limits,0.0
S947176,losangeles,low-cost,Vanalden ES (7411),1,2000545,947176,34.18331,-118.54711,0.0,2022-02-18T02:00:00Z,2026-09-27T15:03:02Z,in city limits,0.0
S947177,losangeles,low-cost,Oxnard ES (5918),1,2000565,947177,34.1785,-118.36865,0.0,2022-02-18T02:00:00Z,2026-09-27T13:02:28Z,in city limits,0.0
S947178,losangeles,low-cost,Andasol ES (2117),1,2000552,947178,34.2547,-118.51438,0.0,2022-02-18T02:00:00Z,2026-09-27T15:01:43Z,in city limits,0.0
S947182,losangeles,low-cost,Kenter Canyon ES (4699),1,2000977,947182,34.07063,-118.48905,0.0,2022-02-18T02:00:00Z,2025-01-27T15:26:14Z,in city limits,0.0
S947183,losangeles,low-cost,Budlong ES (2616),1,2000505,947183,33.98678,-118.29511,0.0,2022-02-18T02:00:00Z,2026-09-27T13:05:07Z,in city limits,0.0
S947185,losangeles,low-cost,Fernangeles ES (3753),1,2000853,947185,34.23173,-118.39503,0.0,2022-02-18T02:00:00Z,2026-09-27T13:02:42Z,in city limits,0.0
S947187,losangeles,low-cost,Dixie Canyon ES (3438),1,2000723,947187,34.14798,-118.42394,0.0,2022-02-18T02:00:00Z,2026-09-27T13:06:19Z,in city limits,0.0
S947189,losangeles,low-cost,La Salle ES (4786),1,2000729,947189,33.95766,-118.30628,0.0,2022-02-18T02:00:00Z,2026-09-27T13:06:26Z,in city limits,0.0
S947190,losangeles,low-cost,Cabrillo ES (2685),1,2000623,947190,33.73742,-118.2936,0.0,2022-02-18T02:00:00Z,2026-09-27T15:04:44Z,in city limits,0.0
S947192,losangeles,low-cost,Roscomare Rd ES (6363),1,2000981,947192,34.11992,-118.46455,0.0,2022-02-18T02:00:00Z,2026-09-27T13:02:17Z,in city limits,0.0
S947193,losangeles,low-cost,7370 - Utah El / Utah ES (7370),2,2000667; 6896241,947193; 1533920,34.04944,-118.224673,49.7,2022-02-18T01:55:36Z,2026-09-27T13:03:33Z,in city limits,0.0
S947194,losangeles,low-cost,Lowman Sp Ed Ctr (1948),1,2000840,947194,34.20698,-118.41306,0.0,2022-02-18T02:00:00Z,2026-09-27T13:02:27Z,in city limits,0.0
S947195,losangeles,low-cost,Mosk ES (7402),1,2000939,947195,34.2036,-118.56846,0.0,2022-02-18T02:00:00Z,2026-09-27T15:01:51Z,in city limits,0.0
S947198,losangeles,low-cost,Parthenia ES (6027),1,2000624,947198,34.22755,-118.49912,0.0,2022-02-18T02:00:00Z,2026-09-27T15:03:48Z,in city limits,0.0
S947199,losangeles,low-cost,Mountain View ES (5404),1,2000537,947199,34.24829,-118.27239,0.0,2022-02-18T02:00:00Z,2026-09-27T13:06:02Z,in city limits,0.0
S947200,losangeles,low-cost,	 North Valley Occupational Ctr (9329),1,2000642,947200,34.27728,-118.45681,0.0,2022-02-18T02:00:00Z,2026-09-27T15:02:01Z,in city limits,0.0
S947201,losangeles,low-cost,San Pedro ES (6507),1,2000471,947201,34.02899,-118.25773,0.0,2022-02-18T02:00:00Z,2026-09-27T13:03:40Z,in city limits,0.0
S947203,losangeles,low-cost,Chatsworth ES (3027),1,2000639,947203,34.25816,-118.60694,0.0,2022-02-18T02:00:00Z,2026-09-27T15:03:44Z,in city limits,0.0
S947205,losangeles,low-cost,Reseda Colocation,2,2000634; 13812077,947205; 5364244,34.199168,-118.532779,0.4,2022-02-18T01:54:57Z,2025-11-17T21:05:49Z,in city limits,0.0
S947206,losangeles,low-cost,Logan ES (4904),1,2000956,947206,34.0796,-118.25754,0.0,2022-02-18T02:00:00Z,2026-09-27T13:02:05Z,in city limits,0.0
S947207,losangeles,low-cost,Coeur D Alene ES (6342),1,2000694,947207,33.98975,-118.45305,0.0,2022-02-18T02:00:00Z,2026-09-27T13:02:59Z,in city limits,0.0
S947208,losangeles,low-cost,Delevan Drive ES (3397),1,2000953,947208,34.12853,-118.22679,0.0,2022-02-18T02:00:00Z,2024-10-09T00:26:23Z,in city limits,0.0
S947209,losangeles,low-cost,AWL24JH1 / Broad Ave ES (2527),2,2000629; 6895834,947209; 1533718,33.801404,-118.262918,27.9,2022-02-18T01:56:26Z,2026-08-28T18:05:57Z,in city limits,0.0
S947210,losangeles,low-cost,Newcastle ES (5479),1,2000737,947210,34.18955,-118.52419,0.0,2022-02-18T02:00:00Z,2026-09-27T15:03:26Z,in city limits,0.0
S947211,losangeles,low-cost,Normandie ES (5630),1,2000671,947211,34.00289,-118.29905,0.0,2022-02-18T02:00:00Z,2026-09-27T13:02:07Z,in city limits,0.0
S947212,losangeles,low-cost,Webster MS (8481),1,2000967,947212,34.02911,-118.43553,0.0,2022-02-18T02:00:00Z,2026-09-27T13:04:53Z,in city limits,0.0
S947213,losangeles,low-cost,Sherman Oaks ES (6699),1,2000999,947213,34.14998,-118.45502,0.0,2022-02-18T02:00:00Z,2026-09-27T13:03:36Z,in city limits,0.0
S947214,losangeles,low-cost,Sunny Brae ES (6986),1,2000494,947214,34.21278,-118.58197,0.0,2022-02-18T02:00:00Z,2026-09-27T15:03:37Z,in city limits,0.0
S947217,losangeles,low-cost,Gridley ES (4295),1,2000532,947217,34.30275,-118.42902,0.0,2022-02-18T02:00:00Z,2026-09-27T15:03:37Z,in city limits,0.0
S947218,losangeles,low-cost,Grand View ES (4247),1,2000613,947218,34.00182,-118.42993,0.0,2022-02-18T02:00:00Z,2026-09-27T13:06:38Z,in city limits,0.0
S947220,losangeles,low-cost,Verdugo Hills HS (8914),1,2000800,947220,34.26141,-118.29929,0.0,2022-02-18T02:00:00Z,2026-09-27T13:03:58Z,in city limits,0.0
S947222,losangeles,low-cost,Van Gogh ES (7422),1,2000490,947222,34.30483,-118.50582,0.0,2022-02-18T02:00:00Z,2026-09-27T15:02:59Z,in city limits,0.0
S947223,losangeles,low-cost,Woodland Hills ES (7890),1,2000620,947223,34.15922,-118.61005,0.0,2022-02-18T02:00:00Z,2026-09-27T15:07:00Z,in city limits,0.0
S947224,losangeles,low-cost,Monroe HS (8768),1,2000973,947224,34.23739,-118.47846,0.0,2022-02-18T02:00:00Z,2026-09-27T15:02:24Z,in city limits,0.0
S947225,losangeles,low-cost,Columbus MS (8102),1,2000696,947225,34.21146,-118.612,0.0,2022-02-18T02:00:00Z,2026-09-27T15:02:22Z,in city limits,0.0
S947226,losangeles,low-cost,Knollwood ES (4762),1,2000839,947226,34.28536,-118.49254,0.0,2022-02-18T02:00:00Z,2026-09-27T15:02:46Z,in city limits,0.0
S947228,losangeles,low-cost,Lenicia Weemes ES (7151),1,2000796,947228,34.02143,-118.29596,0.0,2022-02-18T02:00:00Z,2026-09-27T13:03:59Z,in city limits,0.0
S947230,losangeles,low-cost,Stonehurst ES (6945),1,2000716,947230,34.24889,-118.37066,0.0,2022-02-18T02:00:00Z,2026-09-27T13:06:10Z,in city limits,0.0
S947231,losangeles,low-cost,Taper ES (7035),1,2000917,947231,33.76254,-118.29839,0.0,2022-02-18T02:00:00Z,2026-09-27T15:02:23Z,in city limits,0.0
S947232,losangeles,low-cost,Palisades Charter ES #1 / Palisades ES (5959) #1,2,2001040; 13779506,947232; 5319295,34.04607,-118.52706,0.0,2022-02-18T02:00:00Z,2026-09-27T15:03:46Z,in city limits,0.0
S947233,losangeles,low-cost,2068 - Allesandro Elementary / Allesandro ES (2068),2,2000838; 6679799,947233; 1378636,34.101931,-118.251939,0.3,2022-02-18T01:56:54Z,2026-09-27T13:06:48Z,in city limits,0.0
S947234,losangeles,low-cost,Virginia ES (7575),1,2001062,947234,34.02852,-118.33999,0.0,2022-02-18T02:00:00Z,2026-09-27T13:06:43Z,in city limits,0.0
S947235,losangeles,low-cost,Solano ES (6836),1,2000933,947235,34.07602,-118.2323,0.0,2022-02-18T02:00:00Z,2026-09-27T13:04:11Z,in city limits,0.0
S947237,losangeles,low-cost,Chatsworth HS (8583),1,2000465,947237,34.25362,-118.58632,0.0,2022-02-18T02:00:00Z,2026-09-27T15:03:15Z,in city limits,0.0
S947238,losangeles,low-cost,Jefferson HS (8714),1,2000993,947238,34.01106,-118.25092,0.0,2022-02-18T02:00:00Z,2026-09-27T13:05:13Z,in city limits,0.0
S947240,losangeles,low-cost,Harding ES (4431),1,2000760,947240,34.30487,-118.41683,0.0,2022-02-18T02:00:00Z,2026-09-27T15:06:07Z,in city limits,0.0
S947241,losangeles,low-cost,Metropolitan HS (8757),1,2000942,947241,34.03397,-118.2344,0.0,2022-02-18T02:00:00Z,2026-09-27T06:39:14Z,in city limits,0.0
S947242,losangeles,low-cost,Marlton ES (1949),1,2000852,947242,34.00867,-118.34373,0.0,2022-02-18T02:00:00Z,2026-09-27T13:05:59Z,in city limits,0.0
S947243,losangeles,low-cost,Serrania ES (6606),1,2000717,947243,34.16052,-118.58735,0.0,2022-02-18T02:00:00Z,2026-09-27T15:02:07Z,in city limits,0.0
S947244,losangeles,low-cost,Byrd MS (8080),1,2000445,947244,34.2232,-118.40812,0.0,2022-02-18T02:00:00Z,2026-09-27T13:02:59Z,in city limits,0.0
S947246,losangeles,low-cost,Maclay MS (8228),1,2000690,947246,34.27114,-118.40617,0.0,2022-02-18T02:00:00Z,2026-09-27T15:04:10Z,in city limits,0.0
S947247,losangeles,low-cost,Toluca Lake ES (7192),1,2001033,947247,34.15921,-118.36042,0.0,2022-02-18T02:00:00Z,2026-09-27T13:06:25Z,in city limits,0.0
S947248,losangeles,low-cost,Brainard ES (2486),1,2000606,947248,34.27741,-118.36461,0.0,2022-02-18T02:00:00Z,2026-09-27T15:04:51Z,in city limits,0.0
S947249,losangeles,low-cost,59th St ES (3795),1,2000984,947249,33.98638,-118.32011,0.0,2022-02-18T02:00:00Z,2026-09-27T13:06:55Z,in city limits,0.0
S947250,losangeles,low-cost,Marvin ES (5178),1,2000906,947250,34.03556,-118.36449,0.0,2022-02-18T02:00:00Z,2026-09-27T13:01:56Z,in city limits,0.0
S947252,losangeles,low-cost,Aragon ES (2178),1,2000558,947252,34.09486,-118.22553,0.0,2022-02-18T02:00:00Z,2026-09-27T13:07:03Z,in city limits,0.0
S947253,losangeles,low-cost,Mulholland MS (8259),1,2000757,947253,34.19262,-118.50509,0.0,2022-02-18T02:00:00Z,2026-09-27T15:06:16Z,in city limits,0.0
S947255,losangeles,low-cost,7637 - Welby El / Welby ES (7637),2,2000601; 12643352,947255; 3910091,34.191501,-118.637739,0.2,2022-02-18T01:54:06Z,2026-09-27T15:05:38Z,in city limits,0.0
S947256,losangeles,low-cost,Haynes ES (4473),1,2000450,947256,34.19026,-118.648,0.0,2022-02-18T02:00:00Z,2026-09-27T15:02:33Z,in city limits,0.0
S947257,losangeles,low-cost,Valerio ES (7384),1,2000891,947257,34.20552,-118.46012,0.0,2022-02-18T02:00:00Z,2026-09-27T15:01:41Z,in city limits,0.0
S947258,losangeles,low-cost,Calabash ES (2704),1,2000534,947258,34.15858,-118.62949,0.0,2022-02-18T02:00:00Z,2026-09-27T15:07:01Z,in city limits,0.0
S947259,losangeles,low-cost,Playa Del Rey ES (6110),1,2000514,947259,33.98287,-118.40974,0.0,2022-02-18T02:00:00Z,2026-09-27T13:03:03Z,in city limits,0.0
S947260,losangeles,low-cost,Westport Hts ES (7712),1,2001064,947260,33.96703,-118.38842,0.0,2022-02-18T02:00:00Z,2026-09-27T13:06:42Z,in city limits,0.0
S947261,losangeles,low-cost,Nestle ES (5452),1,2000762,947261,34.16186,-118.52991,0.0,2022-02-18T02:00:00Z,2026-09-27T15:02:58Z,in city limits,0.0
S947262,losangeles,low-cost,Westwood Charter ES / Westwood ES (7740),2,2001026; 13812076,947262; 5364243,34.04766,-118.43049,0.0,2022-02-18T02:00:00Z,2026-09-27T13:05:11Z,in city limits,0.0
S947263,losangeles,low-cost,2741 - Community Magnet,1,2000885,947263,34.083325,-118.463021,0.0,2022-02-18T03:26:20Z,2023-09-19T21:55:29Z,in city limits,0.0
S947265,losangeles,low-cost,Cohasset ES (3137),1,2000857,947265,34.20751,-118.47799,0.0,2022-02-18T02:00:00Z,2026-09-27T15:06:10Z,in city limits,0.0
S947266,losangeles,low-cost,Rosemont ES (6370),1,2000666,947266,34.07178,-118.27012,0.0,2022-02-18T02:00:00Z,2026-09-27T13:03:16Z,in city limits,0.0
S947268,losangeles,low-cost,Wilbur ES (7774),1,2000775,947268,34.16443,-118.5447,0.0,2022-02-18T02:00:00Z,2026-09-27T15:04:11Z,in city limits,0.0
S947269,losangeles,low-cost,Herrick Ave ES (4515),1,2000699,947269,34.31508,-118.46432,0.0,2022-02-18T01:52:52Z,2026-09-27T15:04:47Z,in city limits,0.0
S947274,losangeles,low-cost,Hart St ES (4445),1,2000654,947274,34.19663,-118.59169,0.0,2022-02-18T02:00:00Z,2026-09-27T15:02:47Z,in city limits,0.0
S947275,losangeles,low-cost,Sierra Park ES (6753),1,2000986,947275,34.08208,-118.16891,0.0,2022-02-18T02:00:00Z,2026-09-18T21:12:16Z,in city limits,0.0
S947277,losangeles,low-cost,Glenfeliz Blvd ES (4164),1,2000950,947277,34.12275,-118.26711,0.0,2022-02-18T02:00:00Z,2026-09-27T13:02:20Z,in city limits,0.0
S947278,losangeles,low-cost,Walgrove ES (7603),1,2000870,947278,34.00623,-118.45146,0.0,2022-02-18T02:00:00Z,2026-09-27T13:06:15Z,in city limits,0.0
S947279,losangeles,low-cost,Annandale ES (2151),1,2000772,947279,34.12878,-118.18647,0.0,2022-02-18T02:00:00Z,2026-09-27T13:01:51Z,in city limits,0.0
S947280,losangeles,low-cost,Paul Revere Charter MS (8356) #2 / Revere MS (8356) #2,2,2000610; 13779505,947280; 5319293,34.05627,-118.4947,0.0,2022-02-18T02:00:00Z,2026-09-27T13:03:07Z,in city limits,0.0
S947282,losangeles,low-cost,Chandler ES (2959),1,2000581,947282,34.16581,-118.43898,0.0,2022-02-18T02:00:00Z,2026-09-27T13:06:08Z,in city limits,0.0
S947283,losangeles,low-cost,Van Ness ES (7425),1,2001090,947283,34.08069,-118.31637,0.0,2022-02-18T02:00:00Z,2026-09-27T13:06:20Z,in city limits,0.0
S947284,losangeles,low-cost,Alta California ES (7398),1,2000602,947284,34.23281,-118.4569,0.0,2022-02-18T02:00:00Z,2026-09-27T15:01:57Z,in city limits,0.0
S947285,losangeles,low-cost,Multnomah St ES (5425),1,2000835,947285,34.06808,-118.1936,0.0,2022-02-18T02:00:00Z,2026-09-27T13:03:28Z,in city limits,0.0
S947288,losangeles,low-cost,Kittridge ES (4760),1,2000848,947288,34.19136,-118.42986,0.0,2022-02-18T02:00:00Z,2026-09-27T13:03:36Z,in city limits,0.0
S947290,losangeles,low-cost,Crescent Hts Bl EEC (9597),1,2000754,947290,34.0464,-118.37472,0.0,2022-02-18T02:00:00Z,2026-09-27T13:05:05Z,in city limits,0.0
S947292,losangeles,low-cost,Topeka Dr ES (7201),1,2000608,947292,34.2477,-118.54645,0.0,2022-02-18T02:00:00Z,2026-09-27T15:06:58Z,in city limits,0.0
S947294,losangeles,low-cost,A6DR4SLX / Lorena St ES (4945),2,2000875; 6895835,947294; 1533720,34.025507,-118.203251,34.2,2022-02-18T01:52:33Z,2026-09-27T13:02:56Z,in city limits,0.0
S947295,losangeles,low-cost,Hamlin ES (4349),1,2000778,947295,34.18983,-118.61999,0.0,2022-02-18T02:00:00Z,2026-09-27T15:05:03Z,in city limits,0.0
S947296,losangeles,low-cost,Le Conte MS (8226),1,2000560,947296,34.09483,-118.3168,0.0,2022-02-18T02:00:00Z,2026-09-27T13:05:14Z,in city limits,0.0
S947297,losangeles,low-cost,Mid-City Magnet ES (3500),1,2000915,947297,34.03182,-118.31823,0.0,2022-02-18T02:00:00Z,2026-09-27T13:05:00Z,in city limits,0.0
S947298,losangeles,low-cost,Colfax ES (3164),1,2001051,947298,34.16036,-118.38888,0.0,2022-02-18T02:00:00Z,2026-09-27T13:05:40Z,in city limits,0.0
S947299,losangeles,low-cost,Victory ES (7521),1,2000669,947299,34.18566,-118.39295,0.0,2022-02-18T02:00:00Z,2026-09-27T13:06:29Z,in city limits,0.0
S947300,losangeles,low-cost,135th St ES (5877),1,2001023,947300,33.90963,-118.28942,0.0,2022-02-18T01:53:29Z,2026-09-27T13:02:50Z,in city limits,0.0
S947301,losangeles,low-cost,Reseda ES (6233),1,2000647,947301,34.20385,-118.53855,0.0,2022-02-18T02:00:00Z,2026-09-27T15:05:48Z,in city limits,0.0
S947302,losangeles,low-cost,Canterbury Ave ES (2781),1,2000865,947302,34.23396,-118.42984,0.0,2022-02-18T02:00:00Z,2026-09-27T15:05:54Z,in city limits,0.0
S947304,losangeles,low-cost,Carpenter ES (2822),1,2000595,947304,34.14112,-118.39298,0.0,2022-02-18T02:00:00Z,2026-09-27T13:06:09Z,in city limits,0.0
S947305,losangeles,low-cost,Brentwood Sci Mag ES (2507),1,2000860,947305,34.05083,-118.47417,0.0,2022-02-18T02:00:00Z,2026-09-27T13:05:21Z,in city limits,0.0
S947306,losangeles,low-cost,Micheltorena ES (5288),1,2000884,947306,34.08892,-118.27554,0.0,2022-02-18T02:00:00Z,2026-09-27T13:06:25Z,in city limits,0.0
S947307,losangeles,low-cost,Los Feliz ES (4986),1,2000714,947307,34.10257,-118.29284,0.0,2022-02-18T02:00:00Z,2026-09-27T13:06:18Z,in city limits,0.0
S947308,losangeles,low-cost,Castlebay Ln ES (2881),1,2000474,947308,34.29346,-118.54769,0.0,2022-02-18T02:00:00Z,2026-09-27T15:05:50Z,in city limits,0.0
S947309,losangeles,low-cost,Wilshire Crest ES (7795),1,2000899,947309,34.05799,-118.34359,0.0,2022-02-18T02:00:00Z,2026-09-27T13:07:08Z,in city limits,0.0
S947310,losangeles,low-cost,Norwood ES (5699),1,2000491,947310,34.03533,-118.27831,0.0,2022-02-18T02:00:00Z,2026-09-27T13:04:08Z,in city limits,0.0
S947311,losangeles,low-cost,7699 - Westminster El,1,2001044,947311,33.991316,-118.472123,0.0,2022-02-18T01:56:31Z,2023-05-26T12:10:44Z,in city limits,0.0
S947312,losangeles,low-cost,Canyon ES (2795) #1 / Canyon ES (2795) #2,2,2000855; 13779990,947312; 5319373,34.031885,-118.511995,44.0,2022-02-18T02:00:00Z,2026-09-27T13:07:02Z,in city limits,0.0
S947313,losangeles,low-cost,Brockton ES (2548),1,2001089,947313,34.04462,-118.46293,0.0,2022-02-18T02:00:00Z,2026-09-27T13:04:19Z,in city limits,0.0
S947314,losangeles,low-cost,Justice St ES (4692),1,2000563,947314,34.21558,-118.63522,0.0,2022-02-18T02:00:00Z,2026-09-27T15:03:34Z,in city limits,0.0
S947315,losangeles,low-cost,Hancock Park ES (4397),1,2000932,947315,34.06951,-118.36021,0.0,2022-02-18T02:00:00Z,2026-09-27T13:06:14Z,in city limits,0.0
S947316,losangeles,low-cost,Canfield ES (2740),1,2001027,947316,34.0506,-118.39028,0.0,2022-02-18T02:00:00Z,2026-09-27T13:06:43Z,in city limits,0.0
S947318,losangeles,low-cost,Sierra Vista ES (6767),1,2000895,947318,34.09587,-118.15902,0.0,2022-02-18T02:00:00Z,2026-09-27T13:03:59Z,in city limits,0.0
S947319,losangeles,low-cost,Kester ES (4726),1,2000910,947319,34.16758,-118.45854,0.0,2022-02-18T02:00:00Z,2026-09-27T13:03:30Z,in city limits,0.0
S947321,losangeles,low-cost,Wilton Pl ES (7808),1,2000968,947321,34.05852,-118.31532,0.0,2022-02-18T02:00:00Z,2026-09-27T13:04:02Z,in city limits,0.0
S947324,losangeles,low-cost,Wonderland ES (7849),1,2001032,947324,34.11406,-118.38002,0.0,2022-02-18T02:00:00Z,2026-09-27T13:04:02Z,in city limits,0.0
S947325,losangeles,low-cost,Hamilton HS (8686),1,2001059,947325,34.03411,-118.3916,0.0,2022-02-18T02:00:00Z,2026-09-27T13:06:14Z,in city limits,0.0
S947326,losangeles,low-cost,President ES (6148),1,2000662,947326,33.80478,-118.30202,0.0,2022-02-18T02:00:00Z,2026-09-27T15:02:45Z,in city limits,0.0
S947327,losangeles,low-cost,El Sereno ES (3562),1,2001079,947327,34.09009,-118.17705,0.0,2022-02-18T02:00:00Z,2026-09-27T13:05:21Z,in city limits,0.0
S947328,losangeles,low-cost,Hollywood HS (8693),1,2000792,947328,34.09918,-118.34006,0.0,2022-02-18T02:00:00Z,2026-09-27T13:06:39Z,in city limits,0.0
S947330,losangeles,low-cost,Van Nuys HS/Rogers CHS (8895),1,2000540,947330,34.18785,-118.45401,0.0,2022-02-18T02:00:00Z,2026-09-27T13:01:41Z,in city limits,0.0
S947332,losangeles,low-cost,Danube ES (3335),1,2000476,947332,34.27381,-118.47393,0.0,2022-02-18T02:00:00Z,2026-09-27T15:06:35Z,in city limits,0.0
S947333,losangeles,low-cost,Marquez ES (5164),1,2000890,947333,34.04582,-118.54802,0.0,2022-02-18T01:55:25Z,2024-11-28T13:59:40Z,in city limits,0.0
S947334,losangeles,low-cost,Laurel ES (4808),1,2000948,947334,34.08798,-118.36324,0.0,2022-02-18T02:00:00Z,2026-09-27T13:04:37Z,in city limits,0.0
S947335,losangeles,low-cost,Frank Del Olmo ES (2386),1,2001092,947335,34.07349,-118.29228,0.0,2022-02-18T02:00:00Z,2026-09-27T13:04:43Z,in city limits,0.0
S947336,losangeles,low-cost,Warner Ave ES (7616),1,2001097,947336,34.06917,-118.43389,0.0,2022-02-18T02:00:00Z,2026-09-27T06:51:38Z,in city limits,0.0
S947338,losangeles,low-cost,Glenwood ES (4192),1,2000985,947338,34.21626,-118.35876,0.0,2022-02-18T02:00:00Z,2026-09-27T13:03:08Z,in city limits,0.0
S947339,losangeles,low-cost,San Pascual ES (6493),1,2000583,947339,34.11921,-118.1725,0.0,2022-02-18T02:00:00Z,2026-09-27T13:04:47Z,in city limits,0.0
S947340,losangeles,low-cost,Mayall ES (5198),1,2000818,947340,34.25463,-118.49569,0.0,2022-02-18T02:00:00Z,2026-09-27T15:04:17Z,in city limits,0.0
S947341,losangeles,low-cost,"Knox ES, Dr Owen Lloyd (6869)",1,2000814,947341,33.95552,-118.27456,0.0,2022-02-18T02:00:00Z,2026-09-27T13:01:53Z,in city limits,0.0
S947344,losangeles,low-cost,Nevada ES (5459),1,2000803,947344,34.22321,-118.60788,0.0,2022-02-18T02:00:00Z,2026-09-27T15:05:08Z,in city limits,0.0
S947347,losangeles,low-cost,Arroyo Seco Museum Science Magnet SPAN (4322),1,2000998,947347,34.10189,-118.20424,0.0,2022-02-18T02:00:00Z,2026-09-27T13:02:01Z,in city limits,0.0
S947349,losangeles,low-cost,Eagle Rock ES (3507),1,2001054,947349,34.13639,-118.21252,0.0,2022-02-18T02:00:00Z,2026-09-27T13:01:38Z,in city limits,0.0
S953769,losangeles,low-cost,A2P8277T,1,2001252,953769,33.94581,-118.24401,0.0,2021-12-19T22:54:01Z,2022-12-09T04:35:13Z,in city limits,0.0
S953824,losangeles,low-cost,AXWG6KH3,1,2001303,953824,33.942,-118.22972,0.0,2021-12-19T22:52:19Z,2022-12-30T23:06:18Z,in city limits,0.0
S1575,losangeles,reference,Los Angeles - N. Mai,1,2775,1575,34.0669,-118.2417,0.0,2016-03-06T20:00:00Z,2017-06-07T21:00:00Z,in city limits,0.0
S2138,losangeles,reference,Reseda,1,3842,2138,34.1992,-118.5331,0.0,2016-03-06T20:00:00Z,2026-09-27T14:00:00Z,in city limits,0.0
S3423890,losangeles,reference,EBAM-13,1,12249631,3423890,34.0423,-118.5542,0.0,2025-02-19T23:00:00Z,2025-11-19T09:00:00Z,in city limits,0.0
S3581456,losangeles,reference,EBAM-6,1,12376848,3581456,34.04484,-118.52248,0.0,2025-03-03T21:00:00Z,2025-07-01T21:00:00Z,in city limits,0.0
S5026276,losangeles,reference,EBAM-13,1,16361110,5026276,34.2615,-118.41222,0.0,2026-05-20T20:00:00Z,2026-05-20T20:00:00Z,in city limits,0.0
S6410794,losangeles,reference,EBAM-10,1,16675671,6410794,34.02778,-118.19344,0.0,2026-06-20T06:00:00Z,2026-09-27T14:00:00Z,in city limits,0.0
S7936,losangeles,reference,Los Angeles - N. Mai,1,25196,7936,34.066429,-118.226755,0.0,2017-06-07T22:00:00Z,2026-09-27T14:00:00Z,in city limits,0.0
S8236,losangeles,reference,North Holywood,1,24000,8236,34.181977,-118.363036,0.0,2020-01-02T16:00:00Z,2026-09-27T14:00:00Z,in city limits,0.0
S2437236,phoenix,low-cost,Ahwatukee,1,7878333,2437236,33.338291,-111.977418,0.0,2024-02-17T01:00:00Z,2026-09-27T14:00:00Z,in city limits,0.0
S2812559,phoenix,low-cost,Paideia Learning Academy Parking Lot,1,8967059,2812559,33.3773,-112.05002,0.0,2024-04-24T16:00:00Z,2026-09-27T12:54:39Z,in city limits,0.0
S2812631,phoenix,low-cost,Paideia Parking Lot 2,1,8967415,2812631,33.37692,-112.0478,0.0,2024-04-24T16:00:00Z,2026-09-27T13:06:29Z,in city limits,0.0
S2812700,phoenix,low-cost,Sagrado,1,8966971,2812700,33.38894,-112.07236,0.0,2024-04-24T16:00:00Z,2026-09-27T13:04:50Z,in city limits,0.0
S2812714,phoenix,low-cost,Paideia Learning Academy Schoolyard,1,8967049,2812714,33.37671,-112.04934,0.0,2024-04-24T16:00:00Z,2025-08-28T21:53:37Z,in city limits,0.0
S2812727,phoenix,low-cost,Saint Augustine,1,8967075,2812727,33.49022,-112.21252,0.0,2024-04-24T16:00:00Z,2026-09-27T12:58:53Z,in city limits,0.0
S2812729,phoenix,low-cost,Paideia Elementary Playspace (2B),1,8967047,2812729,33.37562,-112.04844,0.0,2024-04-24T16:00:00Z,2026-09-27T13:05:41Z,in city limits,0.0
S2812800,phoenix,low-cost,Central & W Saint Anne,1,8966925,2812800,33.37872,-112.0767,0.0,2024-04-24T16:00:00Z,2026-09-27T13:00:10Z,in city limits,0.0
S2823796,phoenix,low-cost,Irene Lopez,2,9048618; 16876749,2823796; 6438018,33.40401,-112.05683,0.0,2024-05-01T19:00:00Z,2026-09-27T12:55:18Z,in city limits,0.0
S2823797,phoenix,low-cost,Cesar Chavez / Cesar Chavez Community School,2,9048620; 16876746,2823797; 6438017,33.41106,-112.06799,0.0,2024-05-01T18:00:00Z,2026-09-27T13:00:36Z,in city limits,0.0
S2823840,phoenix,low-cost,Sun Valley / Sun Valley Academy,2,9049491; 16876750,2823840; 6438016,33.377275,-112.11544,45.3,2024-05-01T20:00:00Z,2026-09-27T13:02:26Z,in city limits,0.0
S2823841,phoenix,low-cost,Saint Matthews / Saint Matthew’s church,2,9049489; 16876748,2823841; 6438015,33.45184,-112.10385,0.0,2024-05-01T20:00:00Z,2026-09-27T12:53:33Z,in city limits,0.0
S2823992,phoenix,low-cost,Southwest Elementary,1,9050056,2823992,33.36297,-112.09326,0.0,2024-05-01T22:00:00Z,2025-06-02T16:21:09Z,in city limits,0.0
S3337380,phoenix,low-cost,maryale,1,11802367,3337380,33.46884,-112.171406,0.0,2024-12-27T02:00:00Z,2024-12-27T04:00:00Z,in city limits,0.0
S4093773,phoenix,low-cost,Ahwatukee MPR,1,12819794,4093773,33.303268,-112.026555,0.0,2025-04-18T21:00:00Z,2026-09-27T14:00:00Z,in city limits,0.0
S5135569,phoenix,low-cost,Mountain view,1,13645444,5135569,33.575276,-112.004089,0.0,2025-07-19T22:00:00Z,2026-09-27T14:00:00Z,in city limits,0.0
S6113589,phoenix,low-cost,Phoenix 85033,1,14509933,6113589,33.483131,-112.200761,0.0,2025-10-30T20:00:00Z,2026-09-27T14:00:00Z,in city limits,0.0
S6223317,phoenix,low-cost,Phoenix,1,15321003,6223317,33.385411,-112.212566,0.0,2026-01-31T19:00:00Z,2026-09-27T14:00:00Z,in city limits,0.0
S6297552,phoenix,low-cost,7160 Optima Kierland,1,15874038,6297552,33.626053,-111.926709,0.0,2026-04-06T00:00:00Z,2026-09-27T14:00:00Z,in city limits,0.0
S6314069,phoenix,low-cost,Ahwatukee Desert Foothills ,1,15999460,6314069,33.308118,-112.060558,0.0,2026-04-19T20:00:00Z,2026-09-27T14:00:00Z,in city limits,0.0
S6438014,phoenix,low-cost,Southwest Elementary,1,16876747,6438014,33.36415,-112.09468,0.0,2026-07-09T07:15:30Z,2026-09-27T12:54:26Z,in city limits,0.0
S280,phoenix,reference,Thirty Third,1,464,280,33.461807,-112.128044,0.0,2016-03-10T08:00:00Z,2021-03-02T17:00:00Z,in city limits,0.0
S410,phoenix,reference,West Phoenix,1,719,410,33.483799,-112.142601,0.0,2016-03-10T08:00:00Z,2026-09-27T14:00:00Z,in city limits,0.0
S442,phoenix,reference,North Phoenix,1,765,442,33.560299,-112.066299,0.0,2016-03-10T08:00:00Z,2026-09-27T14:00:00Z,in city limits,0.0
S514,phoenix,reference,South Phoenix,1,890,514,33.4033,-112.0731,0.0,2016-03-10T08:00:00Z,2026-09-27T14:00:00Z,in city limits,0.0
S564,phoenix,reference,Durango Complex,1,991,564,33.4265,-112.1181,0.0,2016-05-21T07:00:00Z,2026-09-27T14:00:00Z,in city limits,0.0
S605,phoenix,reference,Phoenix JLG Supersit,1,1065,605,33.503601,-112.095001,0.0,2016-03-10T08:00:00Z,2026-09-27T14:00:00Z,in city limits,0.0
S921006,phoenix,reference,Eastwood,1,5077808,921006,33.41046,-112.002642,0.0,2022-10-04T18:00:00Z,2026-09-27T14:00:00Z,in city limits,0.0
S2812598,sandiego,low-cost,Price Center,1,8966949,2812598,32.87976,-117.23575,0.0,2024-04-24T16:00:00Z,2025-03-06T21:06:27Z,in city limits,0.0
S2812610,sandiego,low-cost,CRSF (EHS Bldg),1,8967345,2812610,32.87364,-117.23616,0.0,2024-04-24T16:00:00Z,2026-09-27T13:04:51Z,in city limits,0.0
S2812829,sandiego,low-cost,RIMAC Arena,1,8967137,2812829,32.88556,-117.23928,0.0,2024-04-24T16:00:00Z,2025-03-24T21:08:25Z,in city limits,0.0
S2877111,sandiego,low-cost,Chamber of Commerce,1,9446873,2877111,32.5473,-117.03227,0.0,2024-06-03T18:00:00Z,2025-09-19T20:01:45Z,in city limits,0.0
S2877112,sandiego,low-cost,Vista Lane,1,9446867,2877112,32.56193,-117.05775,0.0,2024-06-03T18:00:00Z,2025-09-03T04:06:05Z,in city limits,0.0
S2877113,sandiego,low-cost,Howard Lane/Nicoloff Elementary,1,9446863,2877113,32.56676,-117.06452,0.0,2024-06-03T18:00:00Z,2025-09-03T04:32:13Z,in city limits,0.0
S2877114,sandiego,low-cost,Larsen Field,1,9446871,2877114,32.54631,-117.04527,0.0,2024-06-03T18:00:00Z,2025-09-19T19:58:42Z,in city limits,0.0
S2877115,sandiego,low-cost,Health Center,1,9446869,2877115,32.55865,-117.04821,0.0,2024-06-03T18:00:00Z,2025-09-19T19:56:18Z,in city limits,0.0
S2877116,sandiego,low-cost,Willow Elementary,1,9446875,2877116,32.54931,-117.04225,0.0,2024-06-03T18:00:00Z,2025-09-19T20:03:32Z,in city limits,0.0
S2877117,sandiego,low-cost,San Ysidro High School,1,9446861,2877117,32.56663,-117.01885,0.0,2024-06-03T18:00:00Z,2025-09-19T19:59:37Z,in city limits,0.0
S2877118,sandiego,low-cost,Community Activity Center,1,9446865,2877118,32.56513,-117.04539,0.0,2024-06-03T18:00:00Z,2025-02-27T22:50:40Z,in city limits,0.0
S3155452,sandiego,low-cost,"Tierrasanta, San Diego",1,11011530,3155452,32.829321,-117.103342,0.0,2024-10-19T20:00:00Z,2026-09-27T14:00:00Z,in city limits,0.0
S3282344,sandiego,low-cost,Torrey Highlands,1,11401925,3282344,32.962826,-117.152845,0.0,2024-11-23T04:00:00Z,2026-09-27T15:00:00Z,in city limits,0.0
S3406946,sandiego,low-cost,San Diego - Bay Ho,1,12217153,3406946,32.806765,-117.206241,0.0,2025-02-17T03:00:00Z,2026-09-27T14:00:00Z,in city limits,0.0
S3531499,sandiego,low-cost,Southwest Middle School,1,12337366,3531499,32.56921,-117.07333,0.0,2025-02-28T18:17:12Z,2025-09-19T20:03:24Z,in city limits,0.0
S3933765,sandiego,low-cost,Smythe Avenue,1,12663086,3933765,32.56347,-117.05027,0.0,2025-04-02T20:14:36Z,2026-09-27T12:52:27Z,in city limits,0.0
S3933766,sandiego,low-cost,International Border ,1,12663084,3933766,32.54439,-117.03399,0.0,2025-04-02T20:12:32Z,2026-09-27T12:50:41Z,in city limits,0.0
S3933767,sandiego,low-cost,Ocean View Hills,1,12663085,3933767,32.5718,-117.02389,0.0,2025-04-02T20:11:25Z,2026-09-27T13:00:15Z,in city limits,0.0
S4346166,sandiego,low-cost,Nierenberg Hall,1,13000639,4346166,32.86989,-117.25125,0.0,2025-05-10T11:43:12Z,2025-05-10T12:06:38Z,in city limits,0.0
S5343404,sandiego,low-cost,Rancho Bernardo,1,14152880,5343404,33.019243,-117.065235,0.0,2025-09-19T00:00:00Z,2026-09-27T15:00:00Z,in city limits,0.0
S6254733,sandiego,low-cost,North Park,1,15555236,6254733,32.755273,-117.130214,0.0,2026-02-27T18:00:00Z,2026-09-27T14:00:00Z,in city limits,0.0
S6354808,sandiego,low-cost,Normal Heights,1,16303572,6354808,32.768011,-117.126395,0.0,2026-05-18T20:00:00Z,2026-09-27T14:00:00Z,in city limits,0.0
S1180416,sandiego,reference,San Diego - Rancho C,3,6467921; 6467923; 9909572,1180416; 1180417; 1180418,32.985442,-117.08218,0.0,2023-07-06T22:00:00Z,2026-09-27T15:00:00Z,in city limits,0.0
S1638531,sandiego,reference,San Ysidro,1,7071548,1638531,32.552794,-117.047286,0.0,2023-09-29T09:00:00Z,2026-09-27T14:00:00Z,in city limits,0.0
S2011,sandiego,reference,San Diego - Kearny V,1,6455626,2011,32.845467,-117.123894,0.0,2023-07-05T17:00:00Z,2026-09-27T14:00:00Z,in city limits,0.0
S2012,sandiego,reference,San Diego - Beardsle,1,3573,2012,32.701492,-117.149651,0.0,2016-03-06T20:00:00Z,2016-10-20T17:00:00Z,in city limits,0.0
S237,sandiego,reference,San Ysidro,1,401,237,32.543475,-117.029028,0.0,2016-03-06T20:00:00Z,2016-03-22T15:00:00Z,in city limits,0.0
S2630,sandiego,reference,San Ysidro,1,5489,2630,32.542679,-117.030749,0.0,2016-08-16T21:00:00Z,2016-08-24T15:00:00Z,in city limits,0.0
S7488,sandiego,reference,MMCA82059,1,21721,7488,32.8095,-117.139599,0.0,2020-03-03T22:00:00Z,2020-04-30T18:00:00Z,in city limits,0.0
S7669,sandiego,reference,EBAM 0 / MMCA82023,2,22304; 23060,7669; 7956,32.810106,-117.119193,3.6,2020-05-15T10:00:00Z,2024-03-19T18:00:00Z,in city limits,0.0
S8805,sandiego,reference,San Diego - Sherman,1,25671,8805,32.710177,-117.142665,0.0,2019-09-03T15:00:00Z,2026-09-27T14:00:00Z,in city limits,0.0
S1001645,sanfrancisco,low-cost,Hart Hotel,1,2001356,1001645,37.781269,-122.410959,0.0,2021-10-20T14:54:07Z,2023-03-30T20:02:55Z,in city limits,0.0
S1001670,sanfrancisco,low-cost,Decommissioned (Mission & 9th),1,1560129,1001670,37.776079,-122.414707,0.0,2021-10-20T14:59:30Z,2022-08-03T23:16:13Z,in city limits,0.0
S1001687,sanfrancisco,low-cost,Decommissioned (S Park),1,1562684,1001687,37.781838,-122.394461,0.0,2021-10-20T14:53:03Z,2022-08-05T16:15:37Z,in city limits,0.0
S1001689,sanfrancisco,low-cost,Decommissioned (CYC Main Office),1,1562704,1001689,37.787169,-122.419033,0.0,2021-10-20T14:56:39Z,2022-08-08T17:32:33Z,in city limits,0.0
S1001696,sanfrancisco,low-cost,Decommissioned (Tenderloin Rec Center),1,1561894,1001696,37.78505,-122.415669,0.0,2021-10-20T14:52:48Z,2021-11-12T14:25:53Z,in city limits,0.0
S1001697,sanfrancisco,low-cost,OLD Macaulay Park,1,1560141,1001697,37.785371,-122.418145,0.0,2021-10-20T14:55:00Z,2022-08-11T14:27:10Z,in city limits,0.0
S1001768,sanfrancisco,low-cost,OLD CAA Building,1,1562678,1001768,37.794636,-122.408055,0.0,2021-10-20T14:54:52Z,2022-09-09T22:58:50Z,in city limits,0.0
S1001778,sanfrancisco,low-cost,OLD Bessie Carmichael Elementary,1,1562722,1001778,37.776185,-122.407841,0.0,2021-10-20T14:55:28Z,2022-09-07T18:21:07Z,in city limits,0.0
S1001786,sanfrancisco,low-cost,OLD Howard & 9th,1,1562672,1001786,37.775001,-122.413321,0.0,2021-10-20T14:52:48Z,2022-08-01T07:34:25Z,in city limits,0.0
S1008489,sanfrancisco,low-cost,OLD St. Claire Residence,1,1562644,1008489,37.786603,-122.415156,0.0,2021-10-20T14:55:14Z,2022-08-11T14:35:15Z,in city limits,0.0
S1008632,sanfrancisco,low-cost,OLD Boedekker Park,1,1562660,1008632,37.784325,-122.412356,0.0,2021-10-20T14:55:13Z,2022-06-16T16:33:00Z,in city limits,0.0
S1008725,sanfrancisco,low-cost,Hyde St. & Golden Gate Ave. (BC) / Tenderloin Housing Clinic,2,2004216; 12147408,1008725; 3392461,37.7821,-122.41533,0.0,2022-06-22T08:43:09Z,2026-03-02T21:19:45Z,in city limits,0.0
S1008925,sanfrancisco,low-cost,Decommissioned (Market & 7th),1,1564015,1008925,37.779844,-122.41195,0.0,2021-10-20T14:55:18Z,2022-08-03T22:41:07Z,in city limits,0.0
S1011359,sanfrancisco,low-cost,OLD Tenderloin Housing Clinic,1,1560133,1011359,37.782109,-122.417569,0.0,2021-10-20T14:54:06Z,2022-08-11T14:29:57Z,in city limits,0.0
S1037407,sanfrancisco,low-cost,Decommissioned (Ping Yuen Center),1,1562690,1037407,37.796705,-122.407731,0.0,2021-10-20T14:54:45Z,2022-09-09T23:13:09Z,in city limits,0.0
S1596663,sanfrancisco,low-cost,Outdoor,1,6996374,1596663,37.744953,-122.416665,0.0,2023-09-20T01:00:00Z,2026-09-27T14:00:00Z,in city limits,0.0
S1977260,sanfrancisco,low-cost,Church Muni Stop,1,7556778,1977260,37.754568,-122.427822,0.0,2023-12-18T07:00:00Z,2026-03-19T01:00:00Z,in city limits,0.0
S2812585,sanfrancisco,low-cost,UCSF Parnassus,1,8967223,2812585,37.76175,-122.45896,0.0,2024-04-24T16:00:00Z,2026-09-27T13:05:18Z,in city limits,0.0
S2812594,sanfrancisco,low-cost,UCSF Hunter’s Point,1,8967161,2812594,37.72621,-122.37574,0.0,2024-04-24T16:00:00Z,2026-09-27T13:05:10Z,in city limits,0.0
S2812648,sanfrancisco,low-cost,UCSF Mission Bay,1,8967321,2812648,37.76198,-122.39106,0.0,2024-04-24T16:00:00Z,2026-09-27T13:01:55Z,in city limits,0.0
S2812669,sanfrancisco,low-cost,Berkeley-ATB2,1,8967083,2812669,37.71989,-122.38458,0.0,2024-04-24T16:00:00Z,2026-01-06T12:19:38Z,in city limits,0.0
S2812707,sanfrancisco,low-cost,UCSF Mount Zion,1,8967353,2812707,37.78498,-122.4395,0.0,2024-04-24T16:00:00Z,2026-09-27T12:54:29Z,in city limits,0.0
S2812828,sanfrancisco,low-cost,Berkeley-ATB1,1,8967227,2812828,37.73144,-122.37466,0.0,2024-04-24T16:00:00Z,2026-03-03T23:03:23Z,in city limits,0.0
S2931208,sanfrancisco,low-cost,560 Roof,1,9824540,2931208,37.7724,-122.43139,0.0,2024-07-04T00:00:00Z,2024-10-11T22:00:00Z,in city limits,0.0
S2941876,sanfrancisco,low-cost,SF Outer Sunset,1,10141061,2941876,37.76256,-122.50421,0.0,2024-07-29T00:00:00Z,2025-03-07T16:55:38Z,in city limits,0.0
S3076578,sanfrancisco,low-cost,"Outer Richmond, San Francisco",1,10714524,3076578,37.776482,-122.502607,0.0,2024-09-23T21:00:00Z,2026-09-27T14:00:00Z,in city limits,0.0
S3306475,sanfrancisco,low-cost,"Corona Heights, San Francisco",1,11581706,3306475,37.764415,-122.441282,0.0,2024-12-09T03:00:00Z,2024-12-12T21:00:00Z,in city limits,0.0
S3335747,sanfrancisco,low-cost,SF Hamerton Ave,1,11790100,3335747,37.733169,-122.437704,0.0,2024-12-25T23:00:00Z,2026-09-27T14:00:00Z,in city limits,0.0
S3392458,sanfrancisco,low-cost,Clay St. & Kearny St. (BC),1,12147406,3392458,37.79429,-122.4041,0.0,2025-02-05T18:00:26Z,2026-03-10T18:59:58Z,in city limits,0.0
S3392462,sanfrancisco,low-cost,Howard St. & 6th St. (BC),1,12147407,3392462,37.77947,-122.40792,0.0,2025-02-05T18:01:29Z,2026-06-01T20:22:11Z,in city limits,0.0
S3506372,sanfrancisco,low-cost,Oakdale Ave. & 3rd St. (BC),1,12316604,3506372,37.73479,-122.38957,0.0,2025-02-26T18:02:32Z,2026-07-31T20:04:44Z,in city limits,0.0
S4714655,sanfrancisco,low-cost,Broadway St. & Stockton St. (BC),1,13312955,4714655,37.79721,-122.40911,0.0,2025-06-12T16:37:03Z,2026-06-09T20:05:58Z,in city limits,0.0
S5053509,sanfrancisco,low-cost,Potrero Hill,1,13584269,5053509,37.762905,-122.401713,0.0,2025-07-12T22:00:00Z,2026-09-27T14:00:00Z,in city limits,0.0
S6159736,sanfrancisco,low-cost,Lower Haight,1,14852964,6159736,37.772369,-122.428822,0.0,2025-12-10T18:00:00Z,2026-02-07T00:00:00Z,in city limits,0.0
S6230295,sanfrancisco,low-cost,Baker,1,15373432,6230295,37.788744,-122.443718,0.0,2026-02-06T06:00:00Z,2026-09-27T14:00:00Z,in city limits,0.0
S6278464,sanfrancisco,low-cost,"ATB Jerrold Ave. San Francisco, Ca 94124",1,15732001,6278464,37.73808,-122.38761,0.0,2026-03-20T08:07:16Z,2026-09-27T12:57:03Z,in city limits,0.0
S6278465,sanfrancisco,low-cost,"ATB Hawkins Lane. San Francisco, Ca 94124",1,15732002,6278465,37.73305,-122.38488,0.0,2026-03-20T08:00:49Z,2026-09-27T12:56:59Z,in city limits,0.0
S6278505,sanfrancisco,low-cost,"ATB Westbrook Ct. San Francisco, Ca 94124",1,15732283,6278505,37.73259,-122.37881,0.0,2026-03-20T09:07:38Z,2026-09-27T12:58:47Z,in city limits,0.0
S6306100,sanfrancisco,low-cost,San Francisco - Mission Rock,1,15938645,6306100,37.775662,-122.389328,0.0,2026-04-13T05:00:00Z,2026-09-27T14:00:00Z,in city limits,0.0
S6390414,sanfrancisco,low-cost,San Francisco - Inner Mission,1,16525083,6390414,37.766234,-122.420403,0.0,2026-06-06T04:00:00Z,2026-09-27T14:00:00Z,in city limits,0.0
S6457984,sanfrancisco,low-cost,Yosemite Ave,1,17021449,6457984,37.728393,-122.393735,0.0,2026-07-24T03:00:00Z,2026-09-23T02:00:00Z,in city limits,0.0
S938273,sanfrancisco,low-cost,AVGJCX9X / Decommissioned (Gene Friend Rec Center),2,1561889; 2017744,938273; 1001792,37.778815,-122.406172,41.4,2021-10-20T14:54:23Z,2022-08-03T00:08:54Z,in city limits,0.0
S938377,sanfrancisco,low-cost,Air District Reference Site (BC) / OLD BAAQMD Co-Location / San Francisco,3,1562679; 2001417; 12233198,938377; 1001750; 3409102,37.766123,-122.399094,37.0,2022-01-07T08:57:56Z,2026-02-24T20:04:23Z,in city limits,0.0
S947124,sanfrancisco,low-cost,Hart Hotel,1,4448663,947124,37.78128,-122.40871,0.0,2023-04-05T18:43:47Z,2024-04-24T01:52:43Z,in city limits,0.0
S947125,sanfrancisco,low-cost,Stockton and Broadway,1,2001466,947125,37.79763,-122.40863,0.0,2022-04-13T18:00:00Z,2025-01-24T22:56:28Z,in city limits,0.0
S947126,sanfrancisco,low-cost,Howard and 9th,1,2001397,947126,37.7741,-122.41199,0.0,2022-04-13T18:00:00Z,2024-09-27T15:51:42Z,in city limits,0.0
S947127,sanfrancisco,low-cost,Eddy St. & Jones St. (BC) / Macauley Park,2,2001414; 12147410,947127; 3392459,37.783865,-122.411665,26.4,2022-04-13T18:00:00Z,2026-06-02T20:04:54Z,in city limits,0.0
S947128,sanfrancisco,low-cost,7th and Bryant / OLD Bryant & 7th,2,1560137; 2068346,947128; 1001777,37.77461,-122.403939,0.3,2021-10-20T14:55:46Z,2024-09-27T13:31:15Z,in city limits,0.0
S947130,sanfrancisco,low-cost,Cesar Chavez and Hampshire,1,2025687,947130,37.74831,-122.40872,0.0,2022-09-02T19:00:00Z,2024-09-27T15:55:29Z,in city limits,0.0
S947132,sanfrancisco,low-cost,Cesar Chavez and Bryant,1,2025688,947132,37.74871,-122.40673,0.0,2022-09-02T19:00:00Z,2025-01-08T21:00:06Z,in city limits,0.0
S947133,sanfrancisco,low-cost,Bayview Hunters Point Foundation / Carroll Ave. & 3rd St. (BC),2,2001420; 12158353,947133; 3397284,37.725095,-122.394065,22.1,2022-04-13T18:00:00Z,2026-07-31T20:05:22Z,in city limits,0.0
S947134,sanfrancisco,low-cost,Boeddeker Park,1,2001404,947134,37.78491,-122.41796,0.0,2022-04-08T21:00:00Z,2024-09-27T16:04:23Z,in city limits,0.0
S947136,sanfrancisco,low-cost,Turk & Jones / Turk and Jones,2,2001386; 4448686,947136; 1001729,37.782532,-122.412064,2.8,2022-01-07T08:59:32Z,2024-02-26T22:58:20Z,in city limits,0.0
S947137,sanfrancisco,low-cost,Bessie Carmichael School,1,2001418,947137,37.77591,-122.40711,0.0,2022-04-13T18:00:00Z,2024-09-27T15:31:49Z,in city limits,0.0
S947138,sanfrancisco,low-cost,St. Claire Residence,1,2020981,947138,37.78658,-122.41284,0.0,2022-08-12T01:00:00Z,2024-09-27T12:10:43Z,in city limits,0.0
S947139,sanfrancisco,low-cost,The Box Shop,1,2001449,947139,37.73304,-122.37618,0.0,2022-04-13T18:00:00Z,2024-09-27T15:57:02Z,in city limits,0.0
S947140,sanfrancisco,low-cost,9th St. and Brannan St. (BC) / Fitness SF / OLD Fitness SF - SoMa,3,1561888; 2022157; 12147295,947140; 1001773; 3392394,37.769581,-122.406916,8.6,2021-10-20T14:54:49Z,2026-04-15T19:05:06Z,in city limits,0.0
S947141,sanfrancisco,low-cost,Portsmouth Square,1,2027064,947141,37.79463,-122.40591,0.0,2022-09-08T22:00:00Z,2025-05-14T19:06:21Z,in city limits,0.0
S947142,sanfrancisco,low-cost,Bayshore and Industrial,1,2025690,947142,37.73805,-122.40748,0.0,2022-09-02T19:00:00Z,2025-02-27T18:05:52Z,in city limits,0.0
S947143,sanfrancisco,low-cost,Kirkwood Ave. & Earl St. (BC) / Wu Yee Children's Services,2,2009633; 12147409,947143; 3392460,37.72887,-122.3744,0.0,2022-07-08T17:00:00Z,2026-03-03T20:37:10Z,in city limits,0.0
S947144,sanfrancisco,low-cost,Florence Fang Community Farm,1,2004214,947144,37.73054,-122.39624,0.0,2022-06-22T09:00:00Z,2024-09-27T16:06:16Z,in city limits,0.0
S2009,sanfrancisco,reference,San Francisco,1,3569,2009,37.7658,-122.3978,0.0,2016-03-06T20:00:00Z,2026-09-27T14:00:00Z,in city limits,0.0
S1857,springfield,reference,Springfield City Hal,3,3278; 1331071; 5087784,1857; 26430; 53109,44.046683,-123.017736,0.0,2016-03-06T20:00:00Z,2026-09-27T14:00:00Z,in city limits,0.0
S3362212,springfield,reference,SPS Farm,1,11976039,3362212,44.07636,-123.0369,0.0,2025-01-09T22:00:00Z,2026-09-27T14:00:00Z,in city limits,0.0
S1989140,warren,low-cost,Madison Heights,1,7570748,1989140,42.495536,-83.097828,0.0,2023-12-20T23:00:00Z,2026-09-02T17:00:00Z,fallback within 10 km of city limits,1.03
S5186042,warren,low-cost,S Campbell Rd & E 3rd St,1,14153303,5186042,42.489184,-83.124388,0.0,2025-09-19T00:00:00Z,2026-09-19T22:00:00Z,fallback within 10 km of city limits,3.22
S6448278,warren,low-cost,Royal Oak,1,16949959,6448278,42.515259,-83.138816,0.0,2026-07-17T13:00:00Z,2026-09-27T14:00:00Z,fallback within 10 km of city limits,4.32
S6460119,warren,low-cost,Dodge Park & Utica,1,17037119,6460119,42.591779,-83.011103,0.0,2026-07-25T16:00:00Z,2026-09-27T14:00:00Z,fallback within 10 km of city limits,6.07
