city,part,area_km2,dist_from_main_km
bakersfield,0,383.20773598377446,0.0
bakersfield,1,5.864448005740674,1.6320158728095298
bakersfield,2,2.6153118249746763,4.89530883088656
bakersfield,3,1.7277772326050889,0.0
fresno,0,289.91710659962996,0.0
fresno,1,13.33112743294276,3.124827077783496
fresno,2,0.06022659018029534,0.0
fresno,3,0.008348111477325428,0.0
losangeles,0,1300.186379648932,0.0
sanfrancisco,0,352.69499005214664,0.0
sanfrancisco,1,247.920609980968,30.668063428974836
eugene,0,109.33054907179458,0.0
eugene,1,1.5667817839761686,0.7822937719362576
eugene,2,0.6985067470540436,0.8149367461227028
eugene,3,0.6399527145709859,0.6409791257993238
eugene,4,0.47468774095353666,2.822790271313376
eugene,5,0.37590588464213515,0.0
eugene,6,0.35202619407303465,0.09863821894206495
eugene,7,0.2825663748123225,0.0
eugene,8,0.2751798639936781,1.5518897286676663
eugene,9,0.21590172601622534,0.8161087116838401
eugene,10,0.13302929342185005,0.0075831749630548995
eugene,11,0.10465536854935084,0.563855578401441
eugene,12,0.09490826850837884,2.6082370645905666
eugene,13,0.08598698957700406,0.11871166905171918
eugene,14,0.08355938930566538,2.0721275136176973
eugene,15,0.05608674025599363,0.06893006209651803
eugene,16,0.052577991262002285,1.1306343108994399
eugene,17,0.044795711124307636,1.3377899720601338
eugene,18,0.04398954529871253,2.4626593402412715
eugene,19,0.04333123177843307,0.0703181560572956
eugene,20,0.037887392827815045,0.06047790956193809
eugene,21,0.03757891540860765,0.03920052543270993
eugene,22,0.03682163839902523,0.08295071443489259
eugene,23,0.036755411099269324,0.5944121158925084
eugene,24,0.036388439285848784,0.13468142329765742
eugene,25,0.03636487531292774,0.3158273088880462
eugene,26,0.03397189162383079,0.12360829239971954
eugene,27,0.03394783307096684,0.15563070104473803
eugene,28,0.027354393506540144,0.1046813657045496
eugene,29,0.026142520243285998,0.5188765367455422
eugene,30,0.023010209797621296,0.314894116131477
eugene,31,0.021706505739684755,0.1441675530613554
eugene,32,0.019584068194776694,0.17997100474265126
eugene,33,0.01760450282917198,0.2786951282372033
eugene,34,0.0169236968472848,0.655314764900636
eugene,35,0.01629613692642123,0.07451036085433295
eugene,36,0.01606631465415054,0.41448664786915607
eugene,37,0.015222620738162813,0.0
eugene,38,0.013889589209028386,0.8752365489158414
eugene,39,0.011975055906248805,1.004352078713925
eugene,40,0.011563849901213192,0.06812179934200364
eugene,41,0.01012473817840994,0.0010374864552895164
eugene,42,0.009903429224678692,0.5409110279299011
eugene,43,0.009657006223885614,0.6348805078452555
eugene,44,0.00906624967010297,0.03966712662298306
eugene,45,0.00883258128870463,1.4366701500409642
eugene,46,0.00854828561404245,0.27996452702501956
eugene,47,0.008449369998316178,0.1852921348437281
eugene,48,0.008399376005487949,1.5722959590875425
eugene,49,0.008242395057689533,0.20410749499862613
eugene,50,0.007901241943908644,0.3046224831367521
eugene,51,0.007593639266955312,0.5380986733035652
eugene,52,0.007454534766737002,0.1721828075715049
eugene,53,0.007250245916353811,0.059583785540728046
eugene,54,0.007034128262618814,0.10836063167515127
eugene,55,0.0070151574392348275,0.23808257361393848
eugene,56,0.006362325409836898,0.2890028928912382
eugene,57,0.006247033499144521,0.36285983149399514
eugene,58,0.006069547774522408,0.017635576353699823
eugene,59,0.005966890302832543,0.05664390910658638
eugene,60,0.005771680131912704,1.1063057266446794
eugene,61,0.005690785486566361,0.5352075026942644
eugene,62,0.005234585089343232,0.0
eugene,63,0.005147863900537428,0.580528258252858
eugene,64,0.00511947652419091,0.8105985647049756
eugene,65,0.005074930883188613,0.013250341675541406
eugene,66,0.005040321262353227,2.25454653290791
eugene,67,0.004965686225448991,0.2514177350562429
eugene,68,0.004838680873249855,0.2331751769170033
eugene,69,0.004823821604993948,0.3937397001904775
eugene,70,0.004802310225516459,0.08970393671133248
eugene,71,0.004759457729764437,1.510386787614846
eugene,72,0.004479897766564519,0.40889456526949824
eugene,73,0.00446890032935862,0.7787613330863822
eugene,74,0.004344158894225207,0.03303802947584116
eugene,75,0.004324416827219367,0.13354002197924442
eugene,76,0.004169856147417191,0.27113882295842756
eugene,77,0.004162640605228582,0.1758382566365661
eugene,78,0.004124567424955916,1.2662373510450382
eugene,79,0.00410688509562647,0.020791306162259608
eugene,80,0.004008297737280281,0.016467217481131155
eugene,81,0.003906013116695961,1.189006707210866
eugene,82,0.0038610953213112026,0.053127985419771644
eugene,83,0.0038271441981894924,0.27957106735067
eugene,84,0.003757433258225429,0.45317328627478937
eugene,85,0.003701928221931591,0.9461140492182631
eugene,86,0.003687249700171271,0.4762104161949886
eugene,87,0.0036809098578449093,0.3687325215298708
eugene,88,0.0036691282646879497,0.38147495169170687
eugene,89,0.003637128980607228,0.22400385145041968
eugene,90,0.003569737877802485,0.4308363768356695
eugene,91,0.0034880061881063422,0.6252442338436296
eugene,92,0.003386705190675201,0.31375797157979285
eugene,93,0.003370427820968351,0.132532170999429
eugene,94,0.0033675155974302803,0.05664242968032611
eugene,95,0.0033501072252980005,0.39463247617042396
eugene,96,0.003232796143167351,0.09121551212483973
eugene,97,0.0030166759599821557,0.05140508411804339
eugene,98,0.0029415771516833563,1.3245487490569343
eugene,99,0.0028811772778655014,0.3900867037805422
eugene,100,0.002857177052862566,0.0065423086398234045
eugene,101,0.0027930499148217996,0.7476415298711052
eugene,102,0.002788893959013704,0.48660896517490804
eugene,103,0.0027817299280988726,0.26911578212414866
eugene,104,0.0027517745569809937,0.023613006452830407
eugene,105,0.0027445387532864726,0.5342217423737229
eugene,106,0.0027089776200765327,0.15270286389503823
eugene,107,0.002683670498961544,0.0
eugene,108,0.002648526819094699,0.0
eugene,109,0.0026411359316456003,0.2255612991408418
eugene,110,0.002613933764091871,2.127506899842589
eugene,111,0.002476648390992034,0.36732237067229045
eugene,112,0.0024712422034056853,0.21768083161036406
eugene,113,0.0024707620646827544,0.4753695478144094
eugene,114,0.0024692713690905926,0.6268321054065323
eugene,115,0.002431892618088573,0.8843887986191733
eugene,116,0.0024279496852815806,0.19937420132679254
eugene,117,0.0024178535667348337,0.1614488163808318
eugene,118,0.0023936716859168797,0.3953908836771762
eugene,119,0.002281481640308684,0.5118693127091959
eugene,120,0.002269043625416854,0.1013001813547949
eugene,121,0.002265292675437489,0.16296352929176525
eugene,122,0.0022487816955189957,0.3486378581457215
eugene,123,0.002228033919198366,0.18541186356554173
eugene,124,0.002216078472720097,0.22422260166014363
eugene,125,0.0021175741435959217,0.28645905228141727
eugene,126,0.0021150814953564013,0.07341967619216777
eugene,127,0.0021114923099132456,0.44924096032741545
eugene,128,0.002101532917756616,0.028061507766017554
eugene,129,0.002098704883037206,0.5685316558214399
eugene,130,0.002077567394849571,2.248927058835233
eugene,131,0.002001226623927335,0.09017111120793515
eugene,132,0.0019963161763199527,0.30166325710557346
eugene,133,0.001991307211490009,0.09170870622341844
eugene,134,0.0019849351497374106,0.42914860695937135
eugene,135,0.0019784504442256485,0.04972401002504223
eugene,136,0.0019630515097309744,0.10253922998291985
eugene,137,0.0019409951991792122,0.3003442328983519
eugene,138,0.0018932745581597289,0.33190294882026705
eugene,139,0.0018919377686063207,0.1152661845457004
eugene,140,0.0018871365387323356,0.15920882413181342
eugene,141,0.0018557672240813563,0.3991146977999972
eugene,142,0.0018495162968386813,0.4410035791433643
eugene,143,0.0018206603933369231,1.3527450388309805
eugene,144,0.001779868507630826,0.40048104646360433
eugene,145,0.0017747204848081912,0.38195236989217035
eugene,146,0.0017314683180853626,0.017835467201429093
eugene,147,0.0017053894718221932,0.26353479006552544
eugene,148,0.00167661101258779,0.415906880817087
eugene,149,0.0016042271847378727,0.478304599396947
eugene,150,0.0015883918440888522,0.05925383267313126
eugene,151,0.0015818680303885376,0.26108996061547796
eugene,152,0.0015789604201641657,1.4269783841058674
eugene,153,0.0015496134513153042,0.00775769240327658
eugene,154,0.0014964533258961972,0.45332445050812237
eugene,155,0.001478801591100335,0.2877837601695324
eugene,156,0.001465452789130814,0.2002222933161804
eugene,157,0.001456550153955275,0.13575627059954853
eugene,158,0.0013905130855133465,0.03610842008835816
eugene,159,0.0013629816101076598,0.28966214323248185
eugene,160,0.0013352612705246052,0.26810387137630676
eugene,161,0.001299468249509231,0.041549358574195845
eugene,162,0.0012296026007593951,0.055962498181876784
eugene,163,0.0011978676031874822,0.3708256350027394
eugene,164,0.0011321599273681846,0.47679750460603937
eugene,165,0.0011172779220147751,0.10994764483913266
eugene,166,0.0011125912097632708,0.2684034413435469
eugene,167,0.0010660065785427439,0.3243178427051465
eugene,168,0.0009938614568489625,0.607513619062529
eugene,169,0.0009720878864687719,0.3040560781519267
eugene,170,0.0009550870066447182,0.3762624242319025
eugene,171,0.0009517625861646523,0.6924592020767092
eugene,172,0.0009076325387888501,0.04061159406097783
eugene,173,0.000876708464921688,0.3011962587884849
eugene,174,0.000768477087731188,0.26713163917789456
eugene,175,0.0007566535025454433,0.07282308920482257
eugene,176,0.0006101986177734796,0.052255193277480315
eugene,177,0.0005272091150877295,0.2845085859539554
brownsville,0,331.44620269248946,0.0
brownsville,1,0.7282990253774749,0.009470739291845068
brownsville,2,0.29507864089468644,0.0
brownsville,3,0.15799778664660238,0.0
detroit,0,370.11640153587825,0.0
pittsburgh,0,151.12046512838847,0.0
boston,0,232.10059554483124,0.0
fairbanks,0,84.50762680433978,0.0
annarbor,0,75.72623087213584,0.0
annarbor,1,0.040317771653002446,0.0
annarbor,2,0.0194872348347471,0.0
annarbor,3,0.006901829765343254,0.0
annarbor,4,0.002679581307205456,0.012084173029826806
annarbor,5,0.0026149917357776668,0.07423238784496328
warren,0,89.18209055308068,0.0
delano,0,36.31112595010183,0.0
delano,1,1.6488776002110375,0.8173151462002257
delano,2,0.29013699722737296,0.0
sandiego,0,886.2092152207429,0.0
sandiego,1,0.2583208805140724,2.715098178325742
sandiego,2,0.008956720127203803,7.238554762379485
phoenix,0,1344.9929936350616,0.0
phoenix,1,0.2837605868733131,0.0099831928639892
raymondville,0,10.68200499476838,0.0
springfield,0,40.70749077439043,0.0
springfield,1,0.42057267369740775,0.01277139651333256
springfield,2,0.1339520986192929,0.00992552226589852
springfield,3,0.1200932264869396,0.3112179810669644
springfield,4,0.06801694099027504,0.034502685002522376
springfield,5,0.05440413061653598,0.014653987686417643
springfield,6,0.01909187959274758,0.0
springfield,7,0.014280672066071703,1.1935080805584934
springfield,8,0.010258293573387287,0.20228606814509492
springfield,9,0.008973839858445857,0.03221171582654626
springfield,10,0.006590734788287586,0.044269817150644014
springfield,11,0.006554218188447375,0.023797729894498573
springfield,12,0.005412899032367244,0.05523123207001514
springfield,13,0.001826845035072033,0.3266228086914459
springfield,14,0.001637026674510444,0.1338034080292353
springfield,15,0.0015607858576115337,0.05097421213655651
springfield,16,0.001377232100493709,0.03856506476578627
springfield,17,0.0013113786725165231,0.03995618353373773
springfield,18,0.001177539701203042,0.007359428190194404
springfield,19,0.0009456210207999503,0.0052696233824501065
springfield,20,0.0009153520838291324,0.445301292838962
