"Time","air purifier"
"2024-12-29",71
"2025-01-05",72
"2025-01-12",76
"2025-01-19",61
"2025-01-26",49
"2025-02-02",40
"2025-02-09",46
"2025-02-16",60
"2025-02-23",44
"2025-03-02",54
"2025-03-09",58
"2025-03-16",52
"2025-03-23",52
"2025-03-30",47
"2025-04-06",60
"2025-04-13",64
"2025-04-20",53
"2025-04-27",57
"2025-05-04",61
"2025-05-11",44
"2025-05-18",51
"2025-05-25",63
"2025-06-01",62
"2025-06-08",54
"2025-06-15",56
"2025-06-22",51
"2025-06-29",56
"2025-07-06",69
"2025-07-13",58
"2025-07-20",58
"2025-07-27",61
"2025-08-03",78
"2025-08-10",78
"2025-08-17",64
"2025-08-24",57
"2025-08-31",64
"2025-09-07",53
"2025-09-14",52
"2025-09-21",52
"2025-09-28",51
"2025-10-05",57
"2025-10-12",55
"2025-10-19",49
"2025-10-26",50
"2025-11-02",63
"2025-11-09",86
"2025-11-16",78
"2025-11-23",100
"2025-11-30",90
"2025-12-07",74
"2025-12-14",68
"2025-12-21",77
"2025-12-28",74