"Time","air purifier","air filter","n95","total_interest_index","avg_interest_index"
"2016-01-01",0,6,0,6,2.0
"2016-02-01",0,9,0,9,3.0
"2016-03-01",4,12,0,16,5.33
"2016-04-01",4,12,0,16,5.33
"2016-05-01",0,12,0,12,4.0
"2016-06-01",0,16,0,16,5.33
"2016-07-01",0,11,0,11,3.67
"2016-08-01",0,14,0,14,4.67
"2016-09-01",0,7,0,7,2.33
"2016-10-01",0,10,0,10,3.33
"2016-11-01",6,9,0,15,5.0
"2016-12-01",4,10,0,14,4.67
"2017-01-01",0,11,0,11,3.67
"2017-02-01",0,8,0,8,2.67
"2017-03-01",0,12,0,12,4.0
"2017-04-01",6,11,0,17,5.67
"2017-05-01",0,11,0,11,3.67
"2017-06-01",4,18,0,22,7.33
"2017-07-01",4,12,0,16,5.33
"2017-08-01",0,15,0,15,5.0
"2017-09-01",9,29,13,51,17.0
"2017-10-01",5,12,0,17,5.67
"2017-11-01",4,10,0,14,4.67
"2017-12-01",0,11,0,11,3.67
"2018-01-01",3,10,0,13,4.33
"2018-02-01",0,12,0,12,4.0
"2018-03-01",5,18,0,23,7.67
"2018-04-01",0,16,0,16,5.33
"2018-05-01",4,16,0,20,6.67
"2018-06-01",5,18,0,23,7.67
"2018-07-01",4,19,0,23,7.67
"2018-08-01",3,24,4,31,10.33
"2018-09-01",6,16,0,22,7.33
"2018-10-01",5,11,0,16,5.33
"2018-11-01",5,11,0,16,5.33
"2018-12-01",6,16,0,22,7.33
"2019-01-01",0,13,0,13,4.33
"2019-02-01",0,12,0,12,4.0
"2019-03-01",0,16,0,16,5.33
"2019-04-01",0,19,0,19,6.33
"2019-05-01",4,24,0,28,9.33
"2019-06-01",5,19,0,24,8.0
"2019-07-01",0,16,0,16,5.33
"2019-08-01",4,18,0,22,7.33
"2019-09-01",0,12,0,12,4.0
"2019-10-01",4,13,0,17,5.67
"2019-11-01",0,13,0,13,4.33
"2019-12-01",5,13,0,18,6.0
"2020-01-01",4,14,9,27,9.0
"2020-02-01",7,16,28,51,17.0
"2020-03-01",8,15,65,88,29.33
"2020-04-01",6,17,67,90,30.0
"2020-05-01",10,18,29,57,19.0
"2020-06-01",6,19,24,49,16.33
"2020-07-01",9,19,29,57,19.0
"2020-08-01",7,17,16,40,13.33
"2020-09-01",100,92,63,255,85.0
"2020-10-01",14,30,13,57,19.0
"2020-11-01",10,16,14,40,13.33
"2020-12-01",9,15,10,34,11.33
"2021-01-01",7,17,18,42,14.0
"2021-02-01",6,17,12,35,11.67
"2021-03-01",10,20,4,34,11.33
"2021-04-01",9,20,3,32,10.67
"2021-05-01",9,16,4,29,9.67
"2021-06-01",13,30,4,47,15.67
"2021-07-01",14,26,5,45,15.0
"2021-08-01",15,31,25,71,23.67
"2021-09-01",9,25,12,46,15.33
"2021-10-01",13,14,5,32,10.67
"2021-11-01",9,11,4,24,8.0
"2021-12-01",8,14,18,40,13.33
"2022-01-01",12,19,81,112,37.33
"2022-02-01",10,17,19,46,15.33
"2022-03-01",8,16,4,28,9.33
"2022-04-01",7,18,5,30,10.0
"2022-05-01",7,17,8,32,10.67
"2022-06-01",9,23,5,37,12.33
"2022-07-01",9,26,9,44,14.67
"2022-08-01",6,26,5,37,12.33
"2022-09-01",11,24,0,35,11.67
"2022-10-01",13,20,5,38,12.67
"2022-11-01",11,15,3,29,9.67
"2022-12-01",9,15,5,29,9.67
"2023-01-01",8,22,0,30,10.0
"2023-02-01",10,17,0,27,9.0
"2023-03-01",10,18,3,31,10.33
"2023-04-01",9,19,0,28,9.33
"2023-05-01",8,19,0,27,9.0
"2023-06-01",10,24,4,38,12.67
"2023-07-01",7,28,0,35,11.67
"2023-08-01",26,33,8,67,22.33
"2023-09-01",7,18,0,25,8.33
"2023-10-01",6,17,0,23,7.67
"2023-11-01",9,18,0,27,9.0
"2023-12-01",6,19,0,25,8.33
"2024-01-01",7,14,0,21,7.0
"2024-02-01",9,20,0,29,9.67
"2024-03-01",8,22,0,30,10.0
"2024-04-01",10,20,0,30,10.0
"2024-05-01",12,21,3,36,12.0
"2024-06-01",10,27,0,37,12.33
"2024-07-01",10,32,3,45,15.0
"2024-08-01",11,26,0,37,12.33
"2024-09-01",12,30,0,42,14.0
"2024-10-01",10,18,3,31,10.33
"2024-11-01",11,18,0,29,9.67
"2024-12-01",11,20,0,31,10.33
"2025-01-01",10,23,3,36,12.0
"2025-02-01",10,21,0,31,10.33
"2025-03-01",10,21,0,31,10.33
"2025-04-01",7,25,0,32,10.67
"2025-05-01",8,28,0,36,12.0
"2025-06-01",9,32,0,41,13.67
"2025-07-01",10,29,0,39,13.0
"2025-08-01",9,32,0,41,13.67
"2025-09-01",12,28,0,40,13.33
"2025-10-01",6,21,0,27,9.0
"2025-11-01",8,21,0,29,9.67
"2025-12-01",10,23,0,33,11.0
"2026-01-01",11,23,0,34,11.33
"2026-02-01",12,23,0,35,11.67
"2026-03-01",12,25,0,37,12.33
"2026-04-01",19,33,0,52,17.33
"2026-05-01",19,27,0,46,15.33
"2026-06-01",15,39,3,57,19.0
"2026-07-01",9,36,0,45,15.0
"2026-08-01",19,43,6,68,22.67
"2026-09-01",12,25,1,38,12.67
