month,n_days,days_in_month,tmax_mean_f,normal_mean_f,anomaly_mean_f,n_abnormally_high,hottest_date,hottest_tmax_f,complete
2016-01,31,31,64.68,67.0,-2.31,0,2016-01-31,73.88,1
2016-02,29,29,78.25,70.45,7.8,19,2016-02-17,87.5,1
2016-03,31,31,81.85,77.35,4.51,8,2016-03-21,91.24,1
2016-04,30,30,84.89,84.59,0.3,4,2016-04-06,96.8,1
2016-05,31,31,90.71,92.95,-2.23,2,2016-05-13,101.51,1
2016-06,30,30,105.76,102.46,3.29,8,2016-06-19,117.5,1
2016-07,31,31,106.85,105.12,1.73,4,2016-07-27,111.67,1
2016-08,31,31,101.34,103.59,-2.24,1,2016-08-16,109.55,1
2016-09,30,30,95.45,98.6,-3.15,0,2016-09-03,103.02,1
2016-10,31,31,91.12,87.84,3.27,7,2016-10-27,97.52,1
2016-11,30,30,76.22,75.36,0.86,2,2016-11-08,88.53,1
2016-12,31,31,67.01,65.84,1.17,4,2016-12-29,77.17,1
2017-01,31,31,62.88,67.0,-4.12,0,2017-01-30,75.26,1
2017-02,28,28,71.3,70.4,0.9,2,2017-02-10,82.73,1
2017-03,31,31,83.26,77.35,5.91,13,2017-03-19,94.7,1
2017-04,30,30,87.3,84.59,2.72,1,2017-04-23,97.61,1
2017-05,31,31,92.45,92.95,-0.49,5,2017-05-24,105.47,1
2017-06,30,30,105.94,102.46,3.48,8,2017-06-20,117.36,1
2017-07,31,31,104.57,105.12,-0.56,4,2017-07-07,114.79,1
2017-08,31,31,103.45,103.59,-0.14,2,2017-08-28,109.0,1
2017-09,30,30,96.92,98.6,-1.68,2,2017-09-01,108.21,1
2017-10,31,31,91.81,87.84,3.97,3,2017-10-24,97.46,1
2017-11,30,30,81.43,75.36,6.07,8,2017-11-26,87.71,1
2017-12,31,31,70.54,65.84,4.7,12,2017-12-02,82.1,1
2018-01,31,31,72.7,67.0,5.71,12,2018-01-29,82.8,1
2018-02,28,28,69.92,70.4,-0.48,5,2018-02-08,82.98,1
2018-03,31,31,77.81,77.35,0.47,1,2018-03-31,90.37,1
2018-04,30,30,88.83,84.59,4.25,5,2018-04-27,97.14,1
2018-05,31,31,93.73,92.95,0.79,5,2018-05-10,103.4,1
2018-06,30,30,102.96,102.46,0.5,1,2018-06-22,109.07,1
2018-07,31,31,105.13,105.12,0.01,5,2018-07-24,114.57,1
2018-08,31,31,102.6,103.59,-0.99,2,2018-08-06,112.33,1
2018-09,30,30,100.45,98.6,1.85,3,2018-09-15,106.61,1
2018-10,31,31,81.1,87.84,-6.74,0,2018-10-20,90.12,1
2018-11,30,30,73.67,75.36,-1.69,0,2018-11-06,81.53,1
2018-12,31,31,65.62,65.84,-0.22,3,2018-12-20,73.98,1
2019-01,31,31,65.5,67.0,-1.5,0,2019-01-30,72.68,1
2019-02,28,28,62.41,70.4,-7.99,0,2019-02-28,75.54,1
2019-03,31,31,75.5,77.35,-1.85,0,2019-03-26,85.5,1
2019-04,30,30,85.88,84.59,1.29,5,2019-04-26,98.69,1
2019-05,31,31,85.43,92.95,-7.52,0,2019-05-31,97.05,1
2019-06,30,30,101.56,102.46,-0.9,1,2019-06-29,109.34,1
2019-07,31,31,106.29,105.12,1.17,4,2019-07-16,112.77,1
2019-08,31,31,105.22,103.59,1.63,5,2019-08-05,112.38,1
2019-09,30,30,96.8,98.6,-1.8,2,2019-09-04,109.1,1
2019-10,31,31,86.5,87.84,-1.34,0,2019-10-07,96.22,1
2019-11,30,30,75.9,75.36,0.55,1,2019-11-05,86.95,1
2019-12,31,31,64.19,65.84,-1.65,1,2019-12-04,72.16,1
2020-01,31,31,66.68,67.0,-0.32,1,2020-01-19,75.59,1
2020-02,29,29,69.78,70.45,-0.67,0,2020-02-20,79.76,1
2020-03,31,31,73.47,77.35,-3.88,2,2020-03-06,84.93,1
2020-04,30,30,85.63,84.59,1.04,6,2020-04-29,102.33,1
2020-05,31,31,97.47,92.95,4.53,9,2020-05-29,109.79,1
2020-06,30,30,102.33,102.46,-0.14,2,2020-06-03,108.45,1
2020-07,31,31,108.07,105.12,2.95,7,2020-07-30,116.5,1
2020-08,31,31,108.67,103.59,5.09,15,2020-08-14,114.94,1
2020-09,30,30,101.72,98.6,3.11,10,2020-09-05,112.84,1
2020-10,31,31,92.62,87.84,4.78,12,2020-10-01,104.25,1
2020-11,30,30,78.72,75.36,3.37,11,2020-11-05,95.77,1
2020-12,31,31,67.4,65.84,1.56,5,2020-12-09,80.22,1
2021-01,31,31,66.59,67.0,-0.4,3,2021-01-15,78.9,1
2021-02,28,28,72.18,70.4,1.78,2,2021-02-02,82.79,1
2021-03,31,31,74.54,77.35,-2.8,2,2021-03-29,86.62,1
2021-04,30,30,87.84,84.59,3.26,8,2021-04-04,96.61,1
2021-05,31,31,93.58,92.95,0.63,0,2021-05-13,99.44,1
2021-06,30,30,105.7,102.46,3.24,10,2021-06-17,114.52,1
2021-07,31,31,101.82,105.12,-3.3,0,2021-07-10,110.3,1
2021-08,31,31,101.21,103.59,-2.38,3,2021-08-04,112.61,1
2021-09,30,30,98.04,98.6,-0.56,6,2021-09-09,108.1,1
2021-10,31,31,84.92,87.84,-2.93,0,2021-10-04,95.53,1
2021-11,30,30,82.32,75.36,6.97,10,2021-11-06,89.13,1
2021-12,31,31,68.71,65.84,2.87,8,2021-12-01,84.54,1
2022-01,31,31,68.24,67.0,1.24,0,2022-01-16,72.79,1
2022-02,28,28,70.56,70.4,0.16,4,2022-02-28,81.46,1
2022-03,31,31,78.73,77.35,1.38,6,2022-03-25,93.95,1
2022-04,30,30,87.72,84.59,3.13,5,2022-04-19,96.2,1
2022-05,31,31,94.37,92.95,1.43,2,2022-05-15,103.29,1
2022-06,30,30,103.98,102.46,1.52,6,2022-06-10,111.46,1
2022-07,31,31,105.18,105.12,0.06,5,2022-07-11,113.25,1
2022-08,31,31,100.97,103.59,-2.62,1,2022-08-30,109.73,1
2022-09,30,30,99.46,98.6,0.86,2,2022-09-06,107.84,1
2022-10,31,31,86.53,87.84,-1.31,0,2022-10-03,96.85,1
2022-11,30,30,70.88,75.36,-4.48,0,2022-11-01,79.63,1
2022-12,31,31,64.58,65.84,-1.26,3,2022-12-25,74.45,1
2023-01,31,31,62.06,67.0,-4.94,1,2023-01-13,75.46,1
2023-02,28,28,67.03,70.4,-3.38,0,2023-02-25,78.8,1
2023-03,31,31,70.62,77.35,-6.73,0,2023-03-29,79.84,1
2023-04,30,30,85.51,84.59,0.92,3,2023-04-30,99.42,1
2023-05,31,31,92.79,92.95,-0.16,0,2023-05-16,100.73,1
2023-06,30,30,98.05,102.46,-4.41,0,2023-06-26,106.23,1
2023-07,31,31,110.69,105.12,5.56,17,2023-07-20,115.24,1
2023-08,31,31,105.3,103.59,1.71,8,2023-08-28,113.29,1
2023-09,30,30,99.03,98.6,0.43,3,2023-09-09,110.84,1
2023-10,31,31,91.02,87.84,3.18,9,2023-10-19,102.34,1
2023-11,30,30,77.87,75.36,2.52,4,2023-11-05,91.76,1
2023-12,31,31,69.66,65.84,3.82,11,2023-12-06,81.68,1
2024-01,31,31,64.05,67.0,-2.94,4,2024-01-29,79.73,1
2024-02,29,29,70.91,70.45,0.46,4,2024-02-25,86.68,1
2024-03,31,31,73.92,77.35,-3.42,0,2024-03-22,84.32,1
2024-04,30,30,84.08,84.59,-0.51,2,2024-04-22,97.96,1
2024-05,31,31,92.8,92.95,-0.15,0,2024-05-31,103.01,1
2024-06,30,30,105.87,102.46,3.41,7,2024-06-21,113.08,1
2024-07,31,31,109.58,105.12,4.46,13,2024-07-05,115.56,1
2024-08,31,31,105.86,103.59,2.27,3,2024-08-04,113.31,1
2024-09,30,30,102.7,98.6,4.1,12,2024-09-05,112.7,1
2024-10,31,31,94.19,87.84,6.35,19,2024-10-01,108.25,1
2024-11,30,30,73.04,75.36,-2.31,1,2024-11-22,81.44,1
2024-12,31,31,73.93,65.84,8.09,13,2024-12-20,81.85,1
2025-01,31,31,70.7,67.0,3.71,6,2025-01-03,81.66,1
2025-02,28,28,79.38,70.4,8.98,12,2025-02-27,93.96,1
2025-03,31,31,76.75,77.35,-0.59,5,2025-03-25,97.83,1
2025-04,30,30,84.69,84.59,0.1,5,2025-04-11,100.41,1
2025-05,31,31,93.0,92.95,0.06,1,2025-05-22,103.57,1
2025-06,30,30,103.91,102.46,1.44,6,2025-06-30,114.6,1
2025-07,31,31,105.93,105.12,0.81,3,2025-07-09,115.77,1
2025-08,31,31,107.16,103.59,3.57,9,2025-08-07,116.37,1
2025-09,30,30,98.24,98.6,-0.36,2,2025-09-02,105.99,1
2025-10,31,31,87.96,87.84,0.12,0,2025-10-02,99.34,1
2025-11,30,30,78.6,75.36,3.25,6,2025-11-02,89.45,1
2025-12,31,31,74.1,65.84,8.26,19,2025-12-15,82.25,1
2026-01,31,31,71.67,67.0,4.67,8,2026-01-31,80.58,1
2026-02,28,28,78.98,70.4,8.59,17,2026-02-27,92.02,1
2026-03,31,31,91.84,77.35,14.5,25,2026-03-20,102.97,1
2026-04,30,30,87.48,84.59,2.9,4,2026-04-08,96.12,1
2026-05,31,31,93.76,92.95,0.82,4,2026-05-11,107.81,1
2026-06,30,30,104.91,102.46,2.45,2,2026-06-16,110.1,1
2026-07,31,31,106.9,105.12,1.77,10,2026-07-24,115.41,1
2026-08,31,31,107.93,103.59,4.35,15,2026-08-26,114.9,1
2026-09,24,30,100.57,99.32,1.25,2,2026-09-08,107.48,0
