month_day,normal_f,p10_f,p90_f,n_baseline_values
01-01,64.61,55.92,72.67,450
01-02,64.88,56.13,73.24,450
01-03,65.1,56.68,73.45,450
01-04,65.33,56.87,73.56,450
01-05,65.56,57.48,73.62,450
01-06,65.74,57.62,73.75,450
01-07,65.93,58.0,74.23,450
01-08,66.13,57.88,74.6,450
01-09,66.26,58.31,74.72,450
01-10,66.39,58.38,74.78,450
01-11,66.59,58.46,74.87,450
01-12,66.8,58.49,75.06,450
01-13,66.94,58.81,75.05,450
01-14,67.07,58.86,75.15,450
01-15,67.16,59.15,75.18,450
01-16,67.24,59.17,75.47,450
01-17,67.34,59.17,75.5,450
01-18,67.52,59.27,75.54,450
01-19,67.59,59.34,75.5,450
01-20,67.66,59.47,75.54,450
01-21,67.76,59.69,75.61,450
01-22,67.83,59.86,75.6,450
01-23,67.92,59.97,75.6,450
01-24,68.0,59.96,75.6,450
01-25,68.04,60.07,75.6,450
01-26,68.01,60.14,75.59,450
01-27,67.95,60.11,75.51,450
01-28,68.06,59.98,75.76,450
01-29,68.31,60.11,76.6,450
01-30,68.51,60.11,77.34,450
01-31,68.64,60.26,77.61,450
02-01,68.78,60.33,77.94,450
02-02,68.89,59.93,78.18,450
02-03,69.1,59.91,78.55,450
02-04,69.21,59.91,78.69,450
02-05,69.3,59.91,78.71,450
02-06,69.4,59.93,78.91,450
02-07,69.53,60.06,78.99,450
02-08,69.79,60.47,79.38,450
02-09,70.09,60.71,79.8,450
02-10,70.35,60.71,80.04,450
02-11,70.57,60.92,80.23,450
02-12,70.68,61.12,80.31,450
02-13,70.61,60.92,80.53,450
02-14,70.67,61.05,80.53,450
02-15,70.68,61.05,80.67,450
02-16,70.61,60.77,80.53,450
02-17,70.57,61.13,80.49,450
02-18,70.58,61.24,80.49,450
02-19,70.74,61.54,80.55,450
02-20,70.86,61.35,80.68,450
02-21,70.91,60.88,80.92,458
02-22,70.97,61.01,80.92,458
02-23,71.02,61.27,81.06,458
02-24,71.07,61.27,81.06,458
02-25,71.19,61.4,80.93,458
02-26,71.42,61.68,80.98,458
02-27,71.7,61.94,81.54,458
02-28,71.92,62.33,81.56,458
03-01,72.12,62.41,81.98,458
03-02,72.51,62.47,82.15,458
03-03,73.05,62.68,82.97,458
03-04,73.56,62.69,83.93,458
03-05,74.02,62.69,84.13,458
03-06,74.51,62.87,84.66,458
03-07,74.98,64.15,85.18,458
03-08,75.6,65.34,85.86,450
03-09,76.15,65.56,86.3,450
03-10,76.61,65.56,86.9,450
03-11,76.92,65.48,87.23,450
03-12,77.2,65.27,87.52,450
03-13,77.59,65.34,88.01,450
03-14,77.91,65.27,88.27,450
03-15,78.38,65.56,88.45,450
03-16,78.7,66.48,88.48,450
03-17,78.88,66.96,88.55,450
03-18,78.96,67.3,88.47,450
03-19,78.93,67.3,88.45,450
03-20,78.91,66.6,88.39,450
03-21,78.82,66.53,88.27,450
03-22,78.86,66.96,88.17,450
03-23,78.99,67.56,88.27,450
03-24,79.08,67.93,88.41,450
03-25,79.17,68.09,88.45,450
03-26,79.25,68.21,88.41,450
03-27,79.37,68.54,88.4,450
03-28,79.43,68.59,88.4,450
03-29,79.54,68.95,88.42,450
03-30,79.68,69.04,88.83,450
03-31,80.04,69.12,89.14,450
04-01,80.35,69.64,89.57,450
04-02,80.51,69.81,90.24,450
04-03,80.77,69.95,90.58,450
04-04,81.05,70.07,91.17,450
04-05,81.38,71.0,91.23,450
04-06,81.72,71.61,91.37,450
04-07,81.93,71.61,91.37,450
04-08,82.1,71.69,91.31,450
04-09,82.3,71.78,91.82,450
04-10,82.6,72.44,91.95,450
04-11,82.92,72.91,92.41,450
04-12,83.2,73.25,92.49,450
04-13,83.59,73.78,92.86,450
04-14,83.95,73.74,93.15,450
04-15,84.22,73.74,93.95,450
04-16,84.46,73.78,94.22,450
04-17,84.82,74.16,94.51,450
04-18,85.27,74.77,94.96,450
04-19,85.7,74.87,95.6,450
04-20,86.17,75.93,95.98,450
04-21,86.52,76.01,96.3,450
04-22,86.79,76.01,96.57,450
04-23,87.1,76.39,96.72,450
04-24,87.43,76.6,97.02,450
04-25,87.74,77.27,97.14,450
04-26,88.06,77.94,97.18,450
04-27,88.46,77.96,97.31,450
04-28,88.72,78.2,97.59,450
04-29,88.84,78.3,97.73,450
04-30,88.92,78.21,98.05,450
05-01,89.1,78.47,98.24,450
05-02,89.28,78.54,98.65,450
05-03,89.47,78.65,99.09,450
05-04,89.7,78.84,99.16,450
05-05,89.9,79.53,99.17,450
05-06,90.18,79.88,99.52,450
05-07,90.58,80.27,99.82,450
05-08,90.99,80.35,100.11,450
05-09,91.29,80.54,100.37,450
05-10,91.62,80.93,100.77,450
05-11,91.88,80.98,100.96,450
05-12,92.06,81.02,100.96,450
05-13,92.27,81.16,101.05,450
05-14,92.58,81.86,101.17,450
05-15,92.78,82.71,101.43,450
05-16,92.88,83.19,101.61,450
05-17,93.06,83.4,101.76,450
05-18,93.23,83.86,101.76,450
05-19,93.34,84.06,101.7,450
05-20,93.55,84.38,101.86,450
05-21,93.79,84.45,102.18,450
05-22,93.99,84.6,102.63,450
05-23,94.27,84.68,103.01,450
05-24,94.69,85.44,103.34,450
05-25,95.13,85.81,103.82,450
05-26,95.56,86.61,104.4,450
05-27,95.98,87.19,105.04,450
05-28,96.39,87.47,105.33,450
05-29,96.78,87.78,105.5,450
05-30,97.26,88.52,105.74,450
05-31,97.73,88.81,106.06,450
06-01,98.15,89.5,106.09,450
06-02,98.54,90.72,106.28,450
06-03,98.96,91.6,106.33,450
06-04,99.23,91.9,106.39,450
06-05,99.44,92.07,106.39,450
06-06,99.7,92.24,106.39,450
06-07,99.95,92.24,106.64,450
06-08,100.13,92.24,106.9,450
06-09,100.24,92.2,107.17,450
06-10,100.42,92.24,107.4,450
06-11,100.69,92.55,107.69,450
06-12,100.99,92.68,107.71,450
06-13,101.35,93.17,107.99,450
06-14,101.74,93.76,108.14,450
06-15,102.16,94.63,108.52,450
06-16,102.57,95.2,108.75,450
06-17,103.01,96.44,109.11,450
06-18,103.44,97.15,109.62,450
06-19,103.85,97.56,109.71,450
06-20,104.26,98.13,109.99,450
06-21,104.65,99.15,110.24,450
06-22,104.98,99.81,110.48,450
06-23,105.22,100.24,110.57,450
06-24,105.5,100.37,110.61,450
06-25,105.75,100.56,110.76,450
06-26,105.8,100.66,110.65,450
06-27,105.77,100.73,110.61,450
06-28,105.76,100.66,110.58,450
06-29,105.77,100.73,110.55,450
06-30,105.85,100.78,110.6,450
07-01,105.91,100.88,110.62,450
07-02,105.87,100.85,110.6,450
07-03,105.83,100.88,110.58,450
07-04,105.75,100.68,110.55,450
07-05,105.71,100.68,110.6,450
07-06,105.62,100.68,110.55,450
07-07,105.51,100.5,110.52,450
07-08,105.47,100.27,110.64,450
07-09,105.44,100.08,110.73,450
07-10,105.33,99.95,110.61,450
07-11,105.33,100.01,110.61,450
07-12,105.34,100.11,110.65,450
07-13,105.29,100.1,110.6,450
07-14,105.25,100.01,110.58,450
07-15,105.15,99.87,110.5,450
07-16,105.04,99.72,110.56,450
07-17,104.99,99.64,110.73,450
07-18,104.97,99.54,110.85,450
07-19,105.01,99.64,110.64,450
07-20,105.0,99.64,110.57,450
07-21,104.97,99.54,110.66,450
07-22,104.9,99.54,110.7,450
07-23,104.82,99.53,110.51,450
07-24,104.69,99.39,110.38,450
07-25,104.57,99.14,110.42,450
07-26,104.49,98.95,110.37,450
07-27,104.5,98.86,110.41,450
07-28,104.52,98.78,110.65,450
07-29,104.54,98.76,110.68,450
07-30,104.51,98.8,110.65,450
07-31,104.51,98.8,110.56,450
08-01,104.48,98.64,110.42,450
08-02,104.38,98.36,110.41,450
08-03,104.27,98.1,110.42,450
08-04,104.17,98.03,110.38,450
08-05,104.11,97.99,110.38,450
08-06,104.14,97.99,110.38,450
08-07,104.19,98.32,110.37,450
08-08,104.17,98.55,110.33,450
08-09,104.21,98.59,110.24,450
08-10,104.21,98.65,109.97,450
08-11,104.11,98.65,109.58,450
08-12,103.99,98.61,109.54,450
08-13,103.94,98.65,109.32,450
08-14,103.91,98.79,109.16,450
08-15,103.8,98.65,108.98,450
08-16,103.71,98.6,108.87,450
08-17,103.67,98.6,108.97,450
08-18,103.58,98.51,108.78,450
08-19,103.44,98.2,108.72,450
08-20,103.37,98.11,108.65,450
08-21,103.32,98.11,108.75,450
08-22,103.19,98.1,108.78,450
08-23,103.11,97.84,108.75,450
08-24,103.05,97.43,108.75,450
08-25,102.94,97.19,108.78,450
08-26,102.87,96.93,108.73,450
08-27,102.83,96.48,108.71,450
08-28,102.67,96.02,108.73,450
08-29,102.55,95.88,108.73,450
08-30,102.51,95.9,108.71,450
08-31,102.39,95.9,108.57,450
09-01,102.21,95.74,108.23,450
09-02,101.94,95.18,108.08,450
09-03,101.69,94.26,107.94,450
09-04,101.41,93.85,107.5,450
09-05,101.15,93.85,107.12,450
09-06,100.95,94.03,106.65,450
09-07,100.71,93.58,106.22,450
09-08,100.42,93.58,106.0,450
09-09,100.13,93.56,105.78,450
09-10,99.83,93.47,105.52,450
09-11,99.57,93.19,105.36,450
09-12,99.32,92.76,104.91,450
09-13,99.04,92.68,104.54,450
09-14,98.74,92.41,104.45,450
09-15,98.41,92.07,104.39,450
09-16,98.09,91.6,104.31,450
09-17,97.99,91.47,104.31,450
09-18,97.91,91.33,104.1,450
09-19,97.78,90.28,103.96,450
09-20,97.56,89.76,103.65,450
09-21,97.41,89.53,103.46,450
09-22,97.29,89.25,103.34,450
09-23,97.18,88.89,103.23,450
09-24,96.96,88.53,103.04,450
09-25,96.69,88.06,102.96,450
09-26,96.36,87.87,102.82,450
09-27,96.02,87.39,102.69,450
09-28,95.56,86.75,102.44,450
09-29,95.06,86.27,102.3,450
09-30,94.63,85.64,102.17,450
10-01,94.28,85.17,101.94,450
10-02,93.87,84.42,101.68,450
10-03,93.37,84.03,101.15,450
10-04,92.86,83.41,101.02,450
10-05,92.35,83.01,100.64,450
10-06,91.81,81.91,100.0,450
10-07,91.32,81.5,99.61,450
10-08,90.83,80.83,99.0,450
10-09,90.41,80.51,98.39,450
10-10,89.96,79.96,97.67,450
10-11,89.55,79.2,97.57,450
10-12,89.24,79.05,97.37,450
10-13,89.02,78.63,97.07,450
10-14,88.71,78.54,96.94,450
10-15,88.44,78.07,96.78,450
10-16,88.18,78.01,96.68,450
10-17,87.85,77.68,96.1,450
10-18,87.52,77.58,95.91,450
10-19,87.06,76.74,95.71,450
10-20,86.58,76.4,95.39,450
10-21,86.03,75.84,94.69,450
10-22,85.5,75.01,94.23,450
10-23,84.9,73.96,93.74,450
10-24,84.38,73.81,93.5,450
10-25,83.99,73.43,93.02,450
10-26,83.6,72.94,92.72,450
10-27,83.14,72.47,92.52,450
10-28,82.65,72.14,91.43,450
10-29,82.3,71.98,91.27,450
10-30,81.95,71.86,90.83,450
10-31,81.52,71.6,90.65,450
11-01,81.11,71.28,90.02,450
11-02,80.69,70.14,89.52,450
11-03,80.3,69.05,89.26,450
11-04,79.86,68.86,88.92,450
11-05,79.49,68.69,88.42,450
11-06,79.06,68.44,88.04,450
11-07,78.74,68.2,87.54,450
11-08,78.39,67.92,87.25,450
11-09,77.97,67.22,87.0,450
11-10,77.52,66.8,86.87,450
11-11,77.16,66.58,86.46,450
11-12,76.9,66.58,85.44,450
11-13,76.59,66.58,84.87,450
11-14,76.18,65.83,84.61,450
11-15,75.72,65.63,84.19,450
11-16,75.26,65.61,83.97,450
11-17,74.85,65.14,83.82,450
11-18,74.5,65.1,83.61,450
11-19,74.19,64.66,83.26,450
11-20,73.79,64.2,83.19,450
11-21,73.34,63.56,82.89,450
11-22,72.75,62.2,82.57,450
11-23,72.3,61.27,81.96,450
11-24,71.92,61.06,81.74,450
11-25,71.5,60.93,81.18,450
11-26,71.08,60.93,80.59,450
11-27,70.52,60.71,79.17,450
11-28,70.05,60.48,78.74,450
11-29,69.62,60.09,78.2,450
11-30,69.31,59.82,77.66,450
12-01,68.97,59.63,77.23,450
12-02,68.71,59.5,76.94,450
12-03,68.44,59.27,76.57,450
12-04,68.22,59.23,76.29,450
12-05,68.04,59.04,76.23,450
12-06,67.89,58.96,76.22,450
12-07,67.82,58.96,76.07,450
12-08,67.58,58.92,75.73,450
12-09,67.3,58.56,75.62,450
12-10,67.03,58.27,75.61,450
12-11,66.75,58.12,75.45,450
12-12,66.57,58.12,75.25,450
12-13,66.35,58.04,74.92,450
12-14,66.15,58.04,74.52,450
12-15,65.84,57.95,74.19,450
12-16,65.54,57.92,73.6,450
12-17,65.21,57.79,73.19,450
12-18,64.93,57.45,72.66,450
12-19,64.63,57.31,72.26,450
12-20,64.38,57.16,71.86,450
12-21,64.14,56.79,71.55,450
12-22,64.02,56.49,71.45,450
12-23,64.0,56.5,71.45,450
12-24,63.93,56.61,71.05,450
12-25,63.92,56.46,71.27,450
12-26,63.98,56.13,71.48,450
12-27,64.02,55.87,71.69,450
12-28,64.06,55.75,71.79,450
12-29,64.12,55.8,71.94,450
12-30,64.19,55.92,72.1,450
12-31,64.36,55.87,72.31,450
