item_id,thread_id,kind,city,week,set,created_utc,include_hit,matched_terms,hover_text,full_text,n_chars
ie3gkzw,vkqdbz,comment,fairbanks,2022-06-27,event_9,2022-06-28 19:48,1,smoke; air quality; the air*,"We went through pretty much the same thing in the 2020 and 2021 Fire seasons here in Fresno, California. Dense Smoke all around to the point where the air quality was above 300 and we couldn't even go outside without having side effects.","We went through pretty much the same thing in the 2020 and 2021 Fire seasons here in Fresno, California. Dense Smoke all around to the point where the air quality was above 300 and we couldn't even go outside without having side effects.",237
ie9hyd4,vkqdbz,comment,fairbanks,2022-06-27,event_9,2022-06-30 01:29,1,smoke,"Ah yes that natural smoke from burning plants, as opposed to that devilish, UNnatural smoke from…burning…plants","Ah yes that natural smoke from burning plants, as opposed to that devilish, UNnatural smoke from…burning…plants",111
vmwtzl,vmwtzl,post,fairbanks,2022-06-27,event_9,2022-06-28 20:21,1,air quality,Fairbanks Air Quality Today,Fairbanks Air Quality Today,27
ie3uq6o,vmwtzl,comment,fairbanks,2022-06-27,event_9,2022-06-28 21:22,1,smoke; purifier,Does anyone have any advice on dealing with the smoke when it gets this bad? Any air purifier? Or old tricks? …,Does anyone have any advice on dealing with the smoke when it gets this bad? Any air purifier? Or old tricks? I work at a daycare and the kids n staff are miserable and stuffy,175
ie3vvgk,vmwtzl,comment,fairbanks,2022-06-27,event_9,2022-06-28 21:31,1,air filter; n95; mask*,Air filters + ac unit inside. N95 or n99 mask outside,Air filters + ac unit inside. N95 or n99 mask outside,53
ie3vyfh,vmwtzl,comment,fairbanks,2022-06-27,event_9,2022-06-28 21:31,1,air filter,Furnace air filters on the back of box fans is an easy one. Close windows.,Furnace air filters on the back of box fans is an easy one. Close windows.,74
ie4j3im,vmwtzl,comment,fairbanks,2022-06-27,event_9,2022-06-29 00:26,1,smoke; aqi,"If you have not used Purple Air, it's a really cool website that pulls open source data from Purple Air brand AQI monitors from around town. I have found it to be the best means of tracking hyper local smoke conditions over the years. It's also great in winter too!","If you have not used Purple Air, it's a really cool website that pulls open source data from Purple Air brand AQI monitors from around town. I have found it to be the best means of tracking hyper local smoke conditions over the years. It's also great in winter too!",265
ie4z256,vmwtzl,comment,fairbanks,2022-06-27,event_9,2022-06-29 02:35,1,smoke; purifier; n95; mask*,"IQair air purifier -- their filters are really good vs. fine particles / smoke. And as others have said, N95, N99, etc. masks.","IQair air purifier -- their filters are really good vs. fine particles / smoke. And as others have said, N95, N99, etc. masks.",126
ie5agpw,vmwtzl,comment,fairbanks,2022-06-27,event_9,2022-06-29 04:18,1,smoke,"I got into the 490s around the chena pump area. I have minor taste or smell still, Covid in November, and I could taste the smoke. Brutal.","I got into the 490s around the chena pump area. I have minor taste or smell still, Covid in November, and I could taste the smoke. Brutal.",138
ie5d6cd,vmwtzl,comment,fairbanks,2022-06-27,event_9,2022-06-29 04:44,1,smoke,it was A LOT worse going toward fred’s and walmart. that area of town was a wall of smoke every which way you went. live on this side of town and it’s definitely way less smoke.,it was A LOT worse going toward fred’s and walmart. that area of town was a wall of smoke every which way you went. live on this side of town and it’s definitely way less smoke.,177
ie5jl2g,vmwtzl,comment,fairbanks,2022-06-27,event_9,2022-06-29 05:56,1,smoke,"It has only gotten worse. The smoke is thicker and the wind has died down sadly. Salcha, Ak","It has only gotten worse. The smoke is thicker and the wind has died down sadly. Salcha, Ak",91
ie5ki9v,vmwtzl,comment,fairbanks,2022-06-27,event_9,2022-06-29 06:07,1,smoke,About to walk through the Walmart parking lot like Smoke from R6 it was bad,About to walk through the Walmart parking lot like Smoke from R6 it was bad,75
ie5ndv7,vmwtzl,comment,fairbanks,2022-06-27,event_9,2022-06-29 06:42,1,smoke,I came out of Regal today and you could see the smoke in the HALLWAY. Inside.,I came out of Regal today and you could see the smoke in the HALLWAY. Inside.,77
vmz13z,vmz13z,post,fairbanks,2022-06-27,event_9,2022-06-28 21:56,1,aqi,From earlier on college…it’s almost at 400 AQI now. How bad is it in other parts of town?,From earlier on college…it’s almost at 400 AQI now. How bad is it in other parts of town?,89
ie5jaop,vmz13z,comment,fairbanks,2022-06-27,event_9,2022-06-29 05:52,1,smoke; mask*,"Meanwhile there are certain people about, looking distinctly smug carrying on with windows-down, leisurely outdoor activities, and looking at me like im a lunatic for wearing an n99 mask (which i bought specifically for wild fire smoke).","Meanwhile there are certain people about, looking distinctly smug carrying on with windows-down, leisurely outdoor activities, and looking at me like im a lunatic for wearing an n99 mask (which i bought specifically for wild fire smoke).",237
ie5jijf,vmz13z,comment,fairbanks,2022-06-27,event_9,2022-06-29 05:55,0,mask*,Where'd you get the n99 mask?,Where'd you get the n99 mask?,29
ie6q58z,vmz13z,comment,fairbanks,2022-06-27,event_9,2022-06-29 14:02,0,mask*; the air*,Doubtful...You probably just have lingering insecurities over your in-group associations with masks Hope the air clears,Doubtful...You probably just have lingering insecurities over your in-group associations with masks Hope the air clears,119
ie70s2t,vmz13z,comment,fairbanks,2022-06-27,event_9,2022-06-29 15:16,0,mask*,… You think im unable to interpret the many openly condenscending looks I receive? You think Fairbanks thinks masks are just peachy? Edit: just read some of your posts and WOW.,..seriously? You think im unable to interpret the many openly condenscending looks I receive? You think Fairbanks thinks masks are just peachy? Edit: just read some of your posts and WOW.,187
ie5svq0,vn8j9x,comment,fairbanks,2022-06-27,event_9,2022-06-29 07:57,1,aqi,"It did for us by the university, AQI is back to yellow and below 100. Finally.","It did for us by the university, AQI is back to yellow and below 100. Finally.",78
ie5y52m,vn8j9x,comment,fairbanks,2022-06-27,event_9,2022-06-29 09:12,1,smoke,… Wife's RA is nuclear. Smoke has her immune system in hyperdrive. Later.,"Heh. Yeah. Fuck it. We're out. RV loaded with food, and we're going to hunker down in Glenallen for a week. Wife's RA is nuclear. Smoke has her immune system in hyperdrive. Later.",179
ie6lncg,vn8j9x,comment,fairbanks,2022-06-27,event_9,2022-06-29 13:27,1,air filter,Yeah me too. I'm mad as hell about the amount of indoor time next to my air filter.,Yeah me too. I'm mad as hell about the amount of indoor time next to my air filter.,83
ie8ucgt,vn8j9x,comment,fairbanks,2022-06-27,event_9,2022-06-29 22:30,1,smoke,"In old timer’s voice: This is nuthin. You shoulda seen it back in aught5, aught6 maybe- now that was some real smoke.","In old timer’s voice: This is nuthin. You shoulda seen it back in aught5, aught6 maybe- now that was some real smoke.",117
ieaaosi,vn8j9x,comment,fairbanks,2022-06-27,event_9,2022-06-30 05:53,1,smoke,I’m heading up towards eagle summit for hiking for my 4 day weekend starting tomorrow to get out of smoke.,I’m heading up towards eagle summit for hiking for my 4 day weekend starting tomorrow to get out of smoke.,106
vnsunv,vnsunv,post,fairbanks,2022-06-27,event_9,2022-06-29 22:58,1,smoke; smoky,"Does anyone know if it's smokey in Denali Park? I know there are smoke maps out there but my phone hasn't figured them out. Also someone should make a mosquito density map, and an equation that combines bugs and smoke and tells me where to go camping","Does anyone know if it's smokey in Denali Park? I know there are smoke maps out there but my phone hasn't figured them out. Also someone should make a mosquito density map, and an equation that combines bugs and smoke and tells me where to go camping",250
ie9a09b,vnsunv,comment,fairbanks,2022-06-27,event_9,2022-06-30 00:27,1,smoke,airnow.gov has a smoke map for the state/country. Generally clear on the Southside of the AK range according to FAA weather cams over the past two days.,airnow.gov has a smoke map for the state/country. Generally clear on the Southside of the AK range according to FAA weather cams over the past two days.,152
ie9cscv,vnsunv,comment,fairbanks,2022-06-27,event_9,2022-06-30 00:49,1,smoky,Smoky as hell around Anchorage / Wasilla,Smoky as hell around Anchorage / Wasilla,40
ie9csz9,vnsunv,comment,fairbanks,2022-06-27,event_9,2022-06-30 00:49,1,smoky,"Yes, it’s very smoky up here now. Hoping the winds change soon 🤞","Yes, it’s very smoky up here now. Hoping the winds change soon 🤞",64
ie9f67w,vnsunv,comment,fairbanks,2022-06-27,event_9,2022-06-30 01:07,1,smoky,Flew from Prudhoe to ANC to Fbx today and pretty much everything south of the brooks range is smoky,Flew from Prudhoe to ANC to Fbx today and pretty much everything south of the brooks range is smoky,99
ie9ssix,vnsunv,comment,fairbanks,2022-06-27,event_9,2022-06-30 02:56,1,smoke,If you know there are smoke forecast maps why ask this? The maps are decently accurate. There are fires burning in the area (Anderson). Up the Steese looks most smoke free this weekend and thus why I’m going that way tomorrow for my 4 day weekend.,If you know there are smoke forecast maps why ask this? The maps are decently accurate. There are fires burning in the area (Anderson). Up the Steese looks most smoke free this weekend and thus why I’m going that way tomorrow for my 4 day weekend.,247
ie9xb63,vnsunv,comment,fairbanks,2022-06-27,event_9,2022-06-30 03:36,1,smoky,I was at prindle all yesterday and it was smoky as hell,I was at prindle all yesterday and it was smoky as hell,55
ie9y9pz,vnsunv,comment,fairbanks,2022-06-27,event_9,2022-06-30 03:45,1,smoke; smoky,Damn I was gonna go up mt Prindle. Higher elevation Smokey? less Smokey or same as Fairbanks? Closer to central seems out of smoke map mostly.,Damn I was gonna go up mt Prindle. Higher elevation Smokey? less Smokey or same as Fairbanks? Closer to central seems out of smoke map mostly.,142
iea1csq,vnsunv,comment,fairbanks,2022-06-27,event_9,2022-06-30 04:13,1,smoky; asthma*,"The higher elevation was less smokey, but not by much. But honestly it didn’t feel bad enough to effect my breathing at all despite having asthma, so I say go for it if you’re really inclined","The higher elevation was less smokey, but not by much. But honestly it didn’t feel bad enough to effect my breathing at all despite having asthma, so I say go for it if you’re really inclined",191
iea1ok3,vnsunv,comment,fairbanks,2022-06-27,event_9,2022-06-30 04:16,1,smoke; air quality,I was hopeful prindle was close enough to central to be out of smoke. Studying map closer not really. … Should be less there. Central area is gonna have best air quality of most of interior this weekend seems to me.,"I was hopeful prindle was close enough to central to be out of smoke. Studying map closer not really. Will push a bit more driving wise, go up higher to eagle summit wayside and up mastodon. Should be less there. Central area is gonna have best air quality of most of interior this weekend seems to me.",302
ieaey2g,vnsunv,comment,fairbanks,2022-06-27,event_9,2022-06-30 06:45,1,aqi,"Check out Purple Air, there are monitors all around the state that have real-time AQI numbers. Last I checked there are a few devices near Denali. …","Check out Purple Air, there are monitors all around the state that have real-time AQI numbers. Last I checked there are a few devices near Denali. Happy camping!",161
iecqr6w,vnsunv,comment,fairbanks,2022-06-27,event_9,2022-06-30 18:57,1,smoke,I second the UAF smoke maps! They’ve been pretty spot on the last few days. …,"I second the UAF smoke maps! They’ve been pretty spot on the last few days. I also like to look at the FAA webcams for a snapshot of visibility. The park usually has a few cameras running too, at least in the front part near the entrance this year. A mosquito density map! I love it 😂 That being said, I’m always surprised how variable they can be even in a small area. Like, “Ok, I can do this” to full on panic and hyperventilation and choking on wads of them at once. We need a real-time, public-generated heat map of mosquitoes.",532
iedpnj7,vnsunv,comment,fairbanks,2022-06-27,event_9,2022-06-30 22:48,1,smoky,"I was there on Monday and it was smokey, but not as smokey as Fairbanks. As mentioned by others, the mosquitos and no-see-ums are the real problem. …","I was there on Monday and it was smokey, but not as smokey as Fairbanks. As mentioned by others, the mosquitos and no-see-ums are the real problem. I got eaten alive.",166
