type,featured_by_rule,worse_air_city,other_city,pm25_worse,pm25_other,pm25_gap_pct,ratio_worse,ratio_other,ratio_gap,median_days_worse,median_days_other,pos_predicts,neg_predicts,rise_worse,rise_other,bigger_rise,outcome
matched,1,fairbanks,detroit,91.8,91.78,0.0,17.39,7.44,2.34,8,2,fairbanks reacts more,about the same,27.065,26.432,fairbanks,as Pos predicts
matched,0,bakersfield,indianapolis,55.47,55.09,0.7,2.94,4.42,1.5,12,1,indianapolis reacts more,about the same,4.809,9.529,indianapolis,as Pos predicts
matched,0,fresno,pittsburgh,61.16,59.21,3.2,5.95,5.27,1.13,8,0,fresno reacts more,about the same,12.365,14.806,pittsburgh,against Pos
crossed,1,bakersfield,sanjose,55.47,36.34,34.5,2.94,5.01,1.7,12,0,sanjose reacts more,bakersfield reacts more,4.809,27.326,sanjose,as Pos predicts
crossed,0,indianapolis,sanjose,55.09,36.34,34.0,4.42,5.01,1.13,1,0,sanjose reacts more,indianapolis reacts more,9.529,27.326,sanjose,as Pos predicts
crossed,0,fresno,seattle,61.16,51.46,15.9,5.95,7.21,1.21,8,1,seattle reacts more,fresno reacts more,12.365,29.128,seattle,as Pos predicts
crossed,0,pittsburgh,seattle,59.21,51.46,13.1,5.27,7.21,1.37,0,1,seattle reacts more,pittsburgh reacts more,14.806,29.128,seattle,as Pos predicts
crossed,0,bakersfield,seattle,55.47,51.46,7.2,2.94,7.21,2.45,12,1,seattle reacts more,bakersfield reacts more,4.809,29.128,seattle,as Pos predicts
crossed,0,indianapolis,seattle,55.09,51.46,6.6,4.42,7.21,1.63,1,1,seattle reacts more,indianapolis reacts more,9.529,29.128,seattle,as Pos predicts
