city_slug,average,days_with_data,share_of_study_days,first_day,last_day,sites_used
annarbor,reference,3043,0.7892,2016-03-12,2026-09-25,1
annarbor,low-cost,752,0.195,2024-06-25,2026-09-25,14
annarbor,overall,3049,0.7907,2016-03-12,2026-09-25,15
bakersfield,reference,2949,0.7648,2016-03-12,2026-09-25,3
bakersfield,low-cost,176,0.0456,2025-09-30,2026-09-25,2
bakersfield,overall,2954,0.7661,2016-03-12,2026-09-25,5
boston,reference,2656,0.6888,2016-03-12,2026-09-25,5
boston,low-cost,922,0.2391,2023-07-18,2026-09-25,10
boston,overall,2663,0.6906,2016-03-12,2026-09-25,15
brownsville,reference,1147,0.2975,2016-03-12,2026-09-24,2
brownsville,low-cost,12,0.0031,2026-09-12,2026-09-25,10
brownsville,overall,1150,0.2982,2016-03-12,2026-09-25,12
delano,reference,0,0.0,,,0
delano,low-cost,502,0.1302,2025-04-17,2026-09-25,12
delano,overall,502,0.1302,2025-04-17,2026-09-25,12
detroit,reference,3042,0.7889,2016-03-12,2026-09-25,8
detroit,low-cost,440,0.1141,2025-07-10,2026-09-25,28
detroit,overall,3043,0.7892,2016-03-12,2026-09-25,36
eugene,reference,3203,0.8307,2016-03-12,2026-09-25,3
eugene,low-cost,0,0.0,,,0
eugene,overall,3203,0.8307,2016-03-12,2026-09-25,3
fairbanks,reference,2907,0.7539,2016-03-15,2026-09-25,2
fairbanks,low-cost,0,0.0,,,0
fairbanks,overall,2907,0.7539,2016-03-15,2026-09-25,2
fresno,reference,3009,0.7803,2016-03-12,2026-09-25,3
fresno,low-cost,824,0.2137,2024-05-07,2026-09-25,4
fresno,overall,3016,0.7822,2016-03-12,2026-09-25,7
losangeles,reference,3031,0.786,2016-03-12,2026-09-25,7
losangeles,low-cost,1586,0.4113,2022-01-21,2026-09-25,241
losangeles,overall,3051,0.7912,2016-03-12,2026-09-25,248
phoenix,reference,3070,0.7962,2016-03-12,2026-09-25,7
phoenix,low-cost,911,0.2363,2024-02-17,2026-09-25,20
phoenix,overall,3076,0.7977,2016-03-12,2026-09-25,27
raymondville,reference,0,0.0,,,0
raymondville,low-cost,0,0.0,,,0
raymondville,overall,0,0.0,,,0
sandiego,reference,2428,0.6297,2016-03-12,2026-09-25,9
sandiego,low-cost,859,0.2228,2024-04-26,2026-09-25,21
sandiego,overall,2429,0.6299,2016-03-12,2026-09-25,30
sanfrancisco,reference,2729,0.7077,2016-03-30,2026-09-25,1
sanfrancisco,low-cost,1649,0.4276,2021-10-30,2026-09-25,61
sanfrancisco,overall,2947,0.7643,2016-03-30,2026-09-25,62
springfield,reference,2926,0.7588,2016-03-12,2026-09-25,2
springfield,low-cost,0,0.0,,,0
springfield,overall,2926,0.7588,2016-03-12,2026-09-25,2
warren,reference,0,0.0,,,0
warren,low-cost,924,0.2396,2023-12-21,2026-09-25,4
warren,overall,924,0.2396,2023-12-21,2026-09-25,4
